student_i,student_j,college_i,college_j,marks_i,marks_j,marks_diff,outcome_diff,weight
23435,12836,506302_bpc,506201_mpc,27.75,13.25,14.5,-10.0,0.8548303992988472
2733,10016,507602_bpc,508101_mpc,32.5,26.75,5.75,-1.0,0.722352005275088
33292,32508,505702_bpc,506002_bpc,25.0,14.25,10.75,-7.0,0.9472527477985114
7408,16059,512702_bpc,511701_mpc,38.75,33.75,5.0,5.0,0.7264132642326232
6957,22323,505501_mpc,505801_mpc,77.25,75.0,2.25,18.0,0.9745490084349312
3327,6514,509402_bpc,509302_bpc,72.0,65.25,6.75,3.0,0.9811695148165116
8761,32622,509104_cec,509501_mpc,21.25,20.25,1.0,10.0,0.8811532473977807
23314,2384,505802_bpc,505601_mpc,38.5,35.25,3.25,19.0,0.7314167329297024
22997,24806,513503_mec,513704_cec,17.5,11.5,6.0,40.0,0.9343444873559988
2958,7482,503201_mpc,503101_mpc,61.25,56.0,5.25,-11.0,0.918066202217589
8068,14656,504504_cec,504201_mpc,23.75,11.5,12.25,6.0,0.905292877560768
3456,1258,505701_mpc,505401_mpc,32.75,37.5,-4.75,-24.0,0.7754209833482206
24764,16037,514002_bpc,513602_bpc,13.75,10.5,3.25,-9.0,0.9653569192326359
11556,7534,501502_bpc,501602_bpc,37.75,41.75,-4.0,0.0,0.9222960660865174
14832,26567,507402_bpc,507501_mpc,62.75,88.75,-26.0,-1.0,0.8941307521452426
23861,24830,511304_cec,512104_cec,10.0,17.5,-7.5,-3.0,0.9389081961868497
27597,26158,504904_cec,504504_cec,28.75,33.75,-5.0,24.442871,0.7617812186682454
13914,5468,506502_bpc,506602_bpc,45.0,43.0,2.0,-4.0,0.8073719714501166
14320,34096,511402_bpc,511202_bpc,33.75,32.75,1.0,35.0,0.7935086808316965
2745,17479,503101_mpc,503202_bpc,25.5,15.0,10.5,-18.0,0.8470308186635049
3169,5737,502702_bpc,502802_bpc,24.0,32.5,-8.5,1.0,0.8695864297309718
21216,28437,512202_bpc,512802_bpc,16.25,6.5,9.75,23.0,0.8435223919037365
10784,5166,504001_mpc,504202_bpc,28.75,25.0,3.75,-5.0,0.8001837091849787
15883,28268,507302_bpc,506404_cec,9.0,1.0,8.0,-50.0,0.9636830799211992
22692,36507,514202_bpc,513704_cec,19.5,4.0,15.5,44.0,0.9160977056255584
30300,6492,506702_bpc,502505_hec,8.75,4.5,4.25,25.0,0.8866369515313213
18830,5196,509002_bpc,508401_mpc,26.0,28.0,-2.0,-5.0,0.8285971329492114
7907,16323,511201_mpc,511202_bpc,28.75,22.75,6.0,41.0,0.8847906783282328
18781,8236,514902_bpc,514602_bpc,45.25,37.5,7.75,7.0,0.8434510001945287
4081,4155,507602_bpc,507402_bpc,29.5,23.75,5.75,-6.0,0.9329524596356441
18633,22017,507202_bpc,507002_bpc,33.5,31.0,2.5,-6.0,0.9667078326211671
21900,23280,504001_mpc,503904_cec,35.5,31.5,4.0,-26.0,0.6398995889849346
5303,36499,508301_mpc,512104_cec,15.25,1.5,13.75,13.0,0.8871246232284125
23287,34909,508801_mpc,509301_mpc,32.75,32.5,0.25,1.0,0.80409126717678
18091,30871,511902_bpc,510102_bpc,47.5,50.0,-2.5,1.0,0.906639948989597
4773,1160,512201_mpc,511401_mpc,64.25,105.0,-40.75,-6.0,0.9050762520907598
293,15511,508402_bpc,509502_bpc,31.25,30.0,1.25,11.442871,0.8179955510066806
4658,16882,514502_bpc,514402_bpc,31.5,20.0,11.5,-16.0,0.8351935581195262
10417,21614,504702_bpc,504701_mpc,38.0,28.75,9.25,13.0,0.6619124844420105
3812,37212,506903_mec,507001_mpc,34.25,40.0,-5.75,-25.0,0.6254101246118955
22387,11392,502701_mpc,502504_cec,33.75,26.5,7.25,1.0,0.8353596484269564
6587,75,514501_mpc,514302_bpc,47.5,75.5,-28.0,-6.0,0.7515105931406741
37802,37149,506601_mpc,506404_cec,29.0,21.25,7.75,5.442871,0.8379785608805198
5920,5683,511201_mpc,511604_cec,28.75,34.5,-5.75,31.0,0.831743973441032
34677,20581,505802_bpc,505602_bpc,77.25,63.75,13.5,9.0,0.9667546913791906
5144,3772,507701_mpc,507801_mpc,24.0,14.75,9.25,-4.0,0.9580507414074693
21101,2821,513503_mec,514202_bpc,26.5,8.75,17.75,-2.0,0.8120123427024774
20033,25715,506702_bpc,507202_bpc,35.0,28.0,7.0,16.0,0.7605139397964896
5215,12412,514802_bpc,514701_mpc,44.75,48.25,-3.5,2.0,0.9058589542584995
13323,37634,508102_bpc,507702_bpc,31.25,26.25,5.0,10.0,0.852007655929997
5906,13191,508701_mpc,508702_bpc,43.75,41.75,2.0,-9.0,0.8100391895190356
17085,29302,513602_bpc,514202_bpc,46.75,41.5,5.25,-2.557129,0.9153878547453302
17557,32103,502101_mpc,502201_mpc,48.25,41.25,7.0,33.0,0.9052943400473836
20255,15344,502801_mpc,502004_cec,24.75,17.0,7.75,-15.0,0.8767672095832724
2788,3744,508701_mpc,509201_mpc,47.75,47.5,0.25,6.0,0.9326232802857922
1683,18213,501602_bpc,502202_bpc,40.0,47.5,-7.5,-14.0,0.706785397122197
4669,1171,507501_mpc,507601_mpc,30.25,17.5,12.75,-8.0,0.8086676044340528
2638,3872,508702_bpc,508302_bpc,31.5,33.75,-2.25,5.0,0.9672391667692674
2897,4806,509402_bpc,508702_bpc,22.75,22.75,0.0,-2.0,0.9016248758185839
2765,7386,503802_bpc,503101_mpc,52.5,63.0,-10.5,10.0,0.8461973903530781
10349,14308,508201_mpc,507401_mpc,68.5,90.25,-21.75,-4.0,0.9778190070708961
16989,23668,512201_mpc,512202_bpc,42.25,44.5,-2.25,15.0,0.7180767876961385
16413,10039,514501_mpc,514301_mpc,14.75,11.5,3.25,-6.0,0.9481629576229866
36786,25990,514402_bpc,512801_mpc,71.25,97.5,-26.25,-11.0,0.9172470372694568
19344,3731,501903_mec,502101_mpc,35.5,37.75,-2.25,-6.0,0.8029934965002494
17059,21715,506903_mec,506701_mpc,22.5,26.75,-4.25,-19.0,0.806685629153516
37005,23779,514201_mpc,513504_cec,18.75,6.25,12.5,18.0,0.9165397732796375
3329,5115,508101_mpc,508001_mpc,44.5,51.25,-6.75,5.0,0.8042639017852224
38788,25990,514001_mpc,512801_mpc,58.75,97.5,-38.75,3.0,0.8620246868398316
5272,17810,507202_bpc,506404_cec,27.5,20.0,7.5,-3.0,0.9038673945536887
5182,21957,507201_mpc,507301_mpc,22.5,23.0,-0.5,23.0,0.8997001919226701
3917,29858,509104_cec,508904_cec,21.25,11.5,9.75,-10.557129,0.8146274997968059
5204,4221,508702_bpc,508302_bpc,47.25,47.5,-0.25,-13.0,0.9284522514645516
38201,5351,505802_bpc,505902_bpc,33.25,38.75,-5.5,-18.442871,0.874671783469528
19896,25469,512601_mpc,512502_bpc,40.5,46.25,-5.75,8.0,0.8167629101017214
24151,21169,514802_bpc,514602_bpc,18.75,27.75,-9.0,5.0,0.9255413708316427
14824,16109,506702_bpc,506502_bpc,39.5,48.0,-8.5,0.0,0.7855082939332798
17358,5740,507501_mpc,501601_mpc,48.75,75.75,-27.0,-7.0,0.7116741381563771
11035,14664,508102_bpc,508202_bpc,22.75,23.75,-1.0,-7.0,0.9488681585447504
24524,15625,502102_bpc,501602_bpc,42.5,42.0,0.5,13.0,0.9719425365083718
20377,24463,510102_bpc,512402_bpc,31.5,19.0,12.5,2.0,0.8168367504377676
9508,17177,506801_mpc,506702_bpc,42.5,57.25,-14.75,1.0,0.5997521787444268
12818,38949,506601_mpc,507001_mpc,57.5,50.75,6.75,30.0,0.903069840864224
3625,7286,509202_bpc,509302_bpc,63.5,54.75,8.75,-5.0,0.9462222669416488
16886,25122,501904_cec,501602_bpc,26.25,22.5,3.75,-1.0,0.9025534130308854
25906,14059,510101_mpc,501601_mpc,70.0,105.25,-35.25,-10.0,0.9219968927766398
38585,13384,511201_mpc,514301_mpc,66.0,97.75,-31.75,12.0,0.9038906592043141
9668,16728,505101_mpc,505602_bpc,21.25,24.0,-2.75,-5.0,0.9114857953544551
15099,22040,504903_mec,504504_cec,22.5,23.75,-1.25,16.0,0.9251354177319335
18597,4056,503301_mpc,503201_mpc,63.5,66.25,-2.75,-6.0,0.9439297373784071
38315,39003,512104_cec,513904_cec,10.0,11.25,-1.25,-5.0,0.967447193641863
4099,6967,507802_bpc,508102_bpc,15.0,9.25,5.75,25.0,0.9372372830678978
2752,13228,514501_mpc,505301_mpc,86.25,94.0,-7.75,-6.0,0.9485850238559231
14014,37300,505601_mpc,505901_mpc,36.25,31.25,5.0,15.0,0.7129869174235663
38581,15001,505502_bpc,505501_mpc,34.25,37.0,-2.75,-4.0,0.8511002223359039
3719,12803,509301_mpc,506201_mpc,39.5,43.75,-4.25,17.0,0.7555685836736444
19068,19988,506404_cec,503905_hec,17.75,7.75,10.0,21.0,0.8967979930578011
2959,8566,506001_mpc,505801_mpc,30.5,22.0,8.5,-8.0,0.9051915954324212
16661,25592,511402_bpc,511603_mec,19.0,23.0,-4.0,-3.0,0.891530697722455
5145,20379,512502_bpc,511902_bpc,17.5,-2.5,20.0,50.0,0.8177035188594376
19308,18397,509402_bpc,508502_bpc,37.75,42.0,-4.25,-7.0,0.7991424685715922
7940,34630,503801_mpc,504201_mpc,43.75,53.75,-10.0,2.0,0.7499805163945317
16283,4245,503002_bpc,502702_bpc,35.25,43.75,-8.5,-12.0,0.7658892829257136
15344,2241,502004_cec,502701_mpc,17.0,18.75,-1.75,14.0,0.9258366511997677
30387,32498,505301_mpc,505801_mpc,36.5,33.5,3.0,26.0,0.7539675625789317
4320,5640,504002_bpc,503102_bpc,25.5,28.75,-3.25,-25.0,0.9245019889549886
7875,25198,513103_mec,512901_mpc,15.0,25.75,-10.75,-18.0,0.8860217534913607
19307,6720,505502_bpc,505102_bpc,45.25,44.25,1.0,25.0,0.9051279092903418
13634,5131,508702_bpc,509201_mpc,35.75,32.5,3.25,2.0,0.8685713318071823
12299,4459,513201_mpc,513202_bpc,38.0,44.5,-6.5,-7.0,0.6928678119927516
1171,2432,507601_mpc,507801_mpc,17.5,8.0,9.5,-5.0,0.9637647078750445
15473,26995,505302_bpc,505702_bpc,25.75,26.25,-0.5,21.0,0.9226259989551876
20471,2558,505802_bpc,505101_mpc,51.0,52.5,-1.5,2.0,0.9288548900839556
17220,8051,504702_bpc,504504_cec,34.0,27.5,6.5,33.0,0.7884562645080128
12711,12040,509302_bpc,509502_bpc,40.75,44.25,-3.5,17.0,0.9077600260577728
7386,16828,503101_mpc,504201_mpc,63.0,71.25,-8.25,-6.0,0.9507996809443339
21247,36186,506102_bpc,506302_bpc,50.75,57.5,-6.75,-3.0,0.9347563810227411
19736,19418,505702_bpc,505302_bpc,46.25,49.0,-2.75,-9.0,0.9035450140733007
12724,26223,513904_cec,513601_mpc,8.0,9.0,-1.0,17.0,0.9618422556656416
38262,32521,504702_bpc,504402_bpc,60.0,54.25,5.75,-1.0,0.9813714381638353
10471,9868,509104_cec,504202_bpc,17.0,16.5,0.5,-8.0,0.8558618810654206
14513,5766,507802_bpc,507602_bpc,27.5,26.0,1.5,10.0,0.9190684938774436
7203,11640,514301_mpc,513201_mpc,56.25,95.5,-39.25,-1.0,0.8426028786845297
22923,9156,511201_mpc,511304_cec,7.25,13.75,-6.5,38.0,0.9597383108605518
4640,4409,503904_cec,503101_mpc,20.0,26.25,-6.25,-17.0,0.8232504911368209
14353,3255,506501_mpc,506801_mpc,42.5,60.0,-17.5,7.0,0.781531312503009
33665,111,513704_cec,511202_bpc,5.5,4.25,1.25,-33.0,0.9500159381966956
14613,18232,508501_mpc,509301_mpc,28.75,30.0,-1.25,-22.0,0.8431265217900371
3546,4495,502702_bpc,503002_bpc,25.0,26.25,-1.25,16.442871,0.9591661415946314
13545,34483,512901_mpc,501601_mpc,102.5,101.25,1.25,-14.0,0.9657512246268427
12289,14000,501903_mec,501502_bpc,30.25,30.75,-0.5,1.0,0.9087762544614081
21416,21298,506702_bpc,506404_cec,19.75,17.75,2.0,-4.0,0.9427415823659833
19607,15873,501502_bpc,502202_bpc,38.75,41.25,-2.5,-1.0,0.8280933194393764
1852,5936,508201_mpc,507501_mpc,29.75,23.75,6.0,-23.0,0.8544152821386691
28425,7290,513903_mec,513904_cec,12.5,11.25,1.25,10.0,0.9114990550212282
8065,14987,503002_bpc,503001_mpc,27.5,8.25,19.25,30.0,0.7414477264828385
33730,28139,501802_bpc,502102_bpc,67.5,58.75,8.75,7.0,0.9752001926743687
38676,7811,513104_cec,513103_mec,31.75,26.25,5.5,40.0,0.5689939008682593
18448,21691,503904_cec,507301_mpc,26.5,28.25,-1.75,-19.0,0.8278990422105773
9670,27182,513104_cec,512902_bpc,11.25,21.25,-10.0,-14.0,0.9468795597304779
2755,12891,507401_mpc,507601_mpc,31.25,33.75,-2.5,37.0,0.9623185493789274
11898,8719,508501_mpc,508701_mpc,27.5,14.25,13.25,-39.0,0.8623984874960137
26117,11211,513404_cec,513104_cec,26.5,22.0,4.5,-44.0,0.8362459367457494
21298,11112,506404_cec,503001_mpc,17.75,15.5,2.25,38.0,0.9210706646105496
16464,34723,511701_mpc,514402_bpc,32.5,25.0,7.5,7.0,0.5161322834652763
2937,12755,506602_bpc,506302_bpc,35.75,24.25,11.5,20.0,0.7426319333889481
11310,28192,511902_bpc,512202_bpc,51.5,57.5,-6.0,-1.0,0.8432321622641901
6445,21638,515002_bpc,508502_bpc,31.25,31.5,-0.25,20.0,0.7739593582165798
11159,27098,505402_bpc,503302_bpc,5.0,18.75,-13.75,33.0,0.9547028451288597
31761,7438,506302_bpc,505501_mpc,3.75,10.0,-6.25,3.0,0.9460768250726042
6227,22826,502005_hec,502202_bpc,38.25,40.0,-1.75,-11.442871,0.8528302694213503
9995,1183,507001_mpc,507201_mpc,32.5,22.75,9.75,13.0,0.7958170353860479
28239,30085,514702_bpc,514802_bpc,33.75,26.25,7.5,24.0,0.8304909946192806
22792,30308,514001_mpc,514202_bpc,41.0,44.25,-3.25,-16.0,0.640500848507531
8811,31420,501502_bpc,501801_mpc,30.0,30.75,-0.75,5.0,0.836784040274101
211,14493,505801_mpc,505401_mpc,43.5,55.0,-11.5,-10.0,0.8380901336371935
8424,19698,508701_mpc,508301_mpc,36.5,36.25,0.25,17.0,0.5154659830930063
16964,22040,504903_mec,504504_cec,20.0,23.75,-3.75,27.0,0.9380693206466689
10183,1313,503302_bpc,501601_mpc,72.75,96.25,-23.5,-8.0,0.919462775035313
28871,7769,511402_bpc,514602_bpc,51.5,46.25,5.25,5.0,0.8051101229445707
320,966,508501_mpc,506601_mpc,22.5,10.25,12.25,-3.0,0.8614130272911272
4827,29463,514601_mpc,514702_bpc,32.25,32.5,-0.25,-1.0,0.9226059012938321
1890,5737,502702_bpc,502802_bpc,31.25,32.5,-1.25,-12.0,0.8562156904223628
3973,26679,501903_mec,501904_cec,11.25,16.25,-5.0,-5.0,0.8724571582209418
2270,12701,504504_cec,504401_mpc,16.25,23.75,-7.5,2.0,0.8244145589838308
26869,37642,512402_bpc,511901_mpc,41.0,36.25,4.75,-25.0,0.761471963695081
8749,34284,505402_bpc,506002_bpc,42.5,46.25,-3.75,-1.0,0.8922602665301562
18858,15280,502802_bpc,502504_cec,26.0,22.5,3.5,-13.0,0.9473263720467587
24729,1999,505902_bpc,505102_bpc,40.0,42.5,-2.5,-21.0,0.8544282629181436
31031,10612,505901_mpc,505601_mpc,46.75,46.25,0.5,-6.0,0.8163665603191839
23913,20131,511801_mpc,514201_mpc,55.0,48.75,6.25,-3.0,0.9160901214386954
10148,27162,503002_bpc,502505_hec,19.5,22.5,-3.0,-36.0,0.9390255394089797
12731,18655,511801_mpc,513504_cec,17.5,13.75,3.75,-5.0,0.9378350846447023
13902,19865,508701_mpc,508301_mpc,63.75,60.5,3.25,-23.0,0.9760414633529527
1999,32617,505102_bpc,505802_bpc,42.5,41.5,1.0,2.0,0.8527127387970564
4344,3984,508101_mpc,507401_mpc,27.75,23.75,4.0,-2.0,0.9533480822645178
17193,10517,510102_bpc,512201_mpc,36.0,31.5,4.5,45.0,0.7764061633276238
24967,8044,514002_bpc,513903_mec,8.75,15.0,-6.25,-4.442871,0.9706441554156628
6970,12320,512502_bpc,512602_bpc,31.25,34.5,-3.25,-34.0,0.806148224645438
1423,14334,507502_bpc,506202_bpc,75.5,92.75,-17.25,12.0,0.9314588925693846
6355,8349,505902_bpc,505402_bpc,38.75,43.75,-5.0,-25.0,0.9215735969654508
21958,18844,502201_mpc,501801_mpc,53.75,52.5,1.25,4.0,0.9728352677770042
9078,34483,505701_mpc,501601_mpc,60.0,101.25,-41.25,-10.0,0.8637006614980997
16325,9613,509001_mpc,508401_mpc,32.5,36.25,-3.75,-7.0,0.6882577974709421
28940,7539,507402_bpc,503202_bpc,63.75,90.0,-26.25,0.0,0.8851662592629522
3010,17234,508102_bpc,507402_bpc,38.25,45.0,-6.75,5.0,0.8530018791785472
1183,21957,507201_mpc,507301_mpc,22.75,23.0,-0.25,21.0,0.8508387744215755
12064,7165,507501_mpc,508001_mpc,58.75,67.5,-8.75,12.0,0.9650217003715407
24019,13957,505301_mpc,505801_mpc,43.5,50.0,-6.5,-8.0,0.7748687807840797
29422,32202,513704_cec,512104_cec,17.5,15.0,2.5,10.0,0.9284225484404542
14195,12242,511402_bpc,511201_mpc,51.25,82.5,-31.25,-5.0,0.8439263613132002
35515,9748,509302_bpc,509002_bpc,22.5,11.25,11.25,7.0,0.9205839285413825
27196,13896,502504_cec,502801_mpc,38.5,35.0,3.5,-21.0,0.46572016360964436
5939,12136,505102_bpc,505101_mpc,33.75,30.25,3.5,-6.0,0.8933070307310927
29849,37149,507301_mpc,506404_cec,19.25,21.25,-2.0,-10.557129,0.9275652591786135
32395,28292,511702_bpc,513403_mec,36.25,36.5,-0.25,-16.0,0.6680743974469209
3802,7453,507002_bpc,506802_bpc,69.5,67.25,2.25,5.0,0.9514112105875278
12457,18940,507701_mpc,508101_mpc,23.75,25.75,-2.0,-16.0,0.9325907313424631
5565,29474,512401_mpc,510101_mpc,4.25,-2.5,6.75,-10.0,0.9850799797380868
111,23509,511202_bpc,513704_cec,4.25,3.75,0.5,13.0,0.9594424276275522
4616,30059,509105_hec,509104_cec,2.0,19.0,-17.0,-8.442871,0.9073392373957542
14646,29928,511202_bpc,511304_cec,30.0,28.75,1.25,18.0,0.7783304885354445
4599,20986,505102_bpc,505902_bpc,61.5,71.25,-9.75,2.0,0.9685507905321943
3617,8167,502801_mpc,502701_mpc,49.75,48.0,1.75,-1.0,0.8777517655443284
18835,35437,514002_bpc,513504_cec,23.0,17.5,5.5,1.4428711,0.939484705209306
9129,18829,514702_bpc,514601_mpc,40.0,38.75,1.25,3.0,0.8696806631126701
15003,19259,506802_bpc,506903_mec,21.25,22.25,-1.0,-5.0,0.8909612427481146
11205,18034,503602_bpc,503102_bpc,44.75,47.25,-2.5,3.0,0.8491491630313445
18235,4459,513201_mpc,513202_bpc,47.5,44.5,3.0,-16.0,0.8648102140316778
22869,23818,511401_mpc,511201_mpc,37.5,42.75,-5.25,23.0,0.7014968105257599
22722,3454,505901_mpc,505102_bpc,29.0,32.5,-3.5,-17.0,0.8635135357510835
2733,1710,507602_bpc,507702_bpc,32.5,22.5,10.0,14.0,0.6971802734824156
6105,4511,505502_bpc,505402_bpc,33.0,36.0,-3.0,11.557129,0.8296703561548122
14200,2222,505301_mpc,505701_mpc,44.75,39.25,5.5,3.0,0.8619482378871745
24091,9703,510101_mpc,512104_cec,31.25,25.25,6.0,3.0,0.8256646875340561
29162,7435,512801_mpc,513903_mec,43.5,41.75,1.75,-52.0,0.9005691465541752
6724,23497,503601_mpc,503904_cec,35.5,30.0,5.5,22.0,0.7379039964309381
14987,4751,503001_mpc,502505_hec,8.25,15.25,-7.0,-53.0,0.875675315351688
25721,5513,510101_mpc,512201_mpc,51.75,55.5,-3.75,2.0,0.9611318567040644
6724,4659,503601_mpc,503301_mpc,35.5,44.0,-8.5,-10.0,0.7217177415912428
21761,409,508401_mpc,515002_bpc,27.0,32.75,-5.75,-3.0,0.8717965438714814
5640,18590,503102_bpc,504001_mpc,28.75,20.0,8.75,9.0,0.8344875868439332
11158,6013,506904_cec,506903_mec,24.25,7.5,16.75,-26.0,0.8495731392039036
5866,6105,505902_bpc,505502_bpc,36.25,33.0,3.25,23.442871,0.81802587290403
2754,38582,505102_bpc,505302_bpc,43.25,43.5,-0.25,18.0,0.9159637881609186
28277,11741,507801_mpc,507501_mpc,33.75,31.25,2.5,-7.0,0.9158880158336391
28277,9509,507801_mpc,508001_mpc,33.75,36.5,-2.75,2.0,0.9286231268733297
26243,19678,505301_mpc,505701_mpc,40.0,48.75,-8.75,-10.442871,0.8110432468134129
21894,31194,511701_mpc,513504_cec,29.5,15.0,14.5,2.0,0.7843547667083861
21360,28905,505701_mpc,505802_bpc,61.5,59.0,2.5,10.0,0.910705394156595
24361,31214,514002_bpc,513601_mpc,31.25,23.75,7.5,-30.0,0.7652491390285396
6271,35036,509104_cec,508904_cec,27.75,25.25,2.5,28.0,0.9387476705103844
1163,35873,508501_mpc,508801_mpc,71.25,85.75,-14.5,5.0,0.9653769619356869
18878,14565,505102_bpc,505802_bpc,35.75,34.0,1.75,0.0,0.7892172079533246
14840,22489,513601_mpc,513903_mec,15.5,10.0,5.5,-4.0,0.951825611572122
25928,36548,514301_mpc,514402_bpc,33.0,30.0,3.0,7.0,0.7834037680946803
37802,16410,506601_mpc,506602_bpc,29.0,25.25,3.75,-8.0,0.8538973172887256
12029,5298,506001_mpc,505203_mec,18.0,25.75,-7.75,-43.0,0.9230490907253026
3130,928,506102_bpc,506302_bpc,54.5,59.75,-5.25,-4.0,0.8925119277204699
26980,21865,512801_mpc,512901_mpc,35.0,35.5,-0.5,-19.0,0.9591262351488656
5101,19557,506404_cec,506701_mpc,21.25,23.0,-1.75,7.0,0.9392234458517624
11339,6478,511702_bpc,511701_mpc,26.5,16.25,10.25,14.0,0.8819154135833375
32981,21821,507302_bpc,506702_bpc,32.5,31.25,1.25,-26.0,0.8667037696666849
4644,3288,505501_mpc,505601_mpc,46.0,60.0,-14.0,8.0,0.8413787626794588
8855,197,502505_hec,507201_mpc,6.75,16.75,-10.0,-30.0,0.933123635823476
30399,28041,502202_bpc,502102_bpc,50.0,62.0,-12.0,-6.0,0.9394424563450625
27800,24378,507601_mpc,507701_mpc,67.5,67.5,0.0,-5.0,0.9495330238553344
10362,21713,509001_mpc,515001_mpc,36.25,32.5,3.75,27.0,0.7103107323096282
7549,23702,505502_bpc,509501_mpc,13.75,9.25,4.5,29.0,0.9308116544930167
21614,8068,504701_mpc,504504_cec,28.75,23.75,5.0,-8.0,0.8528697220793275
19990,13014,506302_bpc,506202_bpc,48.75,50.25,-1.5,-1.0,0.9639350602063631
5001,18801,509105_hec,509401_mpc,18.0,16.25,1.75,3.0,0.9209669659132134
36563,14952,503101_mpc,503202_bpc,21.25,21.0,0.25,-31.0,0.8880597952347575
13602,3835,506404_cec,506904_cec,20.25,22.5,-2.25,13.0,0.9198779896598196
21608,34861,509201_mpc,515001_mpc,71.5,73.75,-2.25,-17.0,0.9615893212910368
16489,32571,506102_bpc,505702_bpc,24.75,25.0,-0.25,31.0,0.898679703291893
26731,1193,502004_cec,501601_mpc,26.25,19.75,6.5,26.0,0.7755370310795444
5194,17087,502701_mpc,503002_bpc,55.0,81.25,-26.25,10.0,0.8470357319491284
10785,10504,511303_mec,511304_cec,18.75,21.25,-2.5,22.0,0.9147888307070283
28291,16398,513103_mec,512801_mpc,72.25,61.25,11.0,8.0,0.9564679974146337
27164,14059,506904_cec,501601_mpc,52.25,105.25,-53.0,4.0,0.755532220824063
27816,22194,511802_bpc,511901_mpc,48.75,42.5,6.25,19.0,0.810684619316825
21729,11153,507302_bpc,507002_bpc,47.25,62.5,-15.25,0.0,0.8691411112025741
13989,6212,503602_bpc,503905_hec,25.0,22.75,2.25,-4.0,0.8474370208061468
29372,30137,506701_mpc,506702_bpc,11.75,18.75,-7.0,6.0,0.9323068822976829
29259,960,502701_mpc,503001_mpc,53.75,46.75,7.0,19.0,0.9383613767731838
22299,26331,513403_mec,513202_bpc,40.5,68.75,-28.25,-24.0,0.5474466402172239
24498,22939,512104_cec,511304_cec,31.0,26.75,4.25,-22.0,0.777802136813545
30619,25592,511202_bpc,511603_mec,28.75,23.0,5.75,5.0,0.8317702456470583
20090,15299,509201_mpc,508501_mpc,26.25,16.5,9.75,-47.0,0.934649056667676
10280,22510,501903_mec,501904_cec,17.0,21.0,-4.0,-43.0,0.9184256582354793
28733,34784,512104_cec,510101_mpc,25.25,16.0,9.25,-27.0,0.8413690756465843
27437,38639,502701_mpc,503001_mpc,39.0,47.5,-8.5,23.0,0.7657043353248207
12144,32139,511201_mpc,511202_bpc,65.25,77.75,-12.5,16.0,0.926140644217896
13024,3173,502702_bpc,503002_bpc,31.25,34.75,-3.5,-12.0,0.8423258696641761
10436,3183,508202_bpc,507402_bpc,47.0,48.0,-1.0,-14.0,0.8324427017570145
2902,36017,508002_bpc,507802_bpc,36.25,32.25,4.0,-1.0,0.9290839598750054
12452,32205,505702_bpc,505802_bpc,72.5,63.75,8.75,-7.0,0.9667538746777884
5371,5206,507601_mpc,505302_bpc,47.75,64.0,-16.25,-37.0,0.7714354905227107
5087,20379,514802_bpc,511902_bpc,16.25,-2.5,18.75,0.0,0.870559432823685
8356,38581,505101_mpc,505502_bpc,36.75,34.25,2.5,-4.0,0.7778273823204506
15860,33708,503802_bpc,504202_bpc,44.75,47.5,-2.75,-12.0,0.9307626086346984
2432,6779,507801_mpc,507601_mpc,8.0,10.0,-2.0,34.0,0.9575689929495553
36670,2521,504201_mpc,503801_mpc,26.5,26.25,0.25,-23.0,0.864905013608657
6206,7751,511603_mec,511303_mec,16.25,10.0,6.25,19.0,0.9192543945777288
8611,12829,507601_mpc,507701_mpc,21.0,23.75,-2.75,10.0,0.9645261381105279
23093,3127,508101_mpc,507601_mpc,20.0,18.75,1.25,8.0,0.9500021764908586
19570,8903,505602_bpc,505802_bpc,63.75,57.5,6.25,0.0,0.9560033133534761
23803,11084,513704_cec,511802_bpc,30.0,30.25,-0.25,-17.0,0.8123654158673547
11900,23622,503102_bpc,503202_bpc,53.75,69.5,-15.75,-12.0,0.8732912197748146
3668,19565,505701_mpc,505101_mpc,68.75,96.5,-27.75,-20.0,0.962051067819297
27955,20849,503801_mpc,503101_mpc,47.25,53.25,-6.0,7.0,0.7860163156388691
22705,20334,513904_cec,513704_cec,23.75,23.75,0.0,6.0,0.9013191058002419
26713,23913,511702_bpc,511801_mpc,54.5,55.0,-0.5,4.0,0.898782571920031
34924,9009,510102_bpc,512201_mpc,59.5,66.25,-6.75,14.0,0.8929624204857919
4376,6822,509401_mpc,501904_cec,37.25,27.25,10.0,-4.0,0.5133122347941412
36746,9997,505601_mpc,506502_bpc,2.5,19.25,-16.75,-43.0,0.9350526055917958
5860,23843,502004_cec,502005_hec,20.0,11.75,8.25,15.442871,0.9379231870896789
11328,37249,511303_mec,511604_cec,30.0,22.75,7.25,1.0,0.8164311505272068
2015,32395,514701_mpc,511702_bpc,33.75,36.25,-2.5,5.0,0.7060938360858379
6148,15291,502102_bpc,501502_bpc,19.0,16.25,2.75,-13.0,0.9747324615672187
25572,19451,503001_mpc,502801_mpc,98.75,89.25,9.5,-2.0,0.9912519295883347
13409,22387,503001_mpc,502701_mpc,26.25,33.75,-7.5,-10.0,0.8767053436031264
26509,487,514902_bpc,514901_mpc,46.0,52.5,-6.5,-14.0,0.8922889309138177
2939,34677,505602_bpc,505802_bpc,53.75,77.25,-23.5,-2.0,0.9251851255389999
23681,16320,506904_cec,507002_bpc,22.0,13.75,8.25,-25.442871,0.913657703802792
3010,39164,508102_bpc,507502_bpc,38.25,38.75,-0.5,12.0,0.8812354448970509
8185,17785,509202_bpc,508302_bpc,65.0,75.25,-10.25,-16.0,0.972005899730003
12794,12728,505501_mpc,505101_mpc,42.75,47.5,-4.75,9.0,0.8260404285312958
2840,2364,508002_bpc,508102_bpc,31.5,29.25,2.25,-4.0,0.9449441514522838
38466,20292,512901_mpc,505701_mpc,51.25,59.5,-8.25,10.0,0.9576583590487582
32302,22869,511603_mec,511401_mpc,35.0,37.5,-2.5,-17.0,0.7626257760957559
8450,19176,515002_bpc,508904_cec,28.75,26.25,2.5,-32.0,0.8822504984737918
9833,12606,513503_mec,513904_cec,6.25,11.25,-5.0,-20.0,0.9106412200179783
36876,25087,506701_mpc,506801_mpc,47.0,68.75,-21.75,0.0,0.6993241983088
16285,25135,509002_bpc,508801_mpc,19.75,6.25,13.5,9.0,0.8202065615201322
15001,8878,505501_mpc,505902_bpc,37.0,39.25,-2.25,2.0,0.827843205863876
1355,794,506802_bpc,506702_bpc,36.5,37.5,-1.0,12.0,0.6981713816287812
12898,22872,512802_bpc,513602_bpc,8.0,0.0,8.0,-6.0,0.8964211646010499
31741,26300,512801_mpc,512901_mpc,13.0,17.75,-4.75,-32.0,0.9945422838419391
21100,12836,509502_bpc,506201_mpc,6.25,13.25,-7.0,-10.0,0.947969772497504
38667,24600,503202_bpc,507401_mpc,38.75,38.75,0.0,-3.0,0.7432695637560721
20181,4962,506904_cec,506404_cec,26.25,21.25,5.0,3.0,0.8272769317034483
2500,21459,508801_mpc,509501_mpc,31.75,31.25,0.5,-6.0,0.9324768565014705
15074,1796,509002_bpc,509302_bpc,29.25,22.5,6.75,43.0,0.880731794092797
11631,12884,505101_mpc,505401_mpc,60.0,58.5,1.5,-1.0,0.9305199866645905
6041,1335,504504_cec,504702_bpc,50.75,59.0,-8.25,-18.442871,0.9057124814660733
6501,39019,505302_bpc,505501_mpc,12.5,11.5,1.0,-4.0,0.9324158732526905
30289,1363,508002_bpc,507602_bpc,35.0,30.25,4.75,17.0,0.8921864675781326
4162,20354,515002_bpc,508802_bpc,35.5,32.5,3.0,39.0,0.82926718880243
18096,26517,512902_bpc,513104_cec,28.5,20.0,8.5,44.0,0.8079846772032553
37508,13995,510102_bpc,513601_mpc,11.75,14.5,-2.75,15.0,0.9436291851275312
6025,37963,505102_bpc,505302_bpc,35.0,35.75,-0.75,-4.0,0.8226435327712035
6306,20669,509301_mpc,508401_mpc,39.5,44.25,-4.75,14.0,0.45678113240104296
4456,17382,508401_mpc,501903_mec,40.0,38.75,1.25,2.0,0.6126595922558704
13862,13963,504503_mec,504904_cec,22.75,15.75,7.0,-23.0,0.9186220671225007
6211,14441,505204_cec,506201_mpc,65.75,55.0,10.75,0.0,0.9504018527052478
35611,25551,507802_bpc,508101_mpc,66.25,61.25,5.0,5.0,0.9686691250275737
29837,20581,505301_mpc,505602_bpc,48.5,63.75,-15.25,1.0,0.7181165216928325
4974,26980,513103_mec,512801_mpc,39.5,35.0,4.5,22.0,0.6886410583289494
20977,5509,503602_bpc,503802_bpc,30.0,24.0,6.0,-11.0,0.6666479912230026
6108,2897,509201_mpc,509402_bpc,28.5,22.75,5.75,0.0,0.7972997956241302
14456,31396,512202_bpc,512402_bpc,34.0,21.5,12.5,-1.0,0.6453110147067639
1926,14150,514001_mpc,513602_bpc,47.5,41.25,6.25,38.0,0.6626102665368059
23533,18375,502201_mpc,501602_bpc,28.0,27.75,0.25,-31.0,0.9072654186344441
33541,35805,502004_cec,502202_bpc,32.5,28.75,3.75,17.0,0.825231863041788
337,14966,506002_bpc,506001_mpc,19.0,20.0,-1.0,-2.0,0.8389165033060793
9361,30622,511901_mpc,510101_mpc,27.5,21.25,6.25,-3.0,0.9347239282996871
19928,35613,503001_mpc,502801_mpc,61.25,52.5,8.75,-9.0,0.9461228217205935
38916,9919,507201_mpc,507301_mpc,61.25,60.0,1.25,1.0,0.9518355311412363
35272,12570,512201_mpc,512202_bpc,62.0,67.5,-5.5,21.0,0.9156136223482887
27011,1899,508904_cec,509104_cec,15.25,18.75,-3.5,2.0,0.9056808463205722
5063,5298,505101_mpc,505203_mec,20.0,25.75,-5.75,3.0,0.9318397615261266
1996,12239,505204_cec,505101_mpc,55.0,52.5,2.5,3.0,0.9158675976656637
1687,4303,508101_mpc,507601_mpc,27.5,23.75,3.75,21.0,0.9280077646054793
37804,4144,504701_mpc,504401_mpc,47.25,45.0,2.25,-22.0,0.8914642591414241
25051,10604,511702_bpc,513904_cec,0.0,11.25,-11.25,-32.0,0.9502001076933322
29291,8365,514502_bpc,514501_mpc,32.75,34.25,-1.5,9.0,0.8566147291626721
10172,7881,503801_mpc,504202_bpc,31.5,32.25,-0.75,12.0,0.7243823057128902
18222,90,512502_bpc,512702_bpc,41.25,39.0,2.25,-9.0,0.9074074971102264
15186,26328,513202_bpc,513704_cec,14.75,19.0,-4.25,30.0,0.9214548246906801
20669,8624,508401_mpc,504201_mpc,44.25,50.0,-5.75,-4.0,0.7782478346359498
15452,24964,512401_mpc,512202_bpc,17.75,15.25,2.5,7.0,0.9558081518124356
21280,17832,513903_mec,513602_bpc,21.25,23.75,-2.5,26.0,0.937857188119344
1946,4735,504202_bpc,504201_mpc,25.0,15.5,9.5,23.0,0.7688881421513207
30203,4836,503602_bpc,503802_bpc,47.5,40.0,7.5,6.0,0.8367962264385822
3859,29555,514601_mpc,514801_mpc,56.25,65.25,-9.0,-9.0,0.9596263753964879
10948,4409,503801_mpc,503101_mpc,35.75,26.25,9.5,3.0,0.748854155617525
18998,12155,508301_mpc,509001_mpc,69.75,78.75,-9.0,21.0,0.9534607245522604
13572,11673,502004_cec,502101_mpc,33.75,29.0,4.75,19.0,0.7827575289265472
17177,5817,506702_bpc,506602_bpc,57.25,50.0,7.25,-9.0,0.8828319291292487
17163,7677,511901_mpc,512401_mpc,36.25,30.5,5.75,16.0,0.8300234359255141
27896,4729,512902_bpc,512802_bpc,40.75,42.75,-2.0,24.0,0.8310297475804327
31866,21982,511401_mpc,511201_mpc,41.25,40.0,1.25,-2.0,0.8882097233196439
29743,2958,503102_bpc,503201_mpc,57.5,61.25,-3.75,4.0,0.8735258093666823
14583,38428,511402_bpc,511401_mpc,27.75,26.25,1.5,-1.0,0.837733654107864
32531,15491,501903_mec,501602_bpc,69.75,67.25,2.5,5.0,0.9544237264590902
11137,3585,505102_bpc,514402_bpc,6.25,1.0,5.25,11.0,0.8808179055693249
3445,3809,508702_bpc,508401_mpc,51.25,65.0,-13.75,6.0,0.912457968922354
22973,16886,502005_hec,501904_cec,15.25,26.25,-11.0,-27.0,0.8817050966956889
38902,5005,505601_mpc,505301_mpc,35.0,37.5,-2.5,-15.0,0.8102862569303712
3406,318,502802_bpc,502505_hec,13.75,11.5,2.25,21.0,0.9396105235099486
14594,32497,512201_mpc,510101_mpc,64.0,65.25,-1.25,-30.0,0.9523890454652881
23203,8966,508201_mpc,508101_mpc,31.25,29.0,2.25,-24.0,0.9245635199962761
31746,7605,507302_bpc,507301_mpc,26.25,28.5,-2.25,-7.0,0.8989603884344572
14802,17158,507301_mpc,506502_bpc,27.75,25.5,2.25,-21.0,0.9182511659697009
30294,6025,505502_bpc,505102_bpc,34.0,35.0,-1.0,21.0,0.9378864935077632
5341,7318,509302_bpc,508402_bpc,52.5,62.5,-10.0,12.0,0.9145631235283669
5938,9703,510102_bpc,512104_cec,21.25,25.25,-4.0,6.0,0.9193449890190588
559,29928,511202_bpc,511304_cec,29.25,28.75,0.5,-7.0,0.8620285253400843
26681,10118,514702_bpc,514802_bpc,32.75,31.25,1.5,-13.0,0.7630685570852845
31935,33816,505502_bpc,505501_mpc,26.75,23.75,3.0,-3.0,0.8816117270315815
11675,6376,512601_mpc,512501_mpc,56.25,70.5,-14.25,0.0,0.9697302126645666
17522,8850,508402_bpc,509002_bpc,10.0,23.75,-13.75,-37.0,0.8996692094468942
23137,18932,501801_mpc,502202_bpc,25.0,13.75,11.25,32.0,0.9097660425382429
37905,21406,514702_bpc,514602_bpc,13.75,16.5,-2.75,-58.0,0.9071119959609559
3092,8682,512501_mpc,512602_bpc,18.75,26.25,-7.5,-11.0,0.8136141467605498
36204,13390,511702_bpc,511604_cec,17.5,8.25,9.25,-45.0,0.9245073367078418
17684,27523,502505_hec,508903_mec,12.5,11.25,1.25,-33.0,0.9004343004566047
15174,37237,514001_mpc,514202_bpc,26.25,26.25,0.0,4.0,0.8790242730659092
8271,25624,507001_mpc,506501_mpc,31.25,26.0,5.25,9.0,0.755846998544669
20963,1687,507501_mpc,508101_mpc,22.5,27.5,-5.0,14.0,0.945864518282391
18132,10110,508904_cec,505204_cec,17.5,8.75,8.75,2.0,0.8848263517177053
15491,8681,501602_bpc,501502_bpc,67.25,77.5,-10.25,-4.0,0.9490643461446325
4797,2409,505203_mec,505204_cec,28.5,12.5,16.0,2.0,0.7736287712973713
10362,4799,509001_mpc,508701_mpc,36.25,36.25,0.0,-24.0,0.6888918377399827
13542,22542,502701_mpc,506502_bpc,56.5,67.5,-11.0,-10.0,0.8991272097368727
566,8181,505602_bpc,505501_mpc,35.0,42.5,-7.5,-17.0,0.6181486080181315
12959,33466,501602_bpc,501502_bpc,14.25,27.75,-13.5,20.0,0.8959659348297806
8784,14342,505401_mpc,506002_bpc,37.5,42.5,-5.0,2.0,0.6558993512694276
30182,5977,515001_mpc,509501_mpc,73.75,101.25,-27.5,-4.0,0.9766635710716387
14,11605,501502_bpc,502102_bpc,42.5,41.5,1.0,-5.0,0.8832403679193203
27759,6037,505402_bpc,505203_mec,75.0,84.5,-9.5,1.0,0.9756317507393023
8068,38490,504504_cec,504904_cec,23.75,22.5,1.25,-6.0,0.9440720113404399
6443,20841,507302_bpc,506702_bpc,33.75,31.75,2.0,-3.0,0.8533813265123953
25073,32814,503802_bpc,504002_bpc,35.0,33.75,1.25,37.0,0.7853638528321094
15769,12730,514902_bpc,514802_bpc,36.0,37.75,-1.75,-6.0,0.8711677594074185
23318,27301,514002_bpc,514202_bpc,17.0,13.75,3.25,10.0,0.8499362003037412
13311,13127,501903_mec,501802_bpc,35.25,33.5,1.75,-15.0,0.87294944993615
18830,9868,509002_bpc,504202_bpc,26.0,16.5,9.5,15.0,0.8972975390265722
4313,4074,508101_mpc,507701_mpc,17.5,15.0,2.5,3.0,0.9681792404229403
4295,33999,513504_cec,512104_cec,30.0,31.25,-1.25,-6.0,0.8267925794630258
23134,7549,505102_bpc,505502_bpc,2.5,13.75,-11.25,21.0,0.9626927302238176
37879,16398,512902_bpc,512801_mpc,43.75,61.25,-17.5,-3.0,0.7234297395460095
25906,36356,510101_mpc,513201_mpc,70.0,100.25,-30.25,-10.0,0.9224938507352857
1921,17689,508302_bpc,509502_bpc,25.0,30.25,-5.25,-46.0,0.8759284018986352
13128,36819,511802_bpc,511702_bpc,40.0,44.0,-4.0,-6.0,0.8235346873245102
17089,4831,505402_bpc,505602_bpc,68.0,64.75,3.25,-2.0,0.9430655200127707
26215,25900,506702_bpc,507001_mpc,42.5,61.25,-18.75,8.0,0.6831098559238664
17517,6344,504401_mpc,504503_mec,37.0,25.0,12.0,30.0,0.6169010905263206
32170,23509,512104_cec,513704_cec,16.25,3.75,12.5,28.0,0.922059401214023
15718,7556,514501_mpc,511604_cec,31.5,25.0,6.5,-9.0,0.5939534993770985
9122,13980,506501_mpc,506701_mpc,30.25,27.5,2.75,-3.0,0.8283342232524977
28762,24964,512401_mpc,512202_bpc,23.75,15.25,8.5,23.0,0.9076595047349296
6008,3974,503202_bpc,503602_bpc,39.0,37.75,1.25,12.0,0.7042297683540573
7396,16863,501502_bpc,501602_bpc,45.0,42.25,2.75,4.0,0.8463417010661113
18327,6473,508401_mpc,508301_mpc,43.75,45.0,-1.25,15.0,0.8210540753995238
8577,17859,507001_mpc,506404_cec,22.5,21.5,1.0,-27.0,0.8741115299927891
88,1473,512701_mpc,512501_mpc,58.75,56.75,2.0,-31.0,0.9331018937523634
23997,29576,505203_mec,505801_mpc,46.25,63.75,-17.5,20.0,0.7725431429235133
1394,32472,508802_bpc,504002_bpc,11.25,4.25,7.0,-2.0,0.8964295058027385
12736,23909,514801_mpc,514701_mpc,49.0,53.75,-4.75,10.0,0.8972930108885165
5333,8869,509301_mpc,515001_mpc,45.25,54.25,-9.0,-13.0,0.829004498260949
5270,14417,506601_mpc,506801_mpc,26.25,29.0,-2.75,33.0,0.8221459858889032
2208,2993,507702_bpc,508202_bpc,25.0,22.5,2.5,-14.0,0.9264009782251144
5660,4709,507002_bpc,506502_bpc,25.5,26.25,-0.75,11.0,0.9120126189360255
7839,843,509105_hec,509301_mpc,18.75,22.5,-3.75,17.0,0.9034682859505464
14456,27592,512202_bpc,512402_bpc,34.0,42.5,-8.5,14.0,0.6468543995770523
5411,7438,506001_mpc,505501_mpc,10.0,10.0,0.0,-21.0,0.8939498392319138
21360,20581,505701_mpc,505602_bpc,61.5,63.75,-2.25,1.0,0.9592672381729074
4755,36440,507501_mpc,508202_bpc,85.0,71.5,13.5,3.0,0.9863448979813081
7179,19691,502201_mpc,502101_mpc,44.5,48.25,-3.75,21.0,0.8261275485159421
9670,19809,513104_cec,513602_bpc,11.25,-5.0,16.25,11.0,0.8663348156460944
9136,3811,509302_bpc,508802_bpc,39.25,42.5,-3.25,-1.0,0.8339187316978932
20497,21711,506502_bpc,506501_mpc,43.75,43.5,0.25,-14.0,0.8850831978425093
20069,33396,514202_bpc,513904_cec,13.0,10.5,2.5,2.557129,0.8941866057261552
18697,17522,509002_bpc,508402_bpc,11.25,10.0,1.25,30.0,0.995730665279895
10057,14065,501502_bpc,502201_mpc,45.25,42.5,2.75,9.0,0.9074079010274568
29302,17972,514202_bpc,514002_bpc,41.5,44.75,-3.25,-21.442871,0.7812489326749255
24305,26980,512901_mpc,512801_mpc,26.75,35.0,-8.25,5.0,0.8328570651106464
4107,2419,504202_bpc,503801_mpc,21.25,23.0,-1.75,-4.0,0.8936138648857557
19077,24305,512801_mpc,512901_mpc,32.5,26.75,5.75,33.0,0.8539831367924263
26011,27412,514901_mpc,514701_mpc,84.0,76.5,7.5,2.0,0.986250982585722
15688,3668,505901_mpc,505701_mpc,66.25,68.75,-2.5,25.0,0.9602305706469031
24848,16989,511902_bpc,512201_mpc,40.75,42.25,-1.5,20.0,0.8483746658328445
3973,33148,501903_mec,505203_mec,11.25,4.0,7.25,-17.0,0.8676378511580616
15180,1213,504001_mpc,508802_bpc,4.5,11.0,-6.5,-57.0,0.9805848560362965
9341,28989,507701_mpc,506801_mpc,40.0,37.25,2.75,-3.0,0.7946080574865283
6190,11339,513601_mpc,511702_bpc,14.75,26.5,-11.75,17.0,0.8988679110941633
15976,27162,503002_bpc,502505_hec,25.0,22.5,2.5,3.0,0.9020816792120943
22776,18302,504002_bpc,503601_mpc,55.5,55.25,0.25,1.0,0.8752708582477464
27816,31877,511802_bpc,511603_mec,48.75,62.25,-13.5,6.0,0.7725439300539116
18222,7897,512502_bpc,512702_bpc,41.25,58.75,-17.5,-45.0,0.7398065027926353
9606,39386,512701_mpc,512601_mpc,41.25,43.75,-2.5,-19.0,0.773556444319271
27546,8806,513404_cec,514302_bpc,15.25,18.25,-3.0,14.0,0.9660759173138519
7353,11135,503202_bpc,503802_bpc,61.25,68.75,-7.5,26.0,0.8932222863855965
33415,31045,514202_bpc,514201_mpc,10.25,12.25,-2.0,-8.0,0.9634689773257044
31969,25755,508801_mpc,509401_mpc,40.0,35.25,4.75,-12.0,0.8167178616678429
34713,11812,511902_bpc,512104_cec,24.25,26.25,-2.0,5.0,0.9321624666692021
10370,3675,508102_bpc,507802_bpc,28.75,27.5,1.25,-5.0,0.9470640777417926
32126,10942,514202_bpc,514002_bpc,36.0,41.25,-5.25,38.0,0.7452766545305334
12478,6637,504503_mec,504903_mec,28.25,21.5,6.75,18.0,0.8750273356231781
8601,14281,508202_bpc,507904_cec,23.75,12.5,11.25,41.0,0.8653843158319815
11008,27011,509105_hec,508904_cec,24.0,15.25,8.75,-1.0,0.75654785877366
9881,37082,511802_bpc,513403_mec,84.5,77.25,7.25,-3.0,0.9493661697825913
27692,1462,511801_mpc,511701_mpc,37.5,27.5,10.0,8.0,0.5986689631972902
29743,6950,503102_bpc,503202_bpc,57.5,75.5,-18.0,-5.0,0.8729757662198929
3488,12959,502101_mpc,501602_bpc,19.25,14.25,5.0,-9.0,0.8850004481713862
11018,2240,512402_bpc,511902_bpc,2.5,13.75,-11.25,15.0,0.9807348797953465
10059,8271,506501_mpc,507001_mpc,34.75,31.25,3.5,12.0,0.7474462602866279
19691,31504,502101_mpc,502202_bpc,48.25,54.0,-5.75,11.0,0.8832188489193978
7572,30090,506904_cec,507002_bpc,50.25,65.0,-14.75,9.0,0.7354923481127233
4931,23507,507401_mpc,507501_mpc,40.0,45.0,-5.0,-1.0,0.7609935176166818
32521,4795,504402_bpc,504702_bpc,54.25,48.75,5.5,-9.0,0.9319986677942562
37910,5658,507701_mpc,507801_mpc,21.25,20.0,1.25,24.0,0.9500258095754035
4663,3385,513503_mec,513103_mec,17.5,19.5,-2.0,10.0,0.9552325247559496
23804,3205,515002_bpc,503904_cec,32.5,20.0,12.5,8.0,0.6340897041009546
20700,13898,503101_mpc,502702_bpc,23.75,13.75,10.0,-35.0,0.7695257504881609
38692,7478,505204_cec,505502_bpc,21.5,27.0,-5.5,-37.0,0.8879121638136668
14011,39192,514802_bpc,514701_mpc,27.5,31.5,-4.0,-18.0,0.906177703093853
22307,16170,514201_mpc,514001_mpc,18.75,17.0,1.75,4.0,0.9093269525798793
7389,6676,503202_bpc,505302_bpc,11.5,-1.0,12.5,46.0,0.8598098195853565
9833,3518,513503_mec,513103_mec,6.25,15.0,-8.75,-1.0,0.9074487908903156
34603,34677,505302_bpc,505802_bpc,56.25,77.25,-21.0,-22.0,0.9317289252512635
37093,1193,505502_bpc,501601_mpc,24.25,19.75,4.5,24.0,0.8699473599218568
2895,4735,503904_cec,504201_mpc,18.25,15.5,2.75,11.0,0.8949402679450142
31420,14457,501801_mpc,501802_bpc,30.75,29.25,1.5,-10.0,0.9017525827347441
2895,19064,503904_cec,504202_bpc,18.25,21.5,-3.25,-15.0,0.8722262316215825
19563,26517,514801_mpc,513104_cec,26.5,20.0,6.5,62.0,0.882637698140985
14512,18833,509301_mpc,509201_mpc,42.5,39.0,3.5,4.0,0.7768204560881992
19087,17285,502101_mpc,501601_mpc,51.25,54.5,-3.25,-5.0,0.9285957336282364
5495,35080,506601_mpc,507001_mpc,36.75,23.75,13.0,4.0,0.6422097499111535
17988,26273,505601_mpc,505702_bpc,26.25,18.0,8.25,9.442871,0.8269746737472088
32222,20167,506701_mpc,506501_mpc,58.5,63.75,-5.25,0.0,0.8618342256998925
19844,2806,508701_mpc,508301_mpc,51.25,66.25,-15.0,-10.0,0.9299771992901582
37129,35567,507201_mpc,506501_mpc,74.0,66.25,7.75,11.0,0.9562720315163687
65,11675,512602_bpc,512601_mpc,46.5,56.25,-9.75,-6.0,0.8856920744324023
37865,1702,502102_bpc,501502_bpc,66.5,62.5,4.0,-3.0,0.9824681585516533
7591,29807,506202_bpc,506302_bpc,44.0,48.0,-4.0,-2.0,0.7597417773670834
22905,10465,513904_cec,513404_cec,16.25,7.5,8.75,4.0,0.9404542632108933
5310,4170,514502_bpc,514501_mpc,40.5,41.5,-1.0,34.0,0.7597413285979362
798,21134,513904_cec,513704_cec,11.25,6.25,5.0,15.0,0.9461295600737467
21424,29326,514202_bpc,514201_mpc,38.75,28.75,10.0,2.0,0.6928496764745177
12663,20181,502504_cec,506904_cec,35.5,26.25,9.25,-2.0,0.6274889234247434
16378,28574,509202_bpc,508702_bpc,48.75,49.5,-0.75,0.0,0.9580437044060649
11464,16566,508904_cec,507904_cec,45.0,57.5,-12.5,-4.0,0.7481238762818889
17085,36517,513602_bpc,514002_bpc,46.75,43.75,3.0,-9.0,0.8316183973564276
25731,10842,511304_cec,511303_mec,22.5,17.75,4.75,-35.0,0.961604633351379
3435,2265,511801_mpc,511701_mpc,40.0,41.25,-1.25,2.0,0.8764327803238167
3043,12711,509502_bpc,509302_bpc,46.75,40.75,6.0,-13.0,0.8736865729562671
14579,10312,501801_mpc,502202_bpc,55.0,57.5,-2.5,22.0,0.9381181093823204
6739,4937,507601_mpc,507702_bpc,16.75,10.0,6.75,19.0,0.9721828235312522
14346,17684,502504_cec,502505_hec,28.75,12.5,16.25,52.0,0.7719025903672387
26436,2026,505802_bpc,505602_bpc,17.5,14.25,3.25,5.0,0.9257985396349138
27996,28720,511901_mpc,512402_bpc,35.0,27.75,7.25,29.0,0.7972293091811752
12951,28940,502202_bpc,507402_bpc,46.25,63.75,-17.5,-38.0,0.7101899681395492
23367,14358,508301_mpc,509104_cec,31.5,17.5,14.0,15.0,0.7302681930654162
4759,30976,514202_bpc,513503_mec,24.25,19.0,5.25,8.0,0.9448433004517351
23367,8652,508301_mpc,509105_hec,31.5,17.5,14.0,-12.0,0.6650150311331935
12956,8281,502005_hec,502101_mpc,29.5,28.75,0.75,-3.0,0.7685667513773188
20302,20841,507302_bpc,506702_bpc,28.5,31.75,-3.25,-8.0,0.8856930575574488
23130,6431,503201_mpc,503601_mpc,36.75,37.25,-0.5,-7.0,0.8210815985795715
36563,10288,503101_mpc,503905_hec,21.25,7.25,14.0,12.0,0.8355971072138197
14853,17385,506601_mpc,506404_cec,27.5,21.25,6.25,4.0,0.8704671230541405
24931,14987,502505_hec,503001_mpc,6.25,8.25,-2.0,40.0,0.9605574925407103
9341,21615,507701_mpc,507301_mpc,40.0,36.75,3.25,-1.0,0.7943944001229395
857,8682,512702_bpc,512602_bpc,20.0,26.25,-6.25,-20.0,0.8329372262043377
20770,12884,505302_bpc,505401_mpc,67.0,58.5,8.5,9.0,0.9617715948245447
6578,6459,511902_bpc,512202_bpc,17.75,29.25,-11.5,-23.0,0.8740844837018811
13746,1320,512401_mpc,510101_mpc,27.5,32.25,-4.75,13.0,0.8644821905465159
21291,27759,505501_mpc,505402_bpc,81.25,75.0,6.25,-1.0,0.9883576665391126
20694,11186,508002_bpc,507402_bpc,23.75,23.75,0.0,-12.0,0.9513768974089007
14130,5938,512104_cec,510102_bpc,30.0,21.25,8.75,-2.0,0.7015738399778303
22905,29422,513904_cec,513704_cec,16.25,17.5,-1.25,19.0,0.9761018434493712
22516,24699,510101_mpc,512104_cec,35.0,26.25,8.75,-10.0,0.74197953842019
6364,36478,511801_mpc,511802_bpc,43.75,49.0,-5.25,-5.0,0.7152525619466112
4929,35339,503302_bpc,503905_hec,7.75,20.0,-12.25,-36.0,0.9223674321732439
15299,966,508501_mpc,506601_mpc,16.5,10.25,6.25,11.0,0.9079112493951291
14663,3269,509301_mpc,509401_mpc,42.5,44.5,-2.0,-7.0,0.8987429922573397
3492,26403,513202_bpc,513201_mpc,66.5,58.5,8.0,-2.0,0.9549130428039009
21307,10195,503602_bpc,503102_bpc,41.25,46.0,-4.75,23.0,0.7976313109532166
8424,23804,508701_mpc,515002_bpc,36.5,32.5,4.0,5.0,0.45825965267526814
22378,18448,504001_mpc,503904_cec,33.75,26.5,7.25,6.0,0.7629610943406246
3407,20307,504401_mpc,504701_mpc,36.25,28.75,7.5,10.0,0.7288716807661288
10403,33944,506001_mpc,506002_bpc,16.75,10.0,6.75,-12.0,0.9687174726991192
14966,6501,506001_mpc,505302_bpc,20.0,12.5,7.5,-2.0,0.9132300975660094
4901,14126,507702_bpc,507904_cec,14.25,3.25,11.0,25.0,0.9651578747345197
27816,26713,511802_bpc,511702_bpc,48.75,54.5,-5.75,2.0,0.7479647427693078
29966,23760,511402_bpc,511604_cec,8.75,12.5,-3.75,-1.0,0.930343993747477
31154,4118,502102_bpc,501502_bpc,44.0,55.0,-11.0,-3.0,0.8789311511645139
22548,798,512104_cec,513904_cec,8.75,11.25,-2.5,-28.0,0.9482476660266154
26328,26728,513704_cec,513403_mec,19.0,5.5,13.5,-21.0,0.9291211589841669
38749,2821,514001_mpc,514202_bpc,25.0,8.75,16.25,-6.0,0.8544590327581995
5705,7755,501502_bpc,501903_mec,19.0,20.75,-1.75,3.0,0.9032505088412034
21264,1752,506702_bpc,506602_bpc,32.5,35.0,-2.5,-14.0,0.8092187836828799
112,3862,512701_mpc,513601_mpc,15.25,1.25,14.0,-20.0,0.836511044522113
23509,7336,513704_cec,512104_cec,3.75,6.0,-2.25,8.0,0.9689010555894243
21459,10163,509501_mpc,508801_mpc,31.25,30.25,1.0,10.0,0.9293026687563395
2596,30620,508001_mpc,507602_bpc,36.25,37.75,-1.5,0.0,0.8932393899287618
6933,10459,512701_mpc,512502_bpc,31.5,22.0,9.5,-9.0,0.8350012901858902
3784,4593,507502_bpc,507402_bpc,23.75,20.5,3.25,-5.0,0.9623741881523057
25359,20799,515001_mpc,508903_mec,29.5,16.5,13.0,-12.0,0.8237257502482166
8869,19527,515001_mpc,509501_mpc,54.25,53.25,1.0,-2.0,0.9067129519468762
18285,7935,504903_mec,504904_cec,23.75,23.75,0.0,-1.0,0.896738320723439
18004,22384,503601_mpc,503802_bpc,52.25,55.0,-2.75,-3.0,0.8596682327901077
7484,24805,501502_bpc,502102_bpc,36.25,38.75,-2.5,-7.0,0.8330041655262796
28303,18742,505602_bpc,505102_bpc,30.5,33.25,-2.75,-16.0,0.8732306356060657
2840,3358,508002_bpc,507602_bpc,31.5,31.25,0.25,9.0,0.9032736169386889
3327,17065,509402_bpc,508502_bpc,72.0,66.75,5.25,13.0,0.9493430744307854
23713,21715,508903_mec,506701_mpc,19.0,26.75,-7.75,-19.0,0.8623954631050645
30300,27523,506702_bpc,508903_mec,8.75,11.25,-2.5,-8.0,0.9112406080049295
24246,6314,505601_mpc,505602_bpc,71.5,85.5,-14.0,14.442871,0.9431664356429424
17282,17216,506802_bpc,506701_mpc,24.75,14.5,10.25,5.0,0.9087927698322381
18302,24584,503601_mpc,504201_mpc,55.25,54.0,1.25,23.442871,0.8687165194048108
34087,21031,514802_bpc,514701_mpc,35.0,31.75,3.25,-5.0,0.7860120053105801
3347,8340,501602_bpc,502004_cec,21.25,17.75,3.5,18.0,0.9528955455837613
25205,21290,514601_mpc,514801_mpc,32.5,29.25,3.25,2.0,0.7901338933327908
2665,25715,507002_bpc,507202_bpc,25.0,28.0,-3.0,-30.0,0.8678556833487878
28292,11718,513403_mec,511604_cec,36.5,35.75,0.75,30.0,0.7113288556626025
6319,5223,509302_bpc,509104_cec,16.25,21.25,-5.0,-2.0,0.8835806878290685
17079,29050,505301_mpc,505702_bpc,86.25,83.75,2.5,17.0,0.9749187184357121
21100,20379,509502_bpc,511902_bpc,6.25,-2.5,8.75,15.0,0.8871349546373499
1512,4155,507702_bpc,507402_bpc,25.0,23.75,1.25,-42.0,0.9709296681408085
26509,22543,514902_bpc,514801_mpc,46.0,40.0,6.0,-26.0,0.8308199404854384
19517,23184,502505_hec,502801_mpc,25.25,21.0,4.25,-13.0,0.9299732538273375
33279,17015,510102_bpc,512202_bpc,23.75,20.25,3.5,28.0,0.9431471817869724
16607,21715,507702_bpc,506701_mpc,37.5,26.75,10.75,-18.0,0.5970752063559754
4656,7933,504201_mpc,504001_mpc,32.5,23.25,9.25,-13.557129,0.7966617361209334
19768,25343,509401_mpc,509001_mpc,32.5,29.0,3.5,16.0,0.892102316181337
4962,11536,506404_cec,506904_cec,21.25,25.25,-4.0,-2.0,0.9056626572823412
8625,14440,507002_bpc,507001_mpc,31.5,28.0,3.5,2.0,0.8051683146403196
16708,30530,503601_mpc,503301_mpc,85.0,62.5,22.5,8.0,0.9475978182701115
28480,32343,511202_bpc,511303_mec,28.75,30.25,-1.5,4.0,0.9089676986304255
37001,12731,513704_cec,511801_mpc,9.75,17.5,-7.75,3.0,0.9486848876299874
390,37963,505602_bpc,505302_bpc,35.25,35.75,-0.5,0.0,0.8788687856887092
12732,22323,505102_bpc,505801_mpc,66.5,75.0,-8.5,16.0,0.9462727964095985
30765,21810,508904_cec,506404_cec,15.0,17.75,-2.75,-29.0,0.8518076304448663
4927,37212,506601_mpc,507001_mpc,36.75,40.0,-3.25,2.0,0.6384871036293654
4757,38504,505102_bpc,505802_bpc,54.0,52.5,1.5,18.0,0.9151429804036022
9986,15001,505101_mpc,505501_mpc,37.0,37.0,0.0,2.0,0.9717181124247294
8367,29141,509501_mpc,508401_mpc,52.5,62.5,-10.0,15.0,0.8958379853337257
14456,24463,512202_bpc,512402_bpc,34.0,19.0,15.0,41.0,0.6345916028820529
28905,2939,505802_bpc,505602_bpc,59.0,53.75,5.25,-16.0,0.9142368942492871
6025,6836,505102_bpc,505101_mpc,35.0,31.5,3.5,-18.0,0.8973183252076137
5665,30718,503601_mpc,503201_mpc,22.25,24.75,-2.5,-36.0,0.8141852354384733
30672,30426,514002_bpc,513704_cec,27.5,14.25,13.25,16.0,0.8367867258163768
11201,4856,512902_bpc,512801_mpc,76.75,60.75,16.0,9.0,0.9487766101029665
38965,798,513704_cec,513904_cec,17.5,11.25,6.25,-17.0,0.9457974450960664
14183,4814,508301_mpc,508701_mpc,39.0,41.25,-2.25,-10.0,0.9294853500815508
6627,5176,509001_mpc,509401_mpc,22.5,20.5,2.0,-5.0,0.913682717450164
7174,24024,508904_cec,509501_mpc,48.0,56.5,-8.5,-3.0,0.8607577760510216
29552,11693,511202_bpc,511401_mpc,41.25,48.75,-7.5,-31.0,0.652456116791567
10841,24019,505901_mpc,505301_mpc,46.25,43.5,2.75,0.0,0.8489981644614113
16288,14059,512601_mpc,501601_mpc,81.0,105.25,-24.25,-7.0,0.9481529735937099
23915,10153,502004_cec,501904_cec,44.0,42.5,1.5,20.0,0.8056266277291353
9134,15121,511802_bpc,511701_mpc,25.0,27.5,-2.5,17.0,0.9287177050598519
28830,17522,509501_mpc,508402_bpc,11.5,10.0,1.5,24.0,0.9580602304711354
2271,6072,505702_bpc,505902_bpc,33.75,36.5,-2.75,-17.0,0.9116545455248514
4279,5144,507401_mpc,507701_mpc,15.0,24.0,-9.0,7.0,0.9611321958561729
8861,12213,507801_mpc,507701_mpc,17.0,21.5,-4.5,13.0,0.9232187333217512
22017,35502,507002_bpc,507202_bpc,31.0,37.5,-6.5,-8.0,0.8592002181922871
6720,24724,505102_bpc,506002_bpc,44.25,39.5,4.75,-27.0,0.8804692827768341
24048,10725,505203_mec,506001_mpc,27.75,31.25,-3.5,-15.0,0.832184434244861
32206,492,514901_mpc,514801_mpc,24.25,31.25,-7.0,-11.0,0.9139815242477874
35702,35593,509402_bpc,508701_mpc,49.5,75.0,-25.5,-1.0,0.793586391819864
8302,2418,507402_bpc,507602_bpc,45.0,41.0,4.0,0.0,0.8806524098286131
15767,29422,511802_bpc,513704_cec,25.0,17.5,7.5,-14.0,0.9287921153506985
16834,21761,509401_mpc,508401_mpc,32.5,27.0,5.5,7.0,0.845342326716017
9135,37308,502004_cec,501801_mpc,32.0,29.0,3.0,-16.0,0.6450047357463803
1541,7277,504702_bpc,504903_mec,30.0,30.0,0.0,8.0,0.7586421148661949
14579,5804,501801_mpc,502101_mpc,55.0,81.0,-26.0,-4.0,0.9347105622548245
16828,6893,504201_mpc,504001_mpc,71.25,68.75,2.5,33.0,0.9483584235347733
3253,2788,508702_bpc,508701_mpc,41.25,47.75,-6.5,-4.0,0.6346818798930836
18966,18708,513602_bpc,513601_mpc,35.0,29.5,5.5,-10.0,0.7252393017149542
16170,30462,514001_mpc,513503_mec,17.0,18.75,-1.75,7.0,0.9155749923875279
4556,5231,502504_cec,503001_mpc,20.0,20.25,-0.25,4.0,0.8358907147841597
33905,10698,502102_bpc,501903_mec,12.5,16.25,-3.75,-5.0,0.8979214970248328
26436,6224,505802_bpc,506102_bpc,17.5,19.25,-1.75,-9.0,0.9556779894850088
13463,16799,511902_bpc,510101_mpc,17.0,17.5,-0.5,18.0,0.8778488665492997
22826,8343,502202_bpc,502102_bpc,40.0,41.25,-1.25,-2.0,0.8804072763958816
966,15299,506601_mpc,508501_mpc,10.25,16.5,-6.25,-11.0,0.9079112493951291
5955,4138,507801_mpc,508002_bpc,25.0,29.0,-4.0,12.0,0.857571257344448
6728,17162,503102_bpc,503301_mpc,51.5,75.0,-23.5,2.0,0.8723467620978955
10417,32281,504702_bpc,504402_bpc,38.0,36.25,1.75,8.0,0.9151239677048815
24651,37315,514902_bpc,511402_bpc,7.75,1.25,6.5,4.0,0.8795881252442836
29463,1725,514702_bpc,514801_mpc,32.5,31.75,0.75,20.0,0.9229231895715324
35048,9703,512401_mpc,512104_cec,35.0,25.25,9.75,20.0,0.7115456395781558
8548,18327,509001_mpc,508401_mpc,37.75,43.75,-6.0,7.0,0.7254947618712063
33415,30462,514202_bpc,513503_mec,10.25,18.75,-8.5,-25.0,0.9398928083064554
6329,15564,511604_cec,512104_cec,15.0,2.75,12.25,-36.0,0.8744114209164008
25750,14889,501502_bpc,501802_bpc,53.75,69.5,-15.75,7.0,0.9295987576478828
30751,38046,506202_bpc,506201_mpc,66.5,71.25,-4.75,-16.0,0.9844446769269234
26436,13781,505802_bpc,506101_mpc,17.5,15.0,2.5,-29.0,0.8992257011484837
30729,12591,507201_mpc,506601_mpc,28.0,27.5,0.5,-21.0,0.7686167343384442
5330,25551,507801_mpc,508101_mpc,50.0,61.25,-11.25,-1.0,0.8812234176850444
7236,14018,506601_mpc,506404_cec,27.5,5.0,22.5,-1.5571289,0.7621876803986941
8297,1506,509302_bpc,509502_bpc,46.5,50.5,-4.0,-19.0,0.9033414320850949
8480,12829,507601_mpc,507701_mpc,21.25,23.75,-2.5,9.0,0.9502193970824095
9230,32463,509301_mpc,508701_mpc,38.75,39.0,-0.25,-6.0,0.7776781502809544
6644,13127,501801_mpc,501802_bpc,27.5,33.5,-6.0,-3.0,0.8381200987993201
17634,12801,504904_cec,504702_bpc,40.25,35.75,4.5,-11.0,0.7393515407480642
4369,11404,502701_mpc,502702_bpc,33.25,33.25,0.0,6.0,0.861689589350876
13008,18285,504701_mpc,504903_mec,28.75,23.75,5.0,1.0,0.8783736912840598
20770,17352,505302_bpc,505401_mpc,67.0,65.0,2.0,1.0,0.9803021027272344
37008,2680,513903_mec,514202_bpc,20.25,14.5,5.75,3.0,0.897019838957006
24166,30249,502101_mpc,501602_bpc,28.75,28.5,0.25,-5.0,0.7304350181193766
38903,18332,502004_cec,502202_bpc,32.5,34.0,-1.5,-12.0,0.8548316652545469
14802,35039,507301_mpc,506802_bpc,27.75,24.5,3.25,52.0,0.8771703249778359
12273,27144,503301_mpc,503101_mpc,30.0,28.75,1.25,-5.0,0.814570087320744
11442,18079,514701_mpc,514801_mpc,65.25,77.5,-12.25,6.0,0.9836613610190108
16705,6855,505702_bpc,505402_bpc,52.5,50.0,2.5,-10.0,0.9052142407231226
10159,7590,514702_bpc,514602_bpc,36.75,38.75,-2.0,-17.0,0.9465266005697969
36633,16535,503802_bpc,504202_bpc,34.25,26.0,8.25,-14.0,0.7666426421516372
22155,1160,507001_mpc,511401_mpc,81.75,105.0,-23.25,9.0,0.9488138048704305
1500,29743,503601_mpc,503102_bpc,53.75,57.5,-3.75,5.0,0.8434074309320231
18877,33533,513904_cec,511702_bpc,40.0,35.25,4.75,23.0,0.7509971045856411
31031,36157,505901_mpc,505301_mpc,46.75,70.5,-23.75,-7.0,0.7564479608999545
8757,11928,509002_bpc,508402_bpc,36.5,46.75,-10.25,-5.0,0.6911015475992207
5458,27162,502701_mpc,502505_hec,12.5,22.5,-10.0,-5.0,0.8881595265052362
28609,27261,514902_bpc,513404_cec,14.0,-2.5,16.5,1.0,0.8520791667192266
29615,8012,506101_mpc,506201_mpc,86.25,84.75,1.5,-13.0,0.9969539386035837
2019,25585,506002_bpc,505702_bpc,39.75,43.75,-4.0,11.0,0.8737244304493066
2937,16444,506602_bpc,506302_bpc,35.75,47.75,-12.0,-1.0,0.6957969111396558
15090,12405,505302_bpc,506002_bpc,46.25,44.75,1.5,-23.0,0.913344777226622
29302,14103,514202_bpc,510102_bpc,41.5,50.0,-8.5,-1.4428711,0.5127397114882256
5419,15745,503001_mpc,502505_hec,31.25,26.5,4.75,-4.0,0.6448093982200537
29382,29767,510102_bpc,512202_bpc,25.5,17.5,8.0,24.0,0.9053836139506336
18742,38201,505102_bpc,505802_bpc,33.25,33.25,0.0,-12.557129,0.8226152348782436
6197,12794,505801_mpc,505501_mpc,42.5,42.75,-0.25,-2.0,0.8023982009274696
15452,28720,512401_mpc,512402_bpc,17.75,27.75,-10.0,-10.0,0.8770025959523635
10208,21820,511401_mpc,511201_mpc,48.75,60.0,-11.25,-2.0,0.8728967123271835
4690,10770,515001_mpc,508501_mpc,57.0,58.5,-1.5,-5.0,0.9581971380128014
20859,16690,501601_mpc,502101_mpc,40.75,38.25,2.5,19.0,0.8844883247931741
9094,12554,502802_bpc,503001_mpc,45.25,57.5,-12.25,4.0,0.7771952046678048
35515,38695,509302_bpc,509502_bpc,22.5,10.5,12.0,1.0,0.831568367268594
13008,6344,504701_mpc,504503_mec,28.75,25.0,3.75,24.0,0.8903864574177214
10018,6959,509001_mpc,502504_cec,35.75,33.75,2.0,-7.0,0.583982537037185
25879,27946,502201_mpc,502202_bpc,63.0,60.5,2.5,4.0,0.9747983175196349
38581,390,505502_bpc,505602_bpc,34.25,35.25,-1.0,16.0,0.8631893702033323
3707,34950,503001_mpc,502701_mpc,32.5,37.5,-5.0,21.0,0.8466661320894311
22623,12079,502802_bpc,502505_hec,12.5,10.0,2.5,-13.0,0.8985932819414393
7194,20334,514201_mpc,513704_cec,31.75,23.75,8.0,21.0,0.5762435189795329
15286,11699,503301_mpc,504002_bpc,58.75,64.5,-5.75,2.0,0.9264873431338904
22959,6766,503301_mpc,503601_mpc,52.5,57.0,-4.5,7.0,0.9073811117993134
4452,25225,511901_mpc,510101_mpc,65.25,60.0,5.25,-5.0,0.9142437470607824
28351,5684,509402_bpc,508402_bpc,30.0,30.5,-0.5,0.0,0.9094976217689041
8343,6982,502102_bpc,502202_bpc,41.25,46.0,-4.75,-4.0,0.864321371405484
18611,7832,509502_bpc,508802_bpc,48.75,53.5,-4.75,-4.0,0.9360782857904122
22550,24931,502801_mpc,502505_hec,30.0,6.25,23.75,-1.0,0.7270647514052984
12343,23362,514202_bpc,514002_bpc,35.0,28.75,6.25,-3.0,0.7899586258957279
4464,2833,508102_bpc,507402_bpc,42.5,46.75,-4.25,-4.0,0.8016478605688659
1930,26936,505802_bpc,505602_bpc,93.75,68.75,25.0,21.442871,0.9694696781295903
6881,2047,507802_bpc,508102_bpc,31.0,29.0,2.0,-2.0,0.9541026415839511
31969,16301,508801_mpc,515001_mpc,40.0,41.25,-1.25,10.0,0.8799047200647249
11487,1743,505502_bpc,502505_hec,27.5,14.0,13.5,10.0,0.8215178110912794
8213,2645,509201_mpc,509301_mpc,36.5,31.75,4.75,11.0,0.8574818913351013
38788,21572,514001_mpc,514201_mpc,58.75,53.75,5.0,3.0,0.979806472108212
14059,12394,501601_mpc,501502_bpc,105.25,77.75,27.5,17.0,0.9858870969505183
24897,20882,503201_mpc,503101_mpc,70.0,55.25,14.75,2.0,0.929987562620705
30553,16462,511401_mpc,512601_mpc,65.0,98.75,-33.75,-7.0,0.9027934375962109
20185,21615,504202_bpc,507301_mpc,32.75,36.75,-4.0,-25.0,0.7840643961836632
5225,4320,503904_cec,504002_bpc,23.25,25.5,-2.25,28.0,0.9042847946529919
12663,36903,502504_cec,502005_hec,35.5,38.75,-3.25,18.0,0.6395392183075451
26234,2520,512202_bpc,511901_mpc,70.0,91.25,-21.25,-23.442871,0.946551398800417
2244,13916,501601_mpc,501801_mpc,55.5,50.75,4.75,6.0,0.9469475132136311
22432,8435,512501_mpc,512702_bpc,56.25,51.5,4.75,-13.0,0.9397027676027196
27385,33730,501502_bpc,501802_bpc,59.0,67.5,-8.5,-5.0,0.9810701534047308
33541,11752,502004_cec,501502_bpc,32.5,37.25,-4.75,-22.0,0.8122324232137625
6610,6293,506201_mpc,509002_bpc,23.75,9.5,14.25,-3.0,0.8555417434681177
4437,4962,507904_cec,506404_cec,34.5,21.25,13.25,2.0,0.47064870994437297
6244,20284,502202_bpc,502005_hec,31.25,27.5,3.75,0.0,0.8856980773646612
12499,2506,508802_bpc,509402_bpc,41.25,40.0,1.25,5.0,0.8516222452409303
1710,24139,507702_bpc,507602_bpc,22.5,17.5,5.0,38.0,0.9190429736040574
2193,8387,503301_mpc,503601_mpc,13.5,4.75,8.75,22.0,0.8535978336030129
3921,31726,514301_mpc,514502_bpc,13.75,18.75,-5.0,25.0,0.9173534865551723
24713,31139,508904_cec,509202_bpc,25.0,15.25,9.75,-11.0,0.8893053385318713
17505,25918,512802_bpc,512801_mpc,21.25,23.5,-2.25,-14.0,0.8359935054214555
32887,5704,513601_mpc,511701_mpc,55.0,71.25,-16.25,3.0,0.8100984899542272
13445,18705,514302_bpc,514301_mpc,33.25,25.25,8.0,-5.0,0.8320539893794903
11409,12691,505203_mec,505401_mpc,28.5,23.75,4.75,4.0,0.8331822998938703
31626,27215,508701_mpc,509301_mpc,40.0,37.5,2.5,1.0,0.812135441298071
8578,6624,502102_bpc,501802_bpc,38.75,36.5,2.25,9.0,0.7097841743755552
16728,6501,505602_bpc,505302_bpc,24.0,12.5,11.5,19.0,0.9131860569618669
21319,17811,511802_bpc,511701_mpc,23.75,32.5,-8.75,3.0,0.7693303744266402
35632,8213,509401_mpc,509201_mpc,32.5,36.5,-4.0,-5.0,0.8404964042764257
17505,17428,512802_bpc,513104_cec,21.25,13.0,8.25,14.0,0.9574584010034359
15286,32861,503301_mpc,503101_mpc,58.75,65.0,-6.25,-16.0,0.9370292388242372
14494,6360,502004_cec,501602_bpc,34.0,34.5,-0.5,-17.0,0.8119347736696332
17372,16302,506904_cec,506404_cec,40.25,27.5,12.75,-10.0,0.5589862430948535
27149,9664,507401_mpc,508201_mpc,47.5,67.75,-20.25,-3.0,0.852475020451258
5787,6190,511702_bpc,513601_mpc,20.0,14.75,5.25,8.0,0.9463678225442378
5035,10055,503101_mpc,503301_mpc,43.0,37.5,5.5,1.0,0.8288670406720954
38786,35675,505802_bpc,505602_bpc,33.75,33.75,0.0,15.0,0.8924671458642021
28635,25652,501601_mpc,501903_mec,40.0,40.0,0.0,6.0,0.895286327217415
19159,15715,504001_mpc,504201_mpc,35.25,31.5,3.75,-21.0,0.8575075360321766
29757,8174,514502_bpc,514302_bpc,19.0,21.0,-2.0,-15.0,0.9202319173386883
22182,21109,508302_bpc,509105_hec,22.5,18.75,3.75,-10.0,0.8234810101445295
20855,2752,514801_mpc,514501_mpc,83.75,86.25,-2.5,16.0,0.9514760528023275
33533,29306,511702_bpc,511802_bpc,35.25,26.25,9.0,-26.0,0.6642572072642954
17554,9875,509001_mpc,508401_mpc,52.25,54.0,-1.75,-8.0,0.9475205850960179
16418,27301,513202_bpc,514202_bpc,26.5,13.75,12.75,12.0,0.70266578657704
4252,8108,505402_bpc,505302_bpc,43.75,47.5,-3.75,3.0,0.8669651412858288
16340,10294,507402_bpc,507602_bpc,51.5,49.5,2.0,-1.0,0.9428397141335985
27685,21436,502005_hec,501903_mec,15.25,16.25,-1.0,-1.0,0.9174666215812364
13311,24705,501903_mec,501904_cec,35.25,34.25,1.0,-9.0,0.7560863459011631
38838,17352,506001_mpc,505401_mpc,53.0,65.0,-12.0,-12.0,0.942212324704657
5395,11233,509201_mpc,508702_bpc,26.75,17.5,9.25,-16.0,0.8832444697692675
29328,15860,504002_bpc,503802_bpc,40.25,44.75,-4.5,-13.0,0.6448191973757651
27692,32800,511801_mpc,513601_mpc,37.5,37.0,0.5,1.0,0.5894362680042471
5802,293,509002_bpc,508402_bpc,36.25,31.25,5.0,15.0,0.6050736653450514
18555,21291,505401_mpc,505501_mpc,75.25,81.25,-6.0,5.0,0.9865434502555057
4527,2367,508301_mpc,508701_mpc,45.25,62.5,-17.25,-6.0,0.8455473710264078
14380,39019,506002_bpc,505501_mpc,10.25,11.5,-1.25,9.0,0.9235480303909218
18422,15676,506301_mpc,506101_mpc,56.25,47.5,8.75,10.0,0.9307699563136118
22387,14464,502701_mpc,503001_mpc,33.75,34.25,-0.5,24.0,0.9193436140579975
8435,19022,512702_bpc,512701_mpc,51.5,60.25,-8.75,-5.0,0.9277466076419786
7199,18015,510101_mpc,512202_bpc,51.25,58.75,-7.5,-6.0,0.8517856643642903
26273,23134,505702_bpc,505102_bpc,18.0,2.5,15.5,-23.442871,0.8282198102528969
16865,7549,505204_cec,505502_bpc,25.0,13.75,11.25,14.0,0.8706978106243157
271,2720,514302_bpc,514502_bpc,34.0,29.25,4.75,-12.0,0.7811579866685888
30277,37642,510101_mpc,511901_mpc,35.0,36.25,-1.25,-12.0,0.9103488879157369
2783,113,508802_bpc,509502_bpc,42.25,43.75,-1.5,1.0,0.8434994062545962
7386,31437,503101_mpc,503201_mpc,63.0,53.75,9.25,-3.0,0.9402584444643495
9300,19831,503002_bpc,502702_bpc,38.75,39.25,-0.5,1.0,0.9187733948898121
20970,11717,504504_cec,502701_mpc,59.5,57.5,2.0,-6.0,0.8777085206647365
35613,14482,502801_mpc,502802_bpc,52.5,45.25,7.25,16.0,0.8507251646086851
566,8653,505602_bpc,505301_mpc,35.0,37.0,-2.0,1.0,0.6667882422416572
19739,21765,514902_bpc,514702_bpc,45.0,54.5,-9.5,22.0,0.8682493173257322
3177,23629,508001_mpc,508201_mpc,32.5,31.25,1.25,18.0,0.8534566243876268
18949,12985,514001_mpc,514201_mpc,42.5,63.75,-21.25,-34.0,0.6757457119105177
24340,23540,514402_bpc,511401_mpc,25.0,27.75,-2.75,5.0,0.918796429320606
18600,721,511902_bpc,510102_bpc,71.5,67.5,4.0,53.0,0.9776659305870143
8031,2874,502801_mpc,509501_mpc,55.75,56.25,-0.5,-2.0,0.8944963532352118
5577,3919,508101_mpc,507501_mpc,50.0,55.25,-5.25,1.0,0.9139636399733639
6365,11553,505102_bpc,502005_hec,32.5,30.0,2.5,-3.0,0.729316344295782
2930,30180,514902_bpc,514802_bpc,21.5,17.5,4.0,-2.0,0.9686440827184409
12875,3460,506701_mpc,507201_mpc,28.75,23.75,5.0,-20.0,0.8956055948447855
3775,20779,506701_mpc,505901_mpc,15.0,25.0,-10.0,-28.0,0.8914714631009801
8556,9062,502802_bpc,502702_bpc,45.5,39.0,6.5,-14.0,0.7684712223431587
20234,29580,513704_cec,514001_mpc,33.75,22.5,11.25,6.0,0.6387552731359183
6863,1927,504503_mec,502505_hec,21.5,11.25,10.25,-4.0,0.7554026661764309
5673,37263,504503_mec,504702_bpc,51.25,56.25,-5.0,-5.0,0.8442543881303679
11175,3889,514902_bpc,514901_mpc,30.75,31.25,-0.5,2.0,0.8494979835693978
27397,4455,503905_hec,502504_cec,17.25,6.25,11.0,-1.0,0.9007389225741305
25928,271,514301_mpc,514302_bpc,33.0,34.0,-1.0,55.0,0.9239379041883796
22263,1996,505501_mpc,505204_cec,47.25,55.0,-7.75,-8.0,0.8542679550922079
8365,5280,514501_mpc,514401_mpc,34.25,23.75,10.5,-10.0,0.7839850892580655
14744,20269,506903_mec,507002_bpc,21.25,22.5,-1.25,21.0,0.9501987669939969
5501,12954,512902_bpc,512901_mpc,45.0,46.0,-1.0,5.0,0.9182984358722777
32844,14150,514202_bpc,513602_bpc,47.5,41.25,6.25,54.0,0.7357468543831083
30651,7199,514901_mpc,510101_mpc,52.75,51.25,1.5,-37.0,0.9551962728053083
23760,8115,511604_cec,511304_cec,12.5,15.25,-2.75,10.0,0.9474033028813368
16378,4221,509202_bpc,508302_bpc,48.75,47.5,1.25,7.0,0.8811514360538757
1633,14779,512401_mpc,512402_bpc,27.5,27.25,0.25,23.0,0.8818030920399211
30751,15413,506202_bpc,506302_bpc,66.5,71.75,-5.25,-13.0,0.9545587215410516
10122,11211,511604_cec,513104_cec,24.25,22.0,2.25,-19.0,0.8890606562690829
18315,12731,513704_cec,511801_mpc,17.5,17.5,0.0,-11.0,0.9391594770654396
36478,18793,511802_bpc,511701_mpc,49.0,54.5,-5.5,23.0,0.937826538103966
97,8250,507702_bpc,507602_bpc,36.25,32.5,3.75,13.0,0.9116699366287664
3072,14814,507002_bpc,506502_bpc,47.5,48.75,-1.25,1.0,0.7857871461092961
21416,3764,506702_bpc,506903_mec,19.75,22.5,-2.75,-9.0,0.9190174792975478
11993,6893,504201_mpc,504001_mpc,47.5,68.75,-21.25,15.0,0.7836920996956902
27215,30991,509301_mpc,509201_mpc,37.5,37.75,-0.25,0.0,0.8132980437309989
29587,4945,506903_mec,506701_mpc,21.75,20.0,1.75,-12.0,0.906671800544883
13698,17782,506501_mpc,506601_mpc,40.0,31.5,8.5,-5.0,0.6835016668437219
2734,5658,507601_mpc,507801_mpc,21.0,20.0,1.0,35.0,0.9410216456299453
15614,333,509202_bpc,508702_bpc,43.5,41.0,2.5,1.0,0.9266730505840057
5983,1045,512601_mpc,512702_bpc,21.25,25.25,-4.0,28.0,0.7849481728023806
25469,18642,512502_bpc,512701_mpc,46.25,42.5,3.75,6.0,0.8760246891886593
5227,32222,507001_mpc,506701_mpc,42.5,58.5,-16.0,-12.0,0.7124087383968358
26625,23682,506201_mpc,506202_bpc,72.5,61.0,11.5,-10.0,0.9671547867402174
794,17588,506702_bpc,507302_bpc,37.5,36.75,0.75,-10.0,0.8737886123891648
794,2808,506702_bpc,507302_bpc,37.5,32.75,4.75,-16.0,0.9091824830232226
22971,38121,505301_mpc,506801_mpc,13.75,18.25,-4.5,-30.0,0.9954196985732661
30802,20760,502004_cec,501601_mpc,42.5,40.0,2.5,-11.0,0.8835498899099031
10521,14077,505901_mpc,505801_mpc,45.0,43.5,1.5,-1.0,0.8205422363674019
6095,11331,507702_bpc,507701_mpc,26.25,14.0,12.25,-5.0,0.877866454807865
17479,19809,503202_bpc,513602_bpc,15.0,-5.0,20.0,35.0,0.8388437733436007
6280,7076,506101_mpc,504201_mpc,50.0,48.75,1.25,0.0,0.7594313432762165
34011,24959,508801_mpc,508501_mpc,52.5,69.5,-17.0,12.0,0.9175744469284732
27301,33011,514202_bpc,511902_bpc,13.75,14.0,-0.25,-4.0,0.8794640539768056
17504,23477,509001_mpc,508801_mpc,37.5,36.75,0.75,15.0,0.7177924481977461
19988,20830,503905_hec,506404_cec,7.75,10.75,-3.0,-2.0,0.9099264313106016
10401,30494,513503_mec,513504_cec,9.75,16.5,-6.75,3.0,0.9055220072913921
10491,692,501802_bpc,501601_mpc,20.0,20.5,-0.5,0.0,0.9005240851404084
3627,22186,503301_mpc,503101_mpc,33.25,27.5,5.75,-13.0,0.6983906452902728
22384,20882,503802_bpc,503101_mpc,55.0,55.25,-0.25,5.0,0.8497561255585727
5440,18187,512801_mpc,513104_cec,9.75,15.0,-5.25,30.0,0.9192280381273891
19358,11536,506903_mec,506904_cec,25.75,25.25,0.5,-41.0,0.8125063053783845
3404,8985,508002_bpc,507602_bpc,51.25,61.75,-10.5,10.0,0.9028916553146121
16543,28294,513202_bpc,513403_mec,47.5,47.5,0.0,-5.0,0.7597878911106777
14646,34390,511202_bpc,511303_mec,30.0,21.75,8.25,14.0,0.7454041136390724
5611,7539,506802_bpc,503202_bpc,67.5,90.0,-22.5,-4.0,0.9025555734250904
39104,22101,504503_mec,504701_mpc,65.5,65.0,0.5,1.0,0.9578275895771159
1710,13578,507702_bpc,507802_bpc,22.5,10.5,12.0,-12.0,0.9055553349415368
25934,24964,510102_bpc,512202_bpc,20.0,15.25,4.75,37.0,0.8673307848945923
3137,12060,504701_mpc,504401_mpc,55.25,53.75,1.5,4.0,0.8934000727653593
17505,9349,512802_bpc,513103_mec,21.25,16.5,4.75,42.0,0.8962683076298276
21319,28014,511802_bpc,513601_mpc,23.75,23.75,0.0,-2.0,0.8013566999570916
15898,30491,507001_mpc,507301_mpc,18.75,5.25,13.5,11.557129,0.8387331768217644
5554,6355,506002_bpc,505902_bpc,34.5,38.75,-4.25,19.0,0.9188244446844704
4189,18910,506702_bpc,507302_bpc,33.25,38.75,-5.5,-16.442871,0.7837714244077854
11847,3729,506102_bpc,506302_bpc,55.25,56.5,-1.25,5.0,0.9824852298011373
3903,423,514801_mpc,514602_bpc,16.5,7.5,9.0,-13.0,0.9317674788886617
9136,20354,509302_bpc,508802_bpc,39.25,32.5,6.75,43.0,0.786709657811927
26307,14778,504201_mpc,502504_cec,21.25,16.25,5.0,-36.0,0.8942730800351912
4116,1541,504701_mpc,504702_bpc,36.25,30.0,6.25,-28.0,0.7956678972738283
35360,5000,507301_mpc,507501_mpc,67.5,100.25,-32.75,-6.0,0.9097334358773382
13710,21394,506702_bpc,507202_bpc,25.25,19.0,6.25,7.0,0.8971927236393207
11409,6025,505203_mec,505102_bpc,28.5,35.0,-6.5,16.0,0.8338415757309399
23243,37167,513201_mpc,513403_mec,40.75,36.25,4.5,16.0,0.6736079050348586
5179,14809,507904_cec,507702_bpc,15.0,14.25,0.75,-7.0,0.9101104042927765
8517,25198,513103_mec,512901_mpc,18.75,25.75,-7.0,-20.0,0.8606577108127135
19032,7186,504503_mec,504903_mec,30.0,22.75,7.25,-43.0,0.9176600735456789
20669,17554,508401_mpc,509001_mpc,44.25,52.25,-8.0,-13.0,0.7753312542726656
5511,22251,504503_mec,504701_mpc,25.0,30.0,-5.0,-39.0,0.8160814746444183
9919,9182,507301_mpc,506501_mpc,60.0,82.5,-22.5,-11.0,0.9538039948050037
194,19043,511401_mpc,511202_bpc,66.0,58.5,7.5,6.0,0.9424094546313663
13540,16146,501502_bpc,501602_bpc,52.5,53.75,-1.25,27.0,0.9460787834977924
29087,8898,514402_bpc,514302_bpc,18.75,15.0,3.75,19.0,0.929299738758333
3627,7808,503301_mpc,503101_mpc,33.25,21.25,12.0,-11.0,0.7409181353908949
18616,31741,511701_mpc,512801_mpc,25.0,13.0,12.0,27.0,0.8998099555939928
27478,692,501502_bpc,501601_mpc,22.0,20.5,1.5,-4.0,0.9391076527650933
24978,8937,505101_mpc,505701_mpc,80.25,70.0,10.25,23.0,0.9821222088590402
14174,7744,501602_bpc,501904_cec,22.25,9.5,12.75,16.0,0.8731611715256455
5635,17771,508001_mpc,508101_mpc,22.5,27.5,-5.0,-12.442871,0.9602220823707724
20779,13043,505901_mpc,506002_bpc,25.0,26.25,-1.25,11.0,0.9465636222785176
5684,10790,508402_bpc,509502_bpc,30.5,31.25,-0.75,-6.0,0.7900623463952428
10649,5232,505702_bpc,505602_bpc,34.25,35.0,-0.75,13.0,0.8072358225140691
16775,14099,511801_mpc,511802_bpc,22.75,16.25,6.5,28.0,0.8668526259486533
5448,19080,506102_bpc,506302_bpc,65.0,67.5,-2.5,-5.0,0.9915196144170917
7877,28764,504701_mpc,504903_mec,30.5,27.5,3.0,6.0,0.7735955382733423
33088,12622,504401_mpc,504701_mpc,80.0,61.25,18.75,2.0,0.9693220298912868
11391,16989,512402_bpc,512201_mpc,46.5,42.25,4.25,8.0,0.7840985602641211
19047,5559,506302_bpc,506202_bpc,46.25,51.25,-5.0,-1.0,0.9177960704126766
20402,21891,513704_cec,511801_mpc,59.0,87.25,-28.25,-17.0,0.857294336219496
13016,14965,508302_bpc,509402_bpc,36.0,33.75,2.25,-4.0,0.9372278280411527
19734,20069,513602_bpc,514202_bpc,29.0,13.0,16.0,14.442871,0.7745836299802032
5375,2105,515001_mpc,509301_mpc,73.75,91.5,-17.75,3.0,0.983264267542531
27857,27397,507201_mpc,503905_hec,10.75,17.25,-6.5,-51.0,0.92028241293064
12980,38572,515002_bpc,508802_bpc,71.25,58.75,12.5,-1.0,0.9538359976472143
4657,22601,512601_mpc,512701_mpc,53.0,61.25,-8.25,-3.0,0.9531015201132972
19432,3276,503602_bpc,503802_bpc,40.25,42.5,-2.25,4.0,0.8892180380448163
14644,25604,506201_mpc,507001_mpc,58.75,72.5,-13.75,3.0,0.9615011292284983
21251,22829,506801_mpc,507301_mpc,30.0,31.25,-1.25,19.0,0.9011293230839679
17490,2391,502004_cec,502005_hec,34.25,30.0,4.25,-21.0,0.8201115585401271
6492,20677,502505_hec,502801_mpc,4.5,12.5,-8.0,-45.0,0.9163794286887494
1990,2572,508101_mpc,508001_mpc,37.5,39.0,-1.5,8.0,0.9124689681955961
4044,20339,508502_bpc,508501_mpc,58.5,73.25,-14.75,6.0,0.9050113541010325
30061,3668,505901_mpc,505701_mpc,49.0,68.75,-19.75,17.0,0.8521743820009826
3576,38315,513602_bpc,512104_cec,8.75,10.0,-1.25,0.0,0.8874166205279527
14889,12394,501802_bpc,501502_bpc,69.5,77.75,-8.25,4.0,0.9554105678750023
22729,1029,509104_cec,501903_mec,30.0,18.75,11.25,23.0,0.613002738305324
14295,29482,511902_bpc,510101_mpc,50.25,62.0,-11.75,19.0,0.8736850540257177
22499,38667,504002_bpc,503202_bpc,35.75,38.75,-3.0,-2.0,0.8435580495030394
25151,10494,511401_mpc,511604_cec,21.25,13.75,7.5,21.0,0.8404981161221303
7453,10598,506802_bpc,506801_mpc,67.25,60.0,7.25,-6.0,0.960941564796988
20760,7359,501601_mpc,501801_mpc,40.0,46.5,-6.5,8.0,0.8419779294047217
24593,28268,506903_mec,506404_cec,18.0,1.0,17.0,-27.0,0.8376747929669573
7935,7340,504904_cec,504401_mpc,23.75,20.0,3.75,4.0,0.9298574980791771
11556,16550,501502_bpc,501801_mpc,37.75,35.25,2.5,1.0,0.8754332509523195
21279,32961,506202_bpc,506302_bpc,45.75,48.75,-3.0,3.0,0.9404024178841378
27225,11565,508202_bpc,507702_bpc,12.5,12.75,-0.25,-22.442871,0.981040999282022
16277,17173,507002_bpc,506502_bpc,41.25,50.75,-9.5,-9.0,0.8122927920932568
4659,31437,503301_mpc,503201_mpc,44.0,53.75,-9.75,2.0,0.7360460784205667
4219,24311,504702_bpc,504701_mpc,52.75,59.25,-6.5,2.0,0.8480703641627545
1718,4729,512801_mpc,512802_bpc,42.5,42.75,-0.25,33.0,0.7561444892336204
20019,24249,508501_mpc,508904_cec,57.5,68.0,-10.5,-11.0,0.9459460206968355
33524,34936,507001_mpc,506501_mpc,43.75,45.0,-1.25,3.0,0.7943880611444127
385,451,514602_bpc,514601_mpc,17.5,9.0,8.5,11.0,0.963796853115898
9700,24474,502802_bpc,502701_mpc,33.75,37.5,-3.75,3.0,0.8086607057978925
12781,10948,503301_mpc,503801_mpc,33.25,35.75,-2.5,-2.0,0.7247270722060345
7677,25845,512401_mpc,512201_mpc,30.5,33.75,-3.25,-9.0,0.8420675013495194
3863,4313,507601_mpc,508101_mpc,17.5,17.5,0.0,-38.0,0.9703786240739428
1270,38582,505902_bpc,505302_bpc,39.25,43.5,-4.25,14.0,0.7596322805740875
16028,7679,511901_mpc,512401_mpc,20.0,5.0,15.0,31.0,0.9531003500293941
37595,4451,503102_bpc,503202_bpc,26.5,3.75,22.75,-32.0,0.8156339743912273
24798,8068,504903_mec,504504_cec,10.25,23.75,-13.5,-36.0,0.8985400024071921
5205,5063,505301_mpc,505101_mpc,15.0,20.0,-5.0,-45.0,0.9217383460928773
2182,10411,506002_bpc,505203_mec,33.75,30.25,3.5,-25.0,0.8656124139162239
6206,3518,511603_mec,513103_mec,16.25,15.0,1.25,19.0,0.9282943292604865
20253,2997,514302_bpc,514502_bpc,27.5,33.75,-6.25,15.0,0.9076297182699045
19962,3550,514301_mpc,514401_mpc,34.25,22.5,11.75,32.0,0.754521580990603
8652,5162,509105_hec,508501_mpc,17.5,27.25,-9.75,23.0,0.8739188000970809
13086,12634,503001_mpc,502701_mpc,31.25,38.75,-7.5,-7.0,0.7003271985960974
16591,21375,511702_bpc,514401_mpc,35.0,23.75,11.25,-19.0,0.5255717471959391
16398,9133,512801_mpc,512902_bpc,61.25,52.25,9.0,11.0,0.9045217402494311
24388,6445,508802_bpc,515002_bpc,29.5,31.25,-1.75,-20.0,0.8805762777852475
1523,15003,506801_mpc,506802_bpc,25.75,21.25,4.5,-32.0,0.8949678532960579
8051,4575,504504_cec,504401_mpc,27.5,26.5,1.0,1.0,0.9051890786446766
19058,28985,508502_bpc,509502_bpc,31.5,27.75,3.75,2.0,0.8477361029220406
10059,25241,506501_mpc,507001_mpc,34.75,33.25,1.5,-16.0,0.7623913301398577
19841,38111,511801_mpc,511701_mpc,22.0,25.0,-3.0,41.0,0.8791214303952377
18316,8761,509001_mpc,509104_cec,27.5,21.25,6.25,-11.0,0.8070767235295664
9181,8850,508402_bpc,509002_bpc,30.5,23.75,6.75,-22.0,0.8168463876821315
21409,21318,514202_bpc,512902_bpc,65.0,61.75,3.25,3.0,0.9479701646403778
18037,4019,504001_mpc,503101_mpc,43.75,52.5,-8.75,-5.0,0.7882582491410483
6523,14372,501802_bpc,502102_bpc,44.0,41.25,2.75,-1.0,0.7995869486511139
316,18829,514901_mpc,514601_mpc,38.75,38.75,0.0,-2.0,0.9559406597816026
24411,10847,502004_cec,502005_hec,29.25,19.75,9.5,14.0,0.7818151664847578
14905,4069,507502_bpc,507802_bpc,33.0,28.25,4.75,9.0,0.8781591070869926
20708,2590,514701_mpc,514601_mpc,64.5,52.0,12.5,11.0,0.9277097111334944
19490,32209,514701_mpc,514601_mpc,23.75,21.75,2.0,5.0,0.8670724548423022
6361,30104,507002_bpc,506602_bpc,33.0,31.5,1.5,-5.0,0.8801573017428941
17402,11673,501601_mpc,502101_mpc,26.75,29.0,-2.25,16.0,0.855531202010834
3318,14056,505801_mpc,505102_bpc,38.75,44.75,-6.0,-27.0,0.7949909433642876
13483,23643,504702_bpc,504903_mec,42.5,41.5,1.0,-14.0,0.810465345347426
30170,25403,506501_mpc,506802_bpc,42.0,36.5,5.5,17.0,0.6891358952984981
18655,8532,513504_cec,510102_bpc,13.75,17.5,-3.75,16.0,0.9478672099369942
958,505,509301_mpc,509001_mpc,93.75,78.0,15.75,5.0,0.9815187411010877
11918,8417,502102_bpc,501602_bpc,34.5,28.75,5.75,3.0,0.7929035890840075
36109,2208,508202_bpc,507702_bpc,31.75,25.0,6.75,3.0,0.880743756522668
20192,8427,501801_mpc,501601_mpc,46.25,57.5,-11.25,2.0,0.8568598478327342
11076,16425,503904_cec,504001_mpc,19.75,25.0,-5.25,8.0,0.8409140308131471
8936,14014,505302_bpc,505601_mpc,39.75,36.25,3.5,3.0,0.6449329100654884
28941,9613,508501_mpc,508401_mpc,38.75,36.25,2.5,-7.0,0.7630857117132305
7560,33258,502101_mpc,502201_mpc,38.75,37.75,1.0,-11.0,0.9621878647511937
2958,7633,503201_mpc,503101_mpc,61.25,57.25,4.0,-1.0,0.9067438123906901
3424,20129,514601_mpc,514802_bpc,13.75,13.75,0.0,-2.0,0.9032150070094142
4999,13384,505601_mpc,514301_mpc,63.75,97.75,-34.0,14.0,0.8881686933066347
16549,13009,506404_cec,506502_bpc,47.75,61.25,-13.5,-16.0,0.8704351770932122
1277,18232,508502_bpc,509301_mpc,30.25,30.0,0.25,23.0,0.7144873090338404
18551,7635,508401_mpc,508801_mpc,53.75,61.5,-7.75,-12.0,0.8695557008382137
31728,30976,513904_cec,513503_mec,16.5,19.0,-2.5,0.0,0.9392046391000118
10701,2403,502505_hec,502702_bpc,15.25,12.5,2.75,-21.0,0.9569322307394279
24733,1643,506102_bpc,506101_mpc,66.25,82.5,-16.25,-1.0,0.9590884668703986
10752,17372,502504_cec,506904_cec,37.5,40.25,-2.75,1.0,0.5557801854143609
1270,30606,505902_bpc,506002_bpc,39.25,39.75,-0.5,18.0,0.7892482040814287
20030,2900,512701_mpc,512501_mpc,37.5,33.75,3.75,34.0,0.8842828527952278
22959,3977,503301_mpc,503801_mpc,52.5,90.25,-37.75,-14.0,0.8230943416062608
14886,3556,508101_mpc,508002_bpc,30.0,23.75,6.25,16.0,0.8910296862953236
7552,8705,503202_bpc,504202_bpc,30.0,32.25,-2.25,3.0,0.9540163412237974
36580,2465,513202_bpc,513403_mec,35.25,37.5,-2.25,2.0,0.8639991694515207
38435,1533,512602_bpc,512502_bpc,57.5,53.0,4.5,16.0,0.9291309870742372
25461,1559,513103_mec,505601_mpc,100.0,103.0,-3.0,-15.0,0.9626819147450406
7633,30530,503101_mpc,503301_mpc,57.25,62.5,-5.25,-2.0,0.907451191025838
3661,12191,508102_bpc,508001_mpc,12.5,8.5,4.0,-7.0,0.9766444023700963
8272,30651,512802_bpc,514901_mpc,58.5,52.75,5.75,45.0,0.887583793652402
14165,17030,511901_mpc,512202_bpc,36.25,40.25,-4.0,-14.0,0.6095739624669982
3687,28661,514602_bpc,514801_mpc,27.5,31.75,-4.25,15.0,0.8718735272474218
6376,20855,512501_mpc,514801_mpc,70.5,83.75,-13.25,-10.0,0.9278128503541864
23675,18601,508401_mpc,508301_mpc,79.0,72.5,6.5,-12.0,0.955252936214667
17459,7346,508101_mpc,507701_mpc,27.25,23.75,3.5,9.0,0.9219934600365853
4107,13325,504202_bpc,503302_bpc,21.25,22.75,-1.5,12.0,0.8389105086515558
17519,27857,502004_cec,507201_mpc,22.5,10.75,11.75,31.0,0.8694636614790461
20669,6473,508401_mpc,508301_mpc,44.25,45.0,-0.75,2.0,0.7811922229226554
865,13670,505501_mpc,505902_bpc,38.5,38.75,-0.25,1.0,0.6835959343798135
1836,11472,513404_cec,512104_cec,18.75,8.75,10.0,25.0,0.9089925845743869
22375,6148,501502_bpc,502102_bpc,28.75,19.0,9.75,0.0,0.9139861074631661
1834,16868,505602_bpc,505203_mec,34.25,28.75,5.5,20.0,0.8461600289667162
16153,15576,514902_bpc,514602_bpc,41.25,39.0,2.25,15.0,0.725412007136234
20208,33036,509302_bpc,509502_bpc,42.25,48.75,-6.5,47.0,0.9073528485261625
23897,13946,505802_bpc,505502_bpc,43.75,45.0,-1.25,-13.0,0.9102420347524102
3642,1502,507802_bpc,507702_bpc,21.75,21.25,0.5,25.0,0.9310018427205825
572,20019,509301_mpc,508501_mpc,47.5,57.5,-10.0,-2.0,0.8563272570370768
25139,12357,504401_mpc,504903_mec,20.0,8.75,11.25,5.0,0.8990847827523479
1963,18705,514502_bpc,514301_mpc,32.5,25.25,7.25,-7.0,0.8143455464068599
33044,12895,509202_bpc,508502_bpc,48.5,62.5,-14.0,-13.0,0.8060571242524831
12499,12711,508802_bpc,509302_bpc,41.25,40.75,0.5,-6.0,0.919414766219711
10302,12344,506802_bpc,506404_cec,11.25,6.25,5.0,18.0,0.8818165980887003
12144,20855,511201_mpc,514801_mpc,65.25,83.75,-18.5,-3.0,0.9584625398615596
3688,56,512602_bpc,512501_mpc,26.25,32.5,-6.25,40.0,0.7379526629970128
4154,17792,505402_bpc,505302_bpc,47.0,47.5,-0.5,22.0,0.9186277278203744
8806,3585,514302_bpc,514402_bpc,18.25,1.0,17.25,5.0,0.9573929565938037
2500,35570,508801_mpc,509401_mpc,31.75,32.25,-0.5,10.0,0.8080828745499767
1890,23940,502702_bpc,503002_bpc,31.25,27.75,3.5,-7.0,0.8290682183660589
3512,15822,508201_mpc,507501_mpc,46.25,54.0,-7.75,0.0,0.8759700286707925
22543,9214,514801_mpc,514701_mpc,40.0,41.5,-1.5,-12.0,0.927525042910361
28338,3423,505901_mpc,506001_mpc,25.0,31.75,-6.75,24.0,0.8053203410669467
6665,21484,506802_bpc,507202_bpc,21.0,13.75,7.25,21.0,0.9197416438493733
6803,13998,513404_cec,512104_cec,8.75,16.25,-7.5,-9.0,0.9235132057860259
5614,21614,504702_bpc,504701_mpc,33.75,28.75,5.0,3.0,0.7760543438184815
2176,1620,507402_bpc,508202_bpc,15.5,20.25,-4.75,-9.0,0.9672957140070271
36903,10902,502005_hec,502004_cec,38.75,34.25,4.5,-13.0,0.602826409785102
35787,30553,511202_bpc,511401_mpc,58.75,65.0,-6.25,-5.0,0.9434251603686731
5822,285,505302_bpc,505602_bpc,35.5,34.0,1.5,-5.0,0.5562125596573507
6533,20279,506001_mpc,505801_mpc,52.5,67.5,-15.0,-8.0,0.937510653009056
6481,2979,508202_bpc,507602_bpc,33.75,38.25,-4.5,6.0,0.901213838716888
4527,5210,508301_mpc,509201_mpc,45.25,53.5,-8.25,0.0,0.8996806739527545
23159,22155,507202_bpc,507001_mpc,50.0,81.75,-31.75,-1.0,0.8143105965731465
20033,6443,506702_bpc,507302_bpc,35.0,33.75,1.25,1.0,0.8303750382020454
966,29039,506601_mpc,508903_mec,10.25,26.25,-16.0,4.0,0.8742243828088828
9129,11930,514702_bpc,514802_bpc,40.0,45.25,-5.25,17.0,0.901436371704772
5611,18278,506802_bpc,508501_mpc,67.5,99.75,-32.25,4.0,0.9022391311928387
32222,29054,506701_mpc,506501_mpc,58.5,62.5,-4.0,-2.0,0.9453592000487834
12703,6323,506502_bpc,506501_mpc,42.0,46.5,-4.5,-12.0,0.786893993083134
626,14334,506201_mpc,506202_bpc,75.25,92.75,-17.5,5.0,0.9576641031077844
21985,14730,512104_cec,513504_cec,33.75,28.75,5.0,-22.0,0.7190569008384446
25234,4295,511604_cec,513504_cec,31.25,30.0,1.25,8.0,0.5576171597262203
17428,27261,513104_cec,513404_cec,13.0,-2.5,15.5,-8.0,0.8620009310202692
18128,11772,512702_bpc,512501_mpc,70.0,75.0,-5.0,-19.0,0.9763799595456836
97,2047,507702_bpc,508102_bpc,36.25,29.0,7.25,3.0,0.8166764840208084
10016,12457,508101_mpc,507701_mpc,26.75,23.75,3.0,15.0,0.8384022480492956
10105,33402,514902_bpc,513704_cec,36.25,29.0,7.25,-7.0,0.7356317788940437
33420,1506,508802_bpc,509502_bpc,44.0,50.5,-6.5,-5.0,0.8745133027850477
38655,4262,507602_bpc,507401_mpc,46.25,47.5,-1.25,-7.0,0.8740991706910668
6799,38921,504904_cec,504504_cec,22.5,26.75,-4.25,18.0,0.9473188145934541
5464,2364,508002_bpc,508102_bpc,23.75,29.25,-5.5,-9.0,0.9604534458331556
28092,23343,511802_bpc,511702_bpc,43.75,43.75,0.0,28.0,0.7813207319553659
2306,14989,507801_mpc,507501_mpc,25.0,21.0,4.0,7.0,0.9032597079486645
1565,33292,505302_bpc,505702_bpc,24.5,25.0,-0.5,34.0,0.9007943295814179
3917,10110,509104_cec,505204_cec,21.25,8.75,12.5,-10.0,0.8447618136581785
15740,17079,505901_mpc,505301_mpc,75.25,86.25,-11.0,-6.0,0.9425280215984638
8666,23365,512901_mpc,512801_mpc,47.0,61.25,-14.25,12.0,0.8215894258463465
7773,27261,510102_bpc,513404_cec,21.25,-2.5,23.75,32.0,0.8006581641757538
2940,37341,504401_mpc,504701_mpc,66.75,57.5,9.25,39.0,0.968516732406699
3521,14809,507802_bpc,507702_bpc,11.75,14.25,-2.5,27.0,0.9698726949390188
23629,26349,508201_mpc,507801_mpc,31.25,26.5,4.75,-18.0,0.9389847519998854
35498,16825,513503_mec,514002_bpc,8.75,13.5,-4.75,-18.557129,0.9420359800359497
12858,14059,507301_mpc,501601_mpc,72.5,105.25,-32.75,3.0,0.9301868306401178
37159,3298,505802_bpc,505302_bpc,41.25,43.5,-2.25,-23.0,0.6021906711243332
7263,9404,509401_mpc,506301_mpc,46.25,82.75,-36.5,-5.0,0.6506597217573269
10024,20326,507001_mpc,507301_mpc,56.25,59.5,-3.25,3.0,0.9478647663000702
7649,19904,508903_mec,509001_mpc,8.75,21.75,-13.0,-9.0,0.9189975167729876
25156,39198,505502_bpc,505402_bpc,26.5,32.5,-6.0,21.442871,0.9156115197757119
109,1024,506502_bpc,504701_mpc,72.5,99.25,-26.75,4.0,0.9229101255182562
15688,12732,505901_mpc,505102_bpc,66.25,66.5,-0.25,5.0,0.9632052368467385
6572,1036,508701_mpc,508301_mpc,31.5,36.25,-4.75,15.0,0.7921773278701587
25232,3853,501903_mec,503904_cec,18.75,14.25,4.5,-23.0,0.8537807738362901
10748,5420,509301_mpc,508701_mpc,29.75,27.75,2.0,-1.0,0.8090949712212332
6883,29615,509501_mpc,506101_mpc,73.75,86.25,-12.5,13.0,0.9338043642152054
4206,11928,509302_bpc,508402_bpc,43.0,46.75,-3.75,-8.0,0.7605581411669798
28529,16742,511402_bpc,511202_bpc,51.25,52.75,-1.5,-9.0,0.9666545753338109
28786,1160,512901_mpc,511401_mpc,76.25,105.0,-28.75,3.0,0.9399845133772889
4656,37643,504201_mpc,503905_hec,32.5,36.25,-3.75,-40.0,0.8006506236058202
20255,15434,502801_mpc,503001_mpc,24.75,24.5,0.25,9.0,0.8586654000120149
18894,6973,508904_cec,515002_bpc,25.0,22.5,2.5,-5.0,0.8805501266751556
7843,37804,504401_mpc,504701_mpc,53.5,47.25,6.25,13.0,0.8610973213300395
14240,27329,502201_mpc,501602_bpc,40.0,40.0,0.0,-45.0,0.8675399495520687
1683,7603,501602_bpc,501502_bpc,40.0,43.75,-3.75,-22.0,0.7169237046198401
30324,14656,504903_mec,504201_mpc,23.0,11.5,11.5,13.0,0.9118545494470787
12980,4417,515002_bpc,509402_bpc,71.25,71.75,-0.5,-5.0,0.9568364003344353
38063,23259,510102_bpc,513504_cec,8.75,5.0,3.75,8.0,0.894001775420244
13225,1803,507904_cec,508101_mpc,11.5,17.25,-5.75,-34.0,0.9508570541827804
15414,4820,512401_mpc,511902_bpc,15.5,21.75,-6.25,-45.0,0.9532974779896691
4510,20073,505802_bpc,505502_bpc,45.25,42.5,2.75,12.0,0.8474540620779776
19109,6839,501801_mpc,501903_mec,51.25,67.5,-16.25,0.0,0.901748270449002
4935,5131,508302_bpc,509201_mpc,34.75,32.5,2.25,-9.0,0.869316431494238
16285,19141,509002_bpc,509001_mpc,19.75,22.0,-2.25,14.0,0.8536793197754649
10583,1428,506101_mpc,506201_mpc,31.25,37.75,-6.5,8.0,0.8619024145336655
16387,23618,513504_cec,513704_cec,10.25,12.5,-2.25,14.0,0.9335762454174663
10209,8819,508701_mpc,509201_mpc,40.75,50.0,-9.25,18.0,0.7914978899160663
18012,3601,508102_bpc,507401_mpc,22.5,8.75,13.75,-38.0,0.8742074281490287
4372,10673,506702_bpc,507202_bpc,45.0,61.0,-16.0,44.0,0.7833886296106023
15445,16028,512202_bpc,511901_mpc,18.5,20.0,-1.5,0.0,0.870878135129042
16215,13563,505502_bpc,505102_bpc,41.25,49.75,-8.5,1.0,0.8599655552944476
4940,7736,514802_bpc,514602_bpc,22.5,24.5,-2.0,-14.0,0.8582931928544458
2828,18137,504002_bpc,503201_mpc,27.0,15.25,11.75,9.0,0.8179540808749506
30441,17220,504701_mpc,504702_bpc,31.25,34.0,-2.75,1.0,0.8243015946002249
23016,23992,503001_mpc,502801_mpc,64.5,90.25,-25.75,7.0,0.9685767624057408
12993,21148,503301_mpc,503601_mpc,36.75,33.75,3.0,-15.0,0.9001454396402067
13475,18793,511801_mpc,511701_mpc,52.5,54.5,-2.0,26.0,0.9527584237553754
2806,14109,508301_mpc,508501_mpc,66.25,58.0,8.25,9.0,0.9695503821635074
33292,12029,505702_bpc,506001_mpc,25.0,18.0,7.0,-5.0,0.9259931826678921
23435,16227,506302_bpc,506801_mpc,27.75,17.5,10.25,-12.0,0.8790269458693651
29186,7541,509201_mpc,509301_mpc,66.25,75.75,-9.5,3.0,0.9562935776182028
16607,6365,507702_bpc,505102_bpc,37.5,32.5,5.0,-1.0,0.5466478988709617
13810,5501,512802_bpc,512902_bpc,55.0,45.0,10.0,-18.0,0.8466696079441903
3269,19527,509401_mpc,509501_mpc,44.5,53.25,-8.75,-20.0,0.7918380663184074
22305,19349,508301_mpc,508501_mpc,27.5,28.75,-1.25,-20.0,0.8354157256166165
8965,28521,505702_bpc,505302_bpc,41.25,43.0,-1.75,15.0,0.6883393160386323
18675,13429,511401_mpc,511202_bpc,57.0,55.75,1.25,7.0,0.9106563748485317
8387,14952,503601_mpc,503202_bpc,4.75,21.0,-16.25,-42.0,0.895029309540696
27298,27848,514502_bpc,514601_mpc,68.75,91.75,-23.0,-2.0,0.9094042742751733
10900,37315,511303_mec,511402_bpc,14.0,1.25,12.75,32.0,0.9160781540753624
6311,4381,507401_mpc,507402_bpc,21.25,23.0,-1.75,-5.0,0.9504512267591313
19844,33274,508701_mpc,509201_mpc,51.25,65.5,-14.25,-15.0,0.9282681809051831
11142,2267,505601_mpc,506002_bpc,31.5,26.25,5.25,22.0,0.8529397890835153
3518,29422,513103_mec,513704_cec,15.0,17.5,-2.5,7.0,0.9244080984241817
14026,18153,508301_mpc,509502_bpc,22.75,11.25,11.5,8.0,0.8774930068519146
2408,20494,504702_bpc,504401_mpc,59.75,75.0,-15.25,1.0,0.88462414549165
20119,406,504904_cec,504503_mec,26.25,24.0,2.25,31.0,0.8697175222347722
585,21435,511802_bpc,511702_bpc,26.25,20.0,6.25,41.0,0.9133685060445537
22413,1690,507001_mpc,506404_cec,15.25,4.0,11.25,1.0,0.8828773352609518
7076,18842,504201_mpc,502101_mpc,48.75,66.5,-17.75,-5.0,0.6926988364901177
13862,1866,504503_mec,504402_bpc,22.75,22.5,0.25,-14.0,0.9077512886384616
28661,3889,514801_mpc,514901_mpc,31.75,31.25,0.5,-3.0,0.9220132045634655
10039,18685,514301_mpc,514402_bpc,11.5,7.5,4.0,-34.0,0.9739257623811469
10174,4331,509502_bpc,508502_bpc,62.5,65.0,-2.5,-6.0,0.973288203920865
16283,9062,503002_bpc,502702_bpc,35.25,39.0,-3.75,-11.0,0.9178380865604747
7164,21133,503904_cec,503201_mpc,23.0,15.5,7.5,-4.0,0.831729620207509
3335,37212,506801_mpc,507001_mpc,40.5,40.0,0.5,2.0,0.45313035197256657
19373,6249,506903_mec,505501_mpc,23.75,0.0,23.75,3.0,0.7178794473090598
12283,32538,506001_mpc,505801_mpc,50.25,58.75,-8.5,15.0,0.920045187645936
10531,14697,501601_mpc,501502_bpc,22.75,30.0,-7.25,-15.0,0.8816377364863851
7736,23192,514602_bpc,514901_mpc,24.5,28.75,-4.25,51.0,0.8924847180336077
31407,32844,513903_mec,514202_bpc,50.0,47.5,2.5,1.0,0.9055699659682457
6839,14688,501903_mec,501601_mpc,67.5,61.25,6.25,1.0,0.9769036916487877
13196,968,514702_bpc,514801_mpc,19.0,10.0,9.0,-1.0,0.9231816215895317
7556,33219,511604_cec,511702_bpc,25.0,18.5,6.5,83.0,0.9112087426196569
5635,21108,508001_mpc,507801_mpc,22.5,25.5,-3.0,-11.442871,0.9257715784413267
8500,26029,508701_mpc,509201_mpc,33.75,36.25,-2.5,20.0,0.8686140527233025
19142,32721,502101_mpc,501601_mpc,49.0,62.5,-13.5,-21.0,0.9283536841696296
18173,27904,514501_mpc,514401_mpc,36.75,31.5,5.25,-21.557129,0.9012829021425011
28268,4747,506404_cec,506904_cec,1.0,9.25,-8.25,12.0,0.9528687671331743
18643,161,514701_mpc,514602_bpc,34.0,29.0,5.0,-27.0,0.8612056077322706
6322,9583,507602_bpc,507502_bpc,43.75,40.0,3.75,-36.0,0.8859973390419953
37790,9945,502202_bpc,501802_bpc,38.75,43.75,-5.0,1.0,0.873529982024549
15141,14682,505203_mec,505701_mpc,68.75,68.75,0.0,2.0,0.9698676012265286
18744,10391,501903_mec,501801_mpc,46.5,48.0,-1.5,0.0,0.8714358495647058
13451,20573,506702_bpc,507301_mpc,32.5,28.75,3.75,14.0,0.8426141100566866
12012,33361,503802_bpc,503202_bpc,36.25,40.0,-3.75,-11.0,0.8035704945724562
23473,19430,503905_hec,504002_bpc,34.75,35.0,-0.25,1.0,0.6214930756430934
10179,4213,508102_bpc,508202_bpc,30.0,32.5,-2.5,-1.0,0.9075853726873117
27904,8455,514401_mpc,514501_mpc,31.5,36.5,-5.0,28.557129,0.9090159120711242
5225,18590,503904_cec,504001_mpc,23.25,20.0,3.25,12.0,0.8741930520128021
5145,15779,512502_bpc,512501_mpc,17.5,25.0,-7.5,30.0,0.8736118440042505
28053,11105,509001_mpc,508302_bpc,22.5,16.5,6.0,-3.0,0.8714156734969332
5464,6088,508002_bpc,508202_bpc,23.75,22.75,1.0,9.0,0.9763851853807967
8749,36022,505402_bpc,505802_bpc,42.5,46.25,-3.75,3.0,0.854363155134297
2277,8951,512801_mpc,512902_bpc,30.25,35.0,-4.75,-16.0,0.7954043233949334
22692,12927,514202_bpc,513903_mec,19.5,21.0,-1.5,-9.0,0.9010291861886309
4044,23242,508502_bpc,508402_bpc,58.5,51.0,7.5,14.0,0.9003187218347772
239,38423,514601_mpc,514701_mpc,51.25,61.25,-10.0,-7.0,0.8727404319603401
12411,22074,503801_mpc,505102_bpc,57.5,58.75,-1.25,36.0,0.8614091719835363
17116,4470,501502_bpc,501802_bpc,55.75,49.0,6.75,-4.0,0.9437671201523694
21713,3839,515001_mpc,508502_bpc,32.5,29.0,3.5,-54.0,0.8346261306645524
7758,19846,506802_bpc,507202_bpc,28.75,25.0,3.75,13.0,0.7243623314887271
14523,28726,507002_bpc,506502_bpc,50.75,48.75,2.0,8.0,0.8033057777914716
32622,18282,509501_mpc,508401_mpc,20.25,22.75,-2.5,2.0,0.9017825840919379
1708,36204,506302_bpc,511702_bpc,15.5,17.5,-2.0,45.0,0.9138522633891943
8165,6621,508101_mpc,506404_cec,30.0,20.0,10.0,6.0,0.6841228256834831
3227,17459,507602_bpc,508101_mpc,22.0,27.25,-5.25,-11.0,0.8970771681268204
36478,33568,511802_bpc,511701_mpc,49.0,60.75,-11.75,11.0,0.9097229614544747
12317,16815,508904_cec,509002_bpc,16.25,19.0,-2.75,-61.0,0.8965163450330415
6572,11898,508701_mpc,508501_mpc,31.5,27.5,4.0,43.0,0.850955751518291
26474,5050,501903_mec,504701_mpc,26.5,14.75,11.75,4.0,0.6946644662143182
3957,37263,504402_bpc,504702_bpc,52.5,56.25,-3.75,2.0,0.8534625914334054
25922,36393,503202_bpc,504201_mpc,26.5,16.25,10.25,33.0,0.8542828619890432
18910,4133,507302_bpc,507202_bpc,38.75,37.5,1.25,-6.0,0.781251528204459
28799,6164,503002_bpc,502701_mpc,73.5,63.75,9.75,5.0,0.9611564877574966
937,2902,507602_bpc,508002_bpc,31.5,36.25,-4.75,-9.0,0.9097223518792935
22872,22524,513602_bpc,513903_mec,0.0,1.25,-1.25,-16.0,0.9184554281955489
9192,6717,507801_mpc,508101_mpc,5.0,10.25,-5.25,-9.0,0.959219111459963
5878,1160,512701_mpc,511401_mpc,67.5,105.0,-37.5,-26.0,0.9150167407284103
28609,21165,514902_bpc,511902_bpc,14.0,15.25,-1.25,9.0,0.9239956712931928
22890,5186,507001_mpc,506301_mpc,43.75,49.5,-5.75,-11.0,0.7458536333333896
13311,6347,501903_mec,501801_mpc,35.25,36.75,-1.5,-12.0,0.8896678169811708
30085,12940,514802_bpc,514602_bpc,26.25,26.25,0.0,-31.0,0.9856320640890069
17724,30611,502201_mpc,502005_hec,10.0,22.0,-12.0,8.0,0.8997368971452621
4069,2842,507802_bpc,507702_bpc,28.25,24.25,4.0,-4.0,0.9730257754947975
13914,2331,506502_bpc,507002_bpc,45.0,50.0,-5.0,4.0,0.8379372933247298
27609,25074,512902_bpc,510102_bpc,60.0,71.5,-11.5,23.0,0.861881670543956
21101,29326,513503_mec,514201_mpc,26.5,28.75,-2.25,-8.0,0.7998867187372514
8225,20284,501903_mec,502005_hec,23.0,27.5,-4.5,14.0,0.9003232594805929
16306,3815,515002_bpc,508802_bpc,12.5,3.0,9.5,24.0,0.9087667976690682
20326,10634,507301_mpc,507001_mpc,59.5,58.75,0.75,-8.0,0.9692461330527553
3853,38270,503904_cec,503905_hec,14.25,20.0,-5.75,-15.0,0.9168452011648873
2668,7552,504202_bpc,503202_bpc,32.5,30.0,2.5,5.0,0.7893063713018427
2499,20536,508202_bpc,507402_bpc,22.5,17.5,5.0,21.0,0.9484256348510797
3056,22623,502701_mpc,502802_bpc,15.0,12.5,2.5,23.0,0.8643244704202211
24304,5432,509202_bpc,509201_mpc,95.0,91.25,3.75,-9.0,0.9920440131688077
17027,1528,511604_cec,513104_cec,15.0,15.0,0.0,39.0,0.9559244513416283
9606,4657,512701_mpc,512601_mpc,41.25,53.0,-11.75,-15.0,0.7110389316497249
30540,21420,503302_bpc,503102_bpc,56.5,60.25,-3.75,2.0,0.8940316750886829
13191,37421,508702_bpc,508502_bpc,41.75,45.0,-3.25,4.0,0.8054934393958129
21804,4013,504401_mpc,503301_mpc,31.25,16.25,15.0,-5.0,0.81583489581974
14002,35873,508903_mec,508801_mpc,52.25,85.75,-33.5,1.0,0.8696807877780105
5957,8068,504402_bpc,504504_cec,32.75,23.75,9.0,-6.0,0.7978160351902985
12203,3922,514802_bpc,514702_bpc,27.75,32.25,-4.5,-19.0,0.936945582211903
19958,22642,509105_hec,509302_bpc,20.0,13.25,6.75,5.0,0.951915328950643
10039,33915,514301_mpc,514302_bpc,11.5,18.75,-7.25,-13.0,0.9145763425608531
35488,22869,511603_mec,511401_mpc,35.0,37.5,-2.5,1.0,0.7121176588190679
4221,38572,508302_bpc,508802_bpc,47.5,58.75,-11.25,-3.0,0.8571352494723868
31354,21319,511702_bpc,511802_bpc,18.75,23.75,-5.0,-24.0,0.9345261968578995
20969,1958,503602_bpc,503904_cec,28.75,11.5,17.25,23.0,0.7902498631749066
30162,23192,514702_bpc,514901_mpc,31.25,28.75,2.5,51.0,0.9007414056695462
7649,29022,508903_mec,509104_cec,8.75,13.75,-5.0,0.0,0.943815647581746
12946,31383,508302_bpc,509402_bpc,31.75,30.25,1.5,9.0,0.9030518817957555
10312,11799,502202_bpc,501502_bpc,57.5,58.75,-1.25,-24.0,0.928739447442686
29928,16931,511304_cec,511604_cec,28.75,31.25,-2.5,-13.0,0.8694326853221634
5862,5673,504702_bpc,504503_mec,63.75,51.25,12.5,5.0,0.9313481735862793
3992,1702,501802_bpc,501502_bpc,48.0,62.5,-14.5,-3.0,0.8777671814587696
3271,10021,514401_mpc,514301_mpc,45.0,46.25,-1.25,0.0,0.8342326705404596
16378,7286,509202_bpc,509302_bpc,48.75,54.75,-6.0,0.0,0.9331271400862389
17166,21484,507302_bpc,507202_bpc,11.5,13.75,-2.25,7.0,0.953033833633885
22824,7198,511902_bpc,510101_mpc,37.0,33.75,3.25,11.0,0.7084435353433786
36978,1160,514902_bpc,511401_mpc,65.75,105.0,-39.25,6.0,0.9012987880654278
38487,5874,509105_hec,509001_mpc,20.0,18.75,1.25,-31.0,0.9141737534866788
4911,2590,514702_bpc,514601_mpc,46.25,52.0,-5.75,-36.0,0.8666157627662774
559,12802,511202_bpc,511201_mpc,29.25,26.25,3.0,15.0,0.8795873528868581
10182,30180,513404_cec,514802_bpc,18.0,17.5,0.5,5.0,0.8738954696461917
6863,2661,504503_mec,507904_cec,21.5,4.75,16.75,29.0,0.7802866799524291
2111,10248,508001_mpc,508002_bpc,36.25,37.5,-1.25,21.0,0.911339461764935
25403,32981,506802_bpc,507302_bpc,36.5,32.5,4.0,6.0,0.7756525721768984
9703,25626,512104_cec,511901_mpc,25.25,21.25,4.0,-13.0,0.9360207376375044
34542,18128,512701_mpc,512702_bpc,63.25,70.0,-6.75,10.0,0.9480177554522133
31869,14650,514201_mpc,514202_bpc,56.25,47.5,8.75,12.0,0.8388317560466061
4876,4646,508102_bpc,507802_bpc,17.5,13.75,3.75,-37.0,0.9460371204043897
25217,17522,508302_bpc,508402_bpc,16.25,10.0,6.25,20.0,0.9243483495176733
28303,21507,505602_bpc,505501_mpc,30.5,26.25,4.25,-45.0,0.8335694537188835
14313,12731,514702_bpc,511801_mpc,28.75,17.5,11.25,22.0,0.8241212200357227
14880,19795,508201_mpc,507401_mpc,52.5,67.0,-14.5,-1.0,0.9246167722651217
21821,22514,506702_bpc,507301_mpc,31.25,29.0,2.25,10.0,0.8482641004273522
26618,6637,504503_mec,504903_mec,29.75,21.5,8.25,-18.0,0.8343340443896625
3925,16283,502802_bpc,503002_bpc,34.0,35.25,-1.25,9.0,0.8510998751345805
2432,4983,507801_mpc,507904_cec,8.0,10.25,-2.25,0.0,0.9479779288642617
13581,17810,506903_mec,506404_cec,30.25,20.0,10.25,24.0,0.8255460574003592
35519,4572,515002_bpc,508802_bpc,57.0,53.75,3.25,-13.0,0.93266256095642
28543,3983,514801_mpc,514701_mpc,53.25,62.5,-9.25,-17.0,0.9628126250914242
5501,25210,512902_bpc,512901_mpc,45.0,41.25,3.75,22.0,0.8349509022082471
5267,11137,507202_bpc,505102_bpc,15.0,6.25,8.75,16.0,0.9454525500331172
24640,18422,506101_mpc,506301_mpc,65.25,56.25,9.0,-5.0,0.9735602968364971
25258,16651,502005_hec,502505_hec,16.25,11.5,4.75,24.0,0.8715535928089102
98,21212,512602_bpc,512501_mpc,46.25,58.5,-12.25,-3.0,0.687698700166453
28528,7147,514401_mpc,514302_bpc,47.5,68.5,-21.0,10.0,0.8016697458543718
112,24295,512701_mpc,512501_mpc,15.25,11.5,3.75,24.0,0.9467181083623204
28425,10887,513903_mec,513201_mpc,12.5,21.25,-8.75,10.0,0.8786951023150876
28437,25051,512802_bpc,511702_bpc,6.5,0.0,6.5,6.0,0.8929946720528157
15445,34784,512202_bpc,510101_mpc,18.5,16.0,2.5,-5.0,0.9091135564537941
5818,25232,504503_mec,501903_mec,25.0,18.75,6.25,-10.0,0.8321222444555023
12152,4929,503905_hec,503302_bpc,22.75,7.75,15.0,45.0,0.8567393740246461
5009,1347,502702_bpc,503002_bpc,46.75,80.0,-33.25,11.0,0.7770758217215564
37124,16170,514002_bpc,514001_mpc,28.75,17.0,11.75,-12.0,0.8099491201075145
10902,30611,502004_cec,502005_hec,34.25,22.0,12.25,7.0,0.6293957394629176
7694,508,505802_bpc,505602_bpc,40.0,33.75,6.25,25.0,0.8307589180702766
21749,13914,507302_bpc,506502_bpc,39.0,45.0,-6.0,-12.0,0.8462180971461732
15905,12141,511603_mec,513404_cec,47.5,50.0,-2.5,-5.0,0.7787298910580883
4472,6543,503002_bpc,502802_bpc,44.0,43.75,0.25,-1.0,0.952782060365023
20770,1559,505302_bpc,505601_mpc,67.0,103.0,-36.0,10.0,0.9526329227678244
10832,16341,515002_bpc,509302_bpc,35.0,30.0,5.0,7.0,0.853945841740384
37733,37237,513903_mec,514202_bpc,21.25,26.25,-5.0,-25.0,0.8943224566020118
6541,13106,507402_bpc,507802_bpc,50.0,61.5,-11.5,0.0,0.923287751678792
8397,39019,505301_mpc,505501_mpc,28.75,11.5,17.25,-30.0,0.7515488433326353
3333,7165,507401_mpc,508001_mpc,67.0,67.5,-0.5,11.0,0.9976783660601217
27174,2887,505502_bpc,505602_bpc,72.5,57.5,15.0,0.0,0.954378068387025
21874,9045,512802_bpc,512901_mpc,55.0,72.5,-17.5,-6.0,0.9000924527587784
5394,222,509302_bpc,508402_bpc,54.0,58.5,-4.5,-11.0,0.9421315263864497
31204,33011,512202_bpc,511902_bpc,22.75,14.0,8.75,-5.442871,0.933156602129222
5059,53,512601_mpc,512502_bpc,34.0,31.25,2.75,51.0,0.8590960450604234
13484,12122,502505_hec,503001_mpc,26.25,24.75,1.5,29.0,0.8442938792526838
3093,19565,505701_mpc,505101_mpc,80.0,96.5,-16.5,-5.0,0.9802837596983415
20169,16320,506904_cec,507002_bpc,18.75,13.75,5.0,-14.0,0.9377006101419126
8556,4245,502802_bpc,502702_bpc,45.5,43.75,1.75,-15.0,0.8552700494522216
36198,6713,502504_cec,507904_cec,17.5,1.25,16.25,74.0,0.8034871225137985
33339,2094,512501_mpc,512601_mpc,42.5,51.5,-9.0,-30.0,0.8672715407432384
16959,5204,508502_bpc,508702_bpc,45.75,47.25,-1.5,8.0,0.8830219552271074
10586,3447,505701_mpc,505402_bpc,11.75,6.25,5.5,4.0,0.942157138238317
7203,12144,514301_mpc,511201_mpc,56.25,65.25,-9.0,-2.0,0.8506788739338146
5029,34843,504701_mpc,504903_mec,34.25,29.25,5.0,16.0,0.8527210433647037
7679,36499,512401_mpc,512104_cec,5.0,1.5,3.5,-2.0,0.8882710086849076
5212,21755,504504_cec,506904_cec,34.5,24.25,10.25,7.0,0.6818713861407015
16775,30494,511801_mpc,513504_cec,22.75,16.5,6.25,4.0,0.7738227154152447
13151,14682,505901_mpc,505701_mpc,76.25,68.75,7.5,4.0,0.9875387277016197
12443,4737,503602_bpc,503802_bpc,38.0,41.0,-3.0,-26.0,0.7745389159795304
15905,17868,511603_mec,513404_cec,47.5,46.25,1.25,-20.0,0.841785480092905
20357,21715,505204_cec,506701_mpc,32.75,26.75,6.0,-10.0,0.7776483315861602
8503,18144,505102_bpc,505902_bpc,40.0,39.75,0.25,16.0,0.8616553998896873
22030,15715,503201_mpc,504201_mpc,30.0,31.5,-1.5,5.0,0.8360728870318033
28328,25802,512401_mpc,510101_mpc,48.75,65.0,-16.25,-14.0,0.9086932735970988
27592,28192,512402_bpc,512202_bpc,42.5,57.5,-15.0,-31.0,0.7631854818467652
20072,27683,507301_mpc,506801_mpc,29.75,33.75,-4.0,2.0,0.8151687134148676
10695,32617,505702_bpc,505802_bpc,43.75,41.5,2.25,-10.0,0.7830566540318256
37530,28477,513904_cec,514001_mpc,21.75,8.0,13.75,36.0,0.9279934086582589
36770,29807,506202_bpc,506302_bpc,38.75,48.0,-9.25,-3.0,0.8305171629630808
6299,14,502102_bpc,501502_bpc,42.5,42.5,0.0,2.0,0.6745473446723628
30462,29580,513503_mec,514001_mpc,18.75,22.5,-3.75,-3.0,0.9474739033097426
2571,18278,507001_mpc,508501_mpc,81.25,99.75,-18.5,5.0,0.9459863697859088
29328,3289,504002_bpc,503302_bpc,40.25,36.0,4.25,17.0,0.6237071864956458
9020,35652,513202_bpc,513201_mpc,37.5,45.0,-7.5,15.0,0.7727879124996949
19093,38731,515001_mpc,508801_mpc,31.0,32.5,-1.5,25.0,0.8955350800152027
14543,25500,509105_hec,508903_mec,18.75,15.0,3.75,-30.0,0.8817683194338326
30374,13024,503002_bpc,502702_bpc,32.5,31.25,1.25,12.0,0.8539047828443124
11428,4927,507001_mpc,506601_mpc,30.0,36.75,-6.75,-11.0,0.7993229674651096
12629,17490,501904_cec,502004_cec,35.0,34.25,0.75,35.0,0.9501019767728571
29928,11328,511304_cec,511303_mec,28.75,30.0,-1.25,-10.0,0.8897174234614493
14726,30491,506601_mpc,507301_mpc,16.25,5.25,11.0,31.0,0.9277341307909869
15813,11062,508101_mpc,507501_mpc,26.5,22.5,4.0,-15.0,0.9293415073119045
37990,25977,506301_mpc,505102_bpc,13.75,7.5,6.25,-26.0,0.8415686914219956
2315,29628,511701_mpc,513601_mpc,38.75,36.25,2.5,1.0,0.9586760513990678
27546,11576,513404_cec,514401_mpc,15.25,2.0,13.25,39.0,0.9321047343780563
19485,36586,506904_cec,506404_cec,21.5,16.5,5.0,-23.442871,0.9462008755571495
8769,30375,511401_mpc,511201_mpc,36.75,40.0,-3.25,14.0,0.9390604045883328
8904,7438,506202_bpc,505501_mpc,20.0,10.0,10.0,3.0,0.7931583333987908
14650,23033,514202_bpc,514002_bpc,47.5,42.75,4.75,0.0,0.8847407724830811
11388,18485,512702_bpc,512602_bpc,61.25,55.0,6.25,-15.0,0.9242326447680463
33665,24725,513704_cec,512104_cec,5.5,18.75,-13.25,-44.0,0.9706627276157825
37508,35329,510102_bpc,513904_cec,11.75,16.25,-4.5,25.0,0.9468136822156602
1925,7054,514802_bpc,514801_mpc,46.5,55.0,-8.5,-18.0,0.7854931468282076
4652,8165,507402_bpc,508101_mpc,38.75,30.0,8.75,-2.0,0.5744229838589628
32743,4504,505302_bpc,505204_cec,36.0,32.25,3.75,-7.0,0.8379927073055378
17282,22802,506802_bpc,506602_bpc,24.75,30.0,-5.25,23.0,0.9174600256663492
12666,12209,508502_bpc,508402_bpc,57.5,70.0,-12.5,-14.0,0.9297408164996235
38522,32844,513602_bpc,514202_bpc,39.25,47.5,-8.25,-22.0,0.6639898439697662
21293,16678,515002_bpc,509502_bpc,54.0,52.5,1.5,-5.0,0.9504998996819201
15311,19962,514502_bpc,514301_mpc,38.0,34.25,3.75,7.0,0.8354082328975108
30792,8624,509301_mpc,504201_mpc,40.0,50.0,-10.0,17.0,0.7966013278044136
18582,12860,511701_mpc,512901_mpc,65.0,82.5,-17.5,-2.0,0.9035431539599763
4052,31363,504202_bpc,503802_bpc,37.5,43.0,-5.5,-12.0,0.7992366166940899
5246,32080,508101_mpc,508201_mpc,48.75,58.0,-9.25,-2.0,0.8751054683664644
13634,3839,508702_bpc,508502_bpc,35.75,29.0,6.75,-2.0,0.8636055089552361
5394,4036,509302_bpc,508502_bpc,54.0,72.5,-18.5,-12.0,0.8879643095472998
3764,2665,506903_mec,507002_bpc,22.5,25.0,-2.5,42.0,0.8843145748503939
4666,2318,506002_bpc,505802_bpc,13.25,6.25,7.0,-21.0,0.9625094282664748
22188,19565,501801_mpc,505101_mpc,82.5,96.5,-14.0,0.0,0.9476042641140133
3488,28590,502101_mpc,507201_mpc,19.25,17.5,1.75,14.0,0.887553801211046
166,33381,513904_cec,503002_bpc,22.75,10.0,12.75,-30.0,0.8811452750904947
14706,10291,511701_mpc,513503_mec,43.0,50.75,-7.75,-1.0,0.876566694640526
14479,9868,509502_bpc,504202_bpc,30.0,16.5,13.5,2.0,0.8489680976698701
16646,16772,503201_mpc,503601_mpc,42.5,46.75,-4.25,13.0,0.8001864032973005
14479,15917,509502_bpc,509402_bpc,30.0,35.0,-5.0,-3.0,0.8330646814193033
16597,2289,511702_bpc,511701_mpc,56.25,51.25,5.0,2.0,0.9312046043677289
19234,2083,514502_bpc,514501_mpc,19.25,7.75,11.5,9.0,0.9124903758420877
30464,17072,508302_bpc,515002_bpc,58.75,72.5,-13.75,-31.0,0.9256568664935138
9156,21592,511304_cec,511402_bpc,13.75,20.0,-6.25,-21.0,0.9344436164802505
26300,17428,512901_mpc,513104_cec,17.75,13.0,4.75,33.0,0.9293123510963148
33036,7832,509502_bpc,508802_bpc,48.75,53.5,-4.75,-49.0,0.9195475037196243
8809,19262,504503_mec,504702_bpc,20.0,6.5,13.5,-16.0,0.9060211595771523
13876,293,509402_bpc,508402_bpc,30.0,31.25,-1.25,-11.442871,0.9187939995831923
15205,3411,505901_mpc,505902_bpc,36.25,38.75,-2.5,-25.0,0.7927731335402276
13397,18825,511902_bpc,512402_bpc,27.75,8.0,19.75,8.0,0.7803669103974237
6025,3499,505102_bpc,505902_bpc,35.0,32.0,3.0,-9.0,0.848690845570257
30185,20670,513504_cec,512104_cec,15.25,7.75,7.5,38.0,0.9300712547747939
15134,4525,503201_mpc,503101_mpc,40.5,45.25,-4.75,8.0,0.771970191266859
5831,10223,507502_bpc,508002_bpc,40.75,36.25,4.5,-8.0,0.914658090163374
295,18835,514402_bpc,514002_bpc,25.0,23.0,2.0,21.0,0.9130726751826822
28292,4295,513403_mec,513504_cec,36.5,30.0,6.5,14.0,0.6100775788450803
20050,16016,502701_mpc,503001_mpc,47.5,53.25,-5.75,-13.0,0.8751013210848204
3894,5047,509202_bpc,508702_bpc,38.0,37.5,0.5,-20.0,0.8297040161208382
2600,4555,508001_mpc,507801_mpc,23.75,29.5,-5.75,-5.0,0.9355368442390679
39383,10842,511604_cec,511303_mec,21.25,17.75,3.5,-21.442871,0.937583055111838
4593,10772,507402_bpc,507502_bpc,20.5,23.5,-3.0,-16.0,0.9641573782508868
113,2912,509502_bpc,508802_bpc,43.75,55.0,-11.25,-1.0,0.7908864260926326
2558,16705,505101_mpc,505702_bpc,52.5,52.5,0.0,13.0,0.8867929190347289
22088,16708,504001_mpc,503601_mpc,56.25,85.0,-28.75,0.0,0.8678171140467464
20807,34861,506101_mpc,515001_mpc,72.75,73.75,-1.0,0.0,0.9646206421277991
1830,15754,513404_cec,511801_mpc,52.75,62.5,-9.75,-10.0,0.8710767789872225
3119,22263,505401_mpc,505501_mpc,45.0,47.25,-2.25,-7.0,0.9066922168608991
2753,6855,505602_bpc,505402_bpc,53.0,50.0,3.0,-7.0,0.9378378705431007
28294,16528,513403_mec,513202_bpc,47.5,50.5,-3.0,-5.0,0.7336095195973384
31529,36507,514002_bpc,513704_cec,9.25,4.0,5.25,4.0,0.9729698760599881
264,27702,505204_cec,501904_cec,23.75,21.75,2.0,-3.0,0.8740654412932073
2064,6514,508903_mec,509302_bpc,56.5,65.25,-8.75,-7.0,0.9237626637183752
27857,8507,507201_mpc,506904_cec,10.75,18.75,-8.0,-37.0,0.9053221927418397
3550,16413,514401_mpc,514501_mpc,22.5,14.75,7.75,-6.0,0.9211724565258385
33905,18709,502102_bpc,502005_hec,12.5,5.0,7.5,19.0,0.8736179696722174
13227,18278,503801_mpc,508501_mpc,90.0,99.75,-9.75,11.0,0.9564972176420011
6967,7992,508102_bpc,507801_mpc,9.25,17.5,-8.25,-5.0,0.9511428076269721
98,30651,512602_bpc,514901_mpc,46.25,52.75,-6.5,44.0,0.6710627856378322
21415,17593,505702_bpc,505802_bpc,46.25,50.0,-3.75,-23.0,0.9214513394103409
6717,3601,508101_mpc,507401_mpc,10.25,8.75,1.5,-7.0,0.9674266521359863
12539,7694,505902_bpc,505802_bpc,38.75,40.0,-1.25,-19.0,0.8783242036810245
39428,30847,511304_cec,511701_mpc,35.5,28.75,6.75,63.0,0.6081179741335685
2755,6693,507401_mpc,507701_mpc,31.25,29.25,2.0,18.0,0.9007508969171254
11105,21601,508302_bpc,509402_bpc,16.5,22.5,-6.0,3.0,0.924998599468045
31626,5016,508701_mpc,509201_mpc,40.0,37.5,2.5,-15.0,0.936374050217529
4669,5590,507501_mpc,508001_mpc,30.25,20.0,10.25,1.0,0.8296593737989837
10877,4529,504202_bpc,503202_bpc,31.0,28.0,3.0,-22.0,0.9195459347594225
12214,16860,511202_bpc,511201_mpc,45.0,46.0,-1.0,13.0,0.7833492851836017
33108,27162,502801_mpc,502505_hec,21.25,22.5,-1.25,-9.0,0.9581921371124497
11852,22744,501502_bpc,502005_hec,16.0,8.0,8.0,21.0,0.9687210293171427
19350,20402,514001_mpc,513704_cec,61.25,59.0,2.25,18.0,0.8848798316351402
3840,31260,503102_bpc,503101_mpc,61.25,67.25,-6.0,-1.0,0.8789737811194358
20051,4073,502702_bpc,502701_mpc,25.0,13.75,11.25,1.0,0.8654175038572178
1533,21954,512502_bpc,512702_bpc,53.0,67.25,-14.25,-3.0,0.9538803248554973
2544,14743,507904_cec,508201_mpc,18.0,18.75,-0.75,10.0,0.955304952443938
27702,33912,501904_cec,501903_mec,21.75,16.25,5.5,-14.0,0.9147508888778968
14014,26243,505601_mpc,505301_mpc,36.25,40.0,-3.75,20.442871,0.7571690027706683
15312,28256,512502_bpc,512702_bpc,31.25,34.0,-2.75,-33.0,0.9450657346276702
4536,19244,509301_mpc,508502_bpc,48.75,62.5,-13.75,-10.0,0.7768082285258515
10725,2314,506001_mpc,505702_bpc,31.25,33.25,-2.0,0.0,0.8111411766654943
23702,2009,509501_mpc,505401_mpc,9.25,15.25,-6.0,-44.0,0.9838134473212152
309,37998,507302_bpc,506502_bpc,33.75,37.5,-3.75,15.442871,0.84528091220961
6893,16828,504001_mpc,504201_mpc,68.75,71.25,-2.5,-33.0,0.9483584235347733
34482,5243,503801_mpc,504002_bpc,48.75,57.25,-8.5,10.0,0.8530443359175505
16535,20950,504202_bpc,503602_bpc,26.0,27.5,-1.5,12.0,0.8468919015183031
16739,14356,514801_mpc,514901_mpc,50.0,75.75,-25.75,-26.0,0.884916013117153
16739,7200,514801_mpc,514701_mpc,50.0,70.5,-20.5,-21.0,0.8857612930353723
17743,21113,504402_bpc,504904_cec,34.75,37.5,-2.75,-23.0,0.8594204454718197
31031,12728,505901_mpc,505101_mpc,46.75,47.5,-0.75,-7.0,0.7360156302299863
37207,31045,514002_bpc,514201_mpc,20.0,12.25,7.75,27.0,0.9602041916570005
29162,37879,512801_mpc,512902_bpc,43.5,43.75,-0.25,-43.0,0.8103412187718773
7640,31143,511202_bpc,513104_cec,57.0,60.5,-3.5,20.0,0.8831912832295916
8905,22186,504001_mpc,503101_mpc,35.0,27.5,7.5,5.0,0.5822811402321928
31407,1160,513903_mec,511401_mpc,50.0,105.0,-55.0,8.0,0.7040044611647525
36036,15077,506602_bpc,506702_bpc,2.5,18.75,-16.25,1.4428711,0.9271138331276653
23803,14730,513704_cec,513504_cec,30.0,28.75,1.25,-14.0,0.8419270409278191
16515,37520,511303_mec,513403_mec,25.75,14.75,11.0,-8.0,0.8287545716741668
8286,33339,512502_bpc,512501_mpc,41.25,42.5,-1.25,5.0,0.7840574208680828
32224,7769,511604_cec,514602_bpc,47.75,46.25,1.5,10.0,0.6757565107108637
4269,28594,514702_bpc,514901_mpc,50.5,56.25,-5.75,-8.0,0.9126436379685596
12113,2077,514502_bpc,514302_bpc,32.5,25.0,7.5,-22.0,0.7957269858777039
14853,21927,506601_mpc,506701_mpc,27.5,24.5,3.0,-8.0,0.8832911116835704
21989,5040,503002_bpc,502801_mpc,41.75,53.25,-11.5,2.0,0.7409369494881477
23093,11565,508101_mpc,507702_bpc,20.0,12.75,7.25,-7.0,0.9236017138146706
31139,8719,509202_bpc,508701_mpc,15.25,14.25,1.0,-18.0,0.9360527559261048
27261,7336,513404_cec,512104_cec,-2.5,6.0,-8.5,8.0,0.9517293550198853
35489,38090,514701_mpc,514801_mpc,32.75,28.0,4.75,-11.0,0.8660995103664566
35675,29891,505602_bpc,505702_bpc,33.75,33.5,0.25,3.0,0.9135397670751724
32240,12863,503801_mpc,504002_bpc,28.75,30.0,-1.25,7.0,0.7586894568177551
8396,13457,501802_bpc,502202_bpc,57.5,52.25,5.25,5.0,0.9504009445656749
13648,5395,508502_bpc,509201_mpc,28.75,26.75,2.0,13.0,0.9269594993921204
5206,1930,505302_bpc,505802_bpc,64.0,93.75,-29.75,3.0,0.9023405482075615
30277,13746,510101_mpc,512401_mpc,35.0,27.5,7.5,11.0,0.7503383627792426
38916,22374,507201_mpc,506501_mpc,61.25,51.25,10.0,-13.0,0.887520486214744
12389,26832,512701_mpc,512501_mpc,50.0,62.5,-12.5,16.0,0.9170594347312524
13542,22107,502701_mpc,515001_mpc,56.5,57.0,-0.5,-4.0,0.8634444494884291
15037,27759,505501_mpc,505402_bpc,71.25,75.0,-3.75,4.0,0.9719417027582891
3724,7174,515001_mpc,508904_cec,48.75,48.0,0.75,11.0,0.898169555768134
16608,10875,511201_mpc,511202_bpc,31.25,27.5,3.75,17.0,0.9181751974416466
6884,37079,511304_cec,512104_cec,25.5,23.25,2.25,29.0,0.8784446949902175
9055,35440,503202_bpc,503201_mpc,57.5,73.5,-16.0,-4.0,0.8654341591216372
21957,5155,507301_mpc,506801_mpc,23.0,28.75,-5.75,-24.0,0.8349879250542175
25567,3775,505301_mpc,506701_mpc,30.0,15.0,15.0,12.0,0.8151784427883553
23974,5529,512801_mpc,513403_mec,8.25,13.75,-5.5,8.0,0.9461633712895684
7810,13179,502101_mpc,502102_bpc,30.0,35.0,-5.0,-2.0,0.8615349267557206
14456,24648,512202_bpc,510102_bpc,34.0,18.0,16.0,17.0,0.6576723534119425
7497,24640,506201_mpc,506101_mpc,52.5,65.25,-12.75,-1.0,0.9447578737230989
6518,35339,503904_cec,503905_hec,22.5,20.0,2.5,-2.0,0.8945847228517888
34713,24648,511902_bpc,510102_bpc,24.25,18.0,6.25,-9.0,0.9532242026087486
293,15074,508402_bpc,509002_bpc,31.25,29.25,2.0,-9.0,0.8508198147202788
31977,5375,509201_mpc,515001_mpc,58.75,73.75,-15.0,-18.0,0.9418149620557191
19261,35767,503301_mpc,504201_mpc,58.75,71.0,-12.25,-15.0,0.932018598277222
18355,12802,511603_mec,511201_mpc,32.5,26.25,6.25,52.0,0.8242003932118266
18335,36198,502801_mpc,502504_cec,29.75,17.5,12.25,5.0,0.8083616885340595
33502,17428,512801_mpc,513104_cec,11.5,13.0,-1.5,33.0,0.9126385000441286
6514,1289,509302_bpc,509502_bpc,65.25,81.5,-16.25,8.0,0.9600403750435124
14834,4056,503904_cec,503201_mpc,56.25,66.25,-10.0,-4.0,0.8822323905660783
1347,23567,503002_bpc,503001_mpc,80.0,81.0,-1.0,-8.0,0.9606212681115001
8819,14109,509201_mpc,508501_mpc,50.0,58.0,-8.0,-8.0,0.9393604332334987
6249,18326,505501_mpc,513601_mpc,0.0,4.0,-4.0,23.0,0.8937067024584303
10770,35593,508501_mpc,508701_mpc,58.5,75.0,-16.5,-7.0,0.9352262007311486
39386,33339,512601_mpc,512501_mpc,43.75,42.5,1.25,27.0,0.9805902053802945
2521,7808,503801_mpc,503101_mpc,26.25,21.25,5.0,27.0,0.8169311878726471
8557,30335,509401_mpc,509001_mpc,27.0,21.25,5.75,3.0,0.8774213934484955
10800,14809,507904_cec,507702_bpc,3.0,14.25,-11.25,11.0,0.9274384104568555
3784,5766,507502_bpc,507602_bpc,23.75,26.0,-2.25,-8.0,0.9734935220520766
10153,13542,501904_cec,502701_mpc,42.5,56.5,-14.0,-13.0,0.6148316480826691
6402,13279,506102_bpc,506301_mpc,31.25,10.0,21.25,45.0,0.707709296498486
28145,4822,508702_bpc,508302_bpc,41.25,42.75,-1.5,-4.0,0.7503276547975606
5719,4727,509001_mpc,509301_mpc,35.0,37.75,-2.75,-4.0,0.8906586496126733
4058,10148,502504_cec,503002_bpc,18.5,19.5,-1.0,28.0,0.8680956136752903
16786,4383,507402_bpc,508102_bpc,41.0,41.25,-0.25,3.0,0.7827721670565652
17216,21484,506701_mpc,507202_bpc,14.5,13.75,0.75,17.0,0.9205842978427912
7209,21280,514201_mpc,513903_mec,30.0,21.25,8.75,2.0,0.8624142046895018
4196,3930,507401_mpc,507501_mpc,48.75,53.75,-5.0,-3.0,0.8381606928348365
5784,1643,506302_bpc,506101_mpc,78.75,82.5,-3.75,7.0,0.982449626827051
13908,16160,508903_mec,506202_bpc,41.25,45.25,-4.0,-7.0,0.8338228251963251
34221,30673,508701_mpc,508301_mpc,53.75,84.75,-31.0,-3.0,0.8966626276670959
31420,692,501801_mpc,501601_mpc,30.75,20.5,10.25,-9.0,0.8206433768316185
23242,12666,508402_bpc,508502_bpc,51.0,57.5,-6.5,-6.0,0.9685853820792227
6197,3483,505801_mpc,505601_mpc,42.5,48.5,-6.0,3.0,0.8402530608741998
10280,5982,501903_mec,504201_mpc,17.0,9.75,7.25,-17.0,0.9138410510818896
22030,4000,503201_mpc,503601_mpc,30.0,19.25,10.75,-1.0,0.834691403914023
7199,25074,510101_mpc,510102_bpc,51.25,71.5,-20.25,17.0,0.8726206107318502
6295,37960,507904_cec,502504_cec,63.75,73.75,-10.0,2.0,0.9404905094014268
25934,9791,510102_bpc,512402_bpc,20.0,23.25,-3.25,3.0,0.9168031721270627
1355,12843,506802_bpc,507202_bpc,36.5,30.0,6.5,0.0,0.6703590718355258
9828,30091,511202_bpc,511401_mpc,40.25,46.0,-5.75,-13.0,0.6934306837724231
31606,34797,512401_mpc,512201_mpc,43.75,60.5,-16.75,16.0,0.7971710572617643
18616,18096,511701_mpc,512902_bpc,25.0,28.5,-3.5,5.0,0.8212384952381764
34960,15121,511801_mpc,511701_mpc,34.5,27.5,7.0,-18.0,0.8631618064995455
3892,36276,507401_mpc,508201_mpc,40.0,36.5,3.5,1.0,0.9336712910561807
34791,3724,508802_bpc,515001_mpc,54.25,48.75,5.5,-7.0,0.8885004009451739
12640,25879,501502_bpc,502201_mpc,51.0,63.0,-12.0,1.0,0.88790461383808
1963,4635,514502_bpc,514302_bpc,32.5,26.25,6.25,-7.0,0.7800858314320758
6459,5938,512202_bpc,510102_bpc,29.25,21.25,8.0,8.0,0.7518409896799437
25307,17240,514302_bpc,514501_mpc,20.75,19.75,1.0,25.0,0.9443289417968235
28609,3424,514902_bpc,514601_mpc,14.0,13.75,0.25,-15.0,0.8981484838758815
14667,27954,502701_mpc,502802_bpc,51.25,71.75,-20.5,-7.0,0.8738987244305434
3161,19162,505902_bpc,505702_bpc,40.0,40.0,0.0,-3.0,0.867361399902774
38308,18842,502201_mpc,502101_mpc,75.0,66.5,8.5,-20.0,0.9697485713723992
14973,36106,502005_hec,502801_mpc,20.0,21.75,-1.75,9.0,0.8959548953545364
7593,2159,503602_bpc,503302_bpc,37.5,44.5,-7.0,-35.0,0.6955775731690413
4437,21810,507904_cec,506404_cec,34.5,17.75,16.75,1.0,0.46016026184547576
21409,5414,514202_bpc,513503_mec,65.0,83.5,-18.5,-4.0,0.9569095703202359
4516,15005,502802_bpc,502504_cec,43.75,51.25,-7.5,4.0,0.743128641788434
33999,9526,512104_cec,513704_cec,31.25,20.0,11.25,8.0,0.7700664696850129
7814,14362,502201_mpc,511402_bpc,20.0,26.5,-6.5,5.0,0.9083174478042697
29955,37905,514602_bpc,514702_bpc,27.5,13.75,13.75,71.0,0.8409897691165096
7298,21695,512701_mpc,512602_bpc,55.0,77.25,-22.25,-12.0,0.9278536868540784
10784,19064,504001_mpc,504202_bpc,28.75,21.5,7.25,-9.0,0.7834188852098741
30104,10091,506602_bpc,507202_bpc,31.5,25.25,6.25,-4.0,0.8954818718211401
3617,14912,502801_mpc,502504_cec,49.75,45.0,4.75,-3.0,0.8927658662527334
4267,3449,507601_mpc,507904_cec,13.0,15.0,-2.0,-7.0,0.9035458424208632
32008,1529,512801_mpc,513104_cec,69.0,91.25,-22.25,-1.0,0.9323461516913027
22384,23822,503802_bpc,503801_mpc,55.0,60.0,-5.0,-1.0,0.8737361000451529
13698,5905,506501_mpc,506701_mpc,40.0,54.25,-14.25,4.0,0.7064427352996685
16153,35025,514902_bpc,514802_bpc,41.25,42.0,-0.75,12.0,0.7457324080646273
4601,14313,512602_bpc,514702_bpc,31.25,28.75,2.5,-1.0,0.7061033928674382
26141,23589,506404_cec,506702_bpc,17.25,21.25,-4.0,-13.0,0.9455027430109058
12565,4838,508101_mpc,507601_mpc,44.0,50.25,-6.25,1.0,0.9291532645065279
18335,7415,502801_mpc,503001_mpc,29.75,19.0,10.75,0.0,0.8729957620905211
6510,4952,512702_bpc,512602_bpc,23.75,28.75,-5.0,-3.0,0.9568758313014679
27174,4707,505502_bpc,505302_bpc,72.5,73.0,-0.5,-7.0,0.9650886771993407
3146,4863,504503_mec,504903_mec,20.0,17.0,3.0,-30.0,0.8529525758623218
17116,8396,501502_bpc,501802_bpc,55.75,57.5,-1.75,0.0,0.9745495368849499
35345,7167,514302_bpc,514401_mpc,8.75,6.25,2.5,8.0,0.9521275071335185
3959,5981,508302_bpc,515002_bpc,68.5,78.75,-10.25,-7.0,0.9673533449694026
33088,24311,504401_mpc,504701_mpc,80.0,59.25,20.75,6.0,0.9542880023221774
35957,22131,513103_mec,512902_bpc,20.75,26.25,-5.5,-13.0,0.8547763753425289
15526,24931,503001_mpc,502505_hec,30.5,6.25,24.25,-12.0,0.7018526965573095
5495,33524,506601_mpc,507001_mpc,36.75,43.75,-7.0,-8.0,0.6685759893970852
2887,4757,505602_bpc,505102_bpc,57.5,54.0,3.5,-10.0,0.9331913787423182
12411,38759,503801_mpc,503301_mpc,57.5,66.5,-9.0,1.0,0.9275353015219309
7889,14632,514702_bpc,514901_mpc,33.0,28.75,4.25,-23.0,0.8775396743769477
10950,31332,512602_bpc,512601_mpc,43.75,55.0,-11.25,-17.442871,0.6676586676386753
25141,21810,507702_bpc,506404_cec,14.5,17.75,-3.25,-42.0,0.9546278636908648
19740,4737,503602_bpc,503802_bpc,42.25,41.0,1.25,-23.0,0.8804401137109873
5751,1182,505801_mpc,506001_mpc,61.25,60.0,1.25,-17.0,0.9482111339781684
7651,2558,505302_bpc,505101_mpc,50.75,52.5,-1.75,-14.0,0.9342795699863061
38639,14667,503001_mpc,502701_mpc,47.5,51.25,-3.75,-17.0,0.8881932260858024
14886,11035,508101_mpc,508102_bpc,30.0,22.75,7.25,6.0,0.8915734804812694
681,15279,514702_bpc,514902_bpc,30.0,37.5,-7.5,38.0,0.8145057823092074
3480,14344,505702_bpc,505602_bpc,35.0,35.25,-0.25,2.0,0.8659680958405463
24956,6501,506001_mpc,505302_bpc,20.0,12.5,7.5,10.0,0.8882323585579529
2668,36359,504202_bpc,503202_bpc,32.5,26.25,6.25,2.0,0.7653929485821463
37082,23852,513403_mec,512702_bpc,77.25,57.5,19.75,10.0,0.9437331152166758
35713,27023,501904_cec,501502_bpc,26.25,18.75,7.5,1.0,0.7938107515907677
37675,11898,508801_mpc,508501_mpc,32.5,27.5,5.0,32.0,0.8154264067046243
28937,38435,512502_bpc,512602_bpc,47.5,57.5,-10.0,-52.0,0.8747279535510999
1530,10785,511603_mec,511303_mec,23.75,18.75,5.0,12.0,0.9649466594602575
7640,35509,511202_bpc,514901_mpc,57.0,50.5,6.5,23.0,0.8738957034280782
39003,16387,513904_cec,513504_cec,11.25,10.25,1.0,18.0,0.9382042540319117
17091,32302,511402_bpc,511603_mec,32.5,35.0,-2.5,1.0,0.7399794752054493
38784,13545,514702_bpc,512901_mpc,70.0,102.5,-32.5,11.0,0.9185879678616355
7640,21891,511202_bpc,511801_mpc,57.0,87.25,-30.25,-4.0,0.8719100638368207
30718,26307,503201_mpc,504201_mpc,24.75,21.25,3.5,47.0,0.8209297871378839
3269,2655,509401_mpc,508401_mpc,44.5,39.75,4.75,3.0,0.8194371478733743
13894,24724,505102_bpc,506002_bpc,45.25,39.5,5.75,-14.0,0.8632521879561024
6459,13302,512202_bpc,512104_cec,29.25,26.5,2.75,9.0,0.7652508439310619
14,24805,501502_bpc,502102_bpc,42.5,38.75,3.75,2.0,0.8120468693378392
7057,12435,515002_bpc,506202_bpc,43.25,45.0,-1.75,3.0,0.9507475044510991
34053,17358,503201_mpc,507501_mpc,40.0,48.75,-8.75,6.0,0.611590388589297
27524,27955,503602_bpc,503801_mpc,41.25,47.25,-6.0,-12.0,0.6907158721979947
5244,16314,506601_mpc,506501_mpc,69.75,63.0,6.75,-4.0,0.9623694634871096
30821,19962,514502_bpc,514301_mpc,32.5,34.25,-1.75,5.0,0.8423409482014149
24411,20255,502004_cec,502801_mpc,29.25,24.75,4.5,20.0,0.7865585543552749
28239,19490,514702_bpc,514701_mpc,33.75,23.75,10.0,-25.0,0.7731756730487274
2547,3205,509104_cec,503904_cec,28.75,20.0,8.75,4.0,0.6614297392721532
3922,21452,514702_bpc,514802_bpc,32.25,35.0,-2.75,-8.0,0.902691739416063
35238,6471,504002_bpc,503802_bpc,41.25,41.0,0.25,10.0,0.7862919954166736
18430,9361,510101_mpc,511901_mpc,17.25,27.5,-10.25,4.0,0.8512175040710878
24719,20150,502004_cec,501802_bpc,22.75,22.75,0.0,3.0,0.9166202593493143
12940,34668,514602_bpc,514802_bpc,26.25,31.25,-5.0,8.0,0.9125059213517404
4124,2474,502504_cec,502702_bpc,37.5,24.5,13.0,16.0,0.5318422069986265
2295,28574,508302_bpc,508702_bpc,44.5,49.5,-5.0,-15.0,0.9192531536235464
33051,22860,508903_mec,509105_hec,18.75,6.5,12.25,-16.0,0.8594580794411624
10673,5611,507202_bpc,506802_bpc,61.0,67.5,-6.5,-44.0,0.8773626329062468
12744,5395,509202_bpc,509201_mpc,33.0,26.75,6.25,3.0,0.8568641974635735
17015,7616,512202_bpc,512104_cec,20.25,16.25,4.0,-12.0,0.8542949120963752
27150,7958,512202_bpc,511901_mpc,30.0,28.75,1.25,9.0,0.7634510095029954
14571,22394,504001_mpc,503101_mpc,67.5,65.25,2.25,-5.0,0.9727433358730971
28750,2358,505501_mpc,505101_mpc,37.25,41.25,-4.0,0.0,0.71664408186746
24470,1626,509401_mpc,509501_mpc,30.0,28.25,1.75,13.0,0.7856453541759784
6397,11719,503202_bpc,504202_bpc,26.25,20.75,5.5,13.0,0.8823257457367919
9885,18278,509501_mpc,508501_mpc,60.0,99.75,-39.75,3.0,0.8650157581908525
24151,3903,514802_bpc,514801_mpc,18.75,16.5,2.25,16.0,0.8726195207446353
10069,38080,514701_mpc,514801_mpc,35.5,28.0,7.5,0.0,0.8126881532604613
25020,33141,510102_bpc,513504_cec,22.5,15.25,7.25,0.0,0.8419900372611668
27670,27948,514901_mpc,514801_mpc,33.0,27.5,5.5,-23.0,0.8867229832749889
32061,13172,510102_bpc,512402_bpc,26.25,22.5,3.75,23.0,0.8754411344539409
29085,10517,511901_mpc,512201_mpc,32.75,31.5,1.25,23.0,0.8808592502757968
6291,9256,502505_hec,502504_cec,24.0,28.75,-4.75,31.0,0.840080151605726
8637,626,501602_bpc,506201_mpc,67.5,75.25,-7.75,-2.0,0.9053930211024809
2240,5608,511902_bpc,513704_cec,13.75,21.75,-8.0,-6.0,0.9177142440235971
22305,8652,508301_mpc,509105_hec,27.5,17.5,10.0,-20.0,0.8626595291383987
8681,38308,501502_bpc,502201_mpc,77.5,75.0,2.5,20.0,0.9858947238107337
4255,35469,508904_cec,509104_cec,18.75,21.25,-2.5,-21.557129,0.8128309035574186
24648,5608,510102_bpc,513704_cec,18.0,21.75,-3.75,17.0,0.9417384514183377
34033,4709,506602_bpc,506502_bpc,30.0,26.25,3.75,2.0,0.9215151871834998
28116,4751,502702_bpc,502505_hec,25.25,15.25,10.0,-11.0,0.8746076873015802
19873,14313,513704_cec,514702_bpc,37.5,28.75,8.75,-0.4428711,0.6924228728929636
10583,12755,506101_mpc,506302_bpc,31.25,24.25,7.0,6.0,0.7639242238103107
21243,8548,509401_mpc,509001_mpc,40.25,37.75,2.5,-10.0,0.7873854742967382
27164,8031,506904_cec,502801_mpc,52.25,55.75,-3.5,7.0,0.8093066166572864
25595,68,506302_bpc,506102_bpc,62.25,53.25,9.0,11.0,0.9675786577950967
8469,36567,503001_mpc,503002_bpc,25.5,34.0,-8.5,35.0,0.7940819025232845
18440,26997,503602_bpc,504002_bpc,41.25,45.0,-3.75,10.0,0.7849618425167751
18892,19322,506903_mec,506701_mpc,21.5,17.5,4.0,27.0,0.9394050708736608
34556,14032,504002_bpc,503202_bpc,36.25,40.5,-4.25,-7.0,0.6968622367659304
2578,6088,507402_bpc,508202_bpc,23.75,22.75,1.0,13.0,0.9526419591319929
19678,17407,505701_mpc,505301_mpc,48.75,45.75,3.0,-6.0,0.9716629758853872
7053,35713,501801_mpc,501904_cec,29.25,26.25,3.0,-1.0,0.7402647791213199
5162,5732,508501_mpc,509104_cec,27.25,21.25,6.0,-33.0,0.9063289267638392
18093,27848,514302_bpc,514601_mpc,62.5,91.75,-29.25,-43.0,0.8768817944780667
33065,8577,507201_mpc,507001_mpc,23.25,22.5,0.75,28.0,0.9703786796531653
8850,14479,509002_bpc,509502_bpc,23.75,30.0,-6.25,17.0,0.8279488296345741
20634,6090,512901_mpc,506001_mpc,15.0,11.5,3.5,-5.0,0.9486631240147358
4797,13043,505203_mec,506002_bpc,28.5,26.25,2.25,6.0,0.8191640794772247
14832,38049,507402_bpc,508202_bpc,62.75,76.0,-13.25,0.0,0.93858457916443
11674,35593,509501_mpc,508701_mpc,53.75,75.0,-21.25,-2.0,0.9042340920167274
8165,6441,508101_mpc,502505_hec,30.0,12.5,17.5,16.0,0.6560480751800135
22722,25156,505901_mpc,505502_bpc,29.0,26.5,2.5,-20.0,0.9242380779366186
29898,29382,511902_bpc,510102_bpc,31.25,25.5,5.75,-10.0,0.8916840686394238
30111,39426,511603_mec,511604_cec,23.75,12.5,11.25,2.0,0.8935023154887889
4162,19058,515002_bpc,508502_bpc,35.5,31.5,4.0,11.0,0.8361600529860236
17610,4820,512402_bpc,511902_bpc,22.0,21.75,0.25,-27.0,0.8314666497440196
16106,36486,511901_mpc,512104_cec,50.5,71.25,-20.75,31.0,0.8230092540317002
31935,8904,505502_bpc,506202_bpc,26.75,20.0,6.75,1.0,0.8018799968832004
29032,14894,508702_bpc,509104_cec,28.0,12.0,16.0,24.442871,0.8472594794212658
16321,19316,513103_mec,512901_mpc,32.5,35.25,-2.75,-8.0,0.699618496495811
34247,3625,509502_bpc,509202_bpc,65.0,63.5,1.5,3.0,0.9749005791699633
5468,25233,506602_bpc,507302_bpc,43.0,47.5,-4.5,0.0,0.7719460485970489
17874,5102,503904_cec,503202_bpc,20.0,22.5,-2.5,19.0,0.8109642350800965
21957,30992,507301_mpc,507202_bpc,23.0,22.5,0.5,-27.0,0.8647338997211884
330,14450,509402_bpc,509302_bpc,42.0,42.0,0.0,-6.0,0.8882216728288981
25871,11464,501904_cec,508904_cec,40.0,45.0,-5.0,-13.0,0.5328691869979851
6868,25233,506802_bpc,507302_bpc,54.0,47.5,6.5,-14.0,0.836749262498799
9701,1227,509002_bpc,509502_bpc,33.75,31.0,2.75,0.0,0.9250994474253594
4659,7940,503301_mpc,503801_mpc,44.0,43.75,0.25,-4.0,0.7854129977998979
17782,25624,506601_mpc,506501_mpc,31.5,26.0,5.5,40.0,0.7753568077919819
28080,34428,509302_bpc,509202_bpc,40.0,45.0,-5.0,-4.0,0.770445869920671
21101,25032,513503_mec,513602_bpc,26.5,23.75,2.75,-22.0,0.8623171714349706
6644,17724,501801_mpc,502201_mpc,27.5,10.0,17.5,-4.0,0.8367326108920625
18210,11553,503905_hec,502005_hec,31.25,30.0,1.25,5.0,0.6098147403088577
23795,31,505702_bpc,505302_bpc,59.0,50.0,9.0,-11.0,0.9450029293079618
15173,15514,508401_mpc,509301_mpc,36.25,44.0,-7.75,-12.0,0.7391164485916581
35611,9664,507802_bpc,508201_mpc,66.25,67.75,-1.5,-3.0,0.9642542250957552
19740,21405,503602_bpc,503302_bpc,42.25,47.25,-5.0,-6.0,0.7708633018230218
15490,1582,502702_bpc,502802_bpc,43.75,46.25,-2.5,5.0,0.7546603888187069
2821,38715,514202_bpc,514002_bpc,8.75,12.5,-3.75,23.0,0.9672552995589155
12389,23317,512701_mpc,512601_mpc,50.0,50.0,0.0,-22.0,0.9770174048969351
28261,9203,504401_mpc,504701_mpc,33.75,41.25,-7.5,0.0,0.8145039896766082
21477,32394,502102_bpc,501802_bpc,45.0,45.0,0.0,-21.442871,0.9017156167223597
37587,22469,514702_bpc,513504_cec,35.0,12.75,22.25,-4.0,0.5330074684282371
16548,27526,504401_mpc,504503_mec,36.0,23.75,12.25,33.0,0.6600368489815533
15136,35627,501601_mpc,502101_mpc,35.0,39.0,-4.0,-9.0,0.8325677663327334
13940,12432,504402_bpc,504904_cec,35.25,25.0,10.25,3.0,0.719294582949536
20950,12535,503602_bpc,504202_bpc,27.5,25.0,2.5,12.0,0.8489065265126705
5267,8151,507202_bpc,506101_mpc,15.0,14.25,0.75,15.0,0.9220456268712014
17400,25302,506601_mpc,506903_mec,30.0,17.75,12.25,28.0,0.7589871867311037
18896,23287,509202_bpc,508801_mpc,37.5,32.75,4.75,4.0,0.7682870996456443
4629,23765,512702_bpc,511603_mec,22.5,10.0,12.5,50.0,0.766870985174592
8070,6676,505203_mec,505302_bpc,23.75,-1.0,24.75,19.0,0.8143649067957001
36265,3588,505204_cec,506002_bpc,27.5,19.25,8.25,7.0,0.7770117840287034
10655,22620,506201_mpc,506301_mpc,59.75,69.0,-9.25,11.0,0.9864861230982557
27800,9664,507601_mpc,508201_mpc,67.5,67.75,-0.25,-11.0,0.9920220581797187
5243,33477,504002_bpc,503302_bpc,57.25,60.25,-3.0,-7.0,0.874812147252669
13114,33541,502102_bpc,502004_cec,32.5,32.5,0.0,10.0,0.8419434315182123
14493,10516,505401_mpc,505601_mpc,55.0,65.0,-10.0,22.0,0.9263844709375162
9192,20963,507801_mpc,507501_mpc,5.0,22.5,-17.5,-1.0,0.930787241700626
11320,31645,513201_mpc,512601_mpc,70.75,78.75,-8.0,-4.0,0.9176358592102957
4279,5926,507401_mpc,507501_mpc,15.0,10.0,5.0,4.0,0.9872194251340545
2009,7676,505401_mpc,505902_bpc,15.25,23.75,-8.5,8.0,0.930553755786407
22657,2603,501602_bpc,502202_bpc,28.75,26.25,2.5,20.0,0.9507293680234966
25021,9945,501502_bpc,501802_bpc,41.5,43.75,-2.25,-4.0,0.7644616821394232
712,4806,515002_bpc,508702_bpc,28.75,22.75,6.0,-19.0,0.8448385239415034
30022,2645,508801_mpc,509301_mpc,33.75,31.75,2.0,21.0,0.7223592508083967
30387,10521,505301_mpc,505901_mpc,36.5,45.0,-8.5,5.0,0.7467522721513425
19117,28855,509401_mpc,506602_bpc,37.0,31.5,5.5,-7.0,0.5688413752471373
38252,3848,505402_bpc,505302_bpc,35.25,35.0,0.25,-24.0,0.7390419405804138
11837,7189,513201_mpc,513601_mpc,43.75,56.25,-12.5,4.0,0.701044371579892
23318,37315,514002_bpc,511402_bpc,17.0,1.25,15.75,29.0,0.8253520833913656
4271,10580,506602_bpc,506702_bpc,30.0,31.75,-1.75,22.442871,0.9200239396462052
21601,11105,509402_bpc,508302_bpc,22.5,16.5,6.0,-3.0,0.924998599468045
25260,9580,513403_mec,513103_mec,25.0,12.5,12.5,-24.0,0.8984521605974883
32202,22997,512104_cec,513503_mec,15.0,17.5,-2.5,-34.0,0.9313725251082989
21484,35755,507202_bpc,506404_cec,13.75,14.25,-0.5,-15.0,0.9541095983574612
24470,18282,509401_mpc,508401_mpc,30.0,22.75,7.25,11.0,0.9233993769911605
23406,32030,504402_bpc,504401_mpc,62.5,54.75,7.75,3.0,0.8904715593817787
37369,5244,507001_mpc,506601_mpc,51.5,69.75,-18.25,-16.442871,0.8829524251749612
12886,18093,507501_mpc,514302_bpc,44.25,62.5,-18.25,50.0,0.7279524798182434
3832,5445,509202_bpc,508702_bpc,38.75,37.5,1.25,-1.0,0.8375576586375775
2912,18075,508802_bpc,509402_bpc,55.0,65.0,-10.0,10.0,0.9203169402276323
8604,13378,502201_mpc,501502_bpc,47.0,43.25,3.75,4.0,0.8684236564191169
12980,1289,515002_bpc,509502_bpc,71.25,81.5,-10.25,1.0,0.9633415854335702
16678,33650,509502_bpc,515002_bpc,52.5,61.25,-8.75,-2.0,0.9321369377012473
16222,5414,511402_bpc,513503_mec,56.25,83.5,-27.25,3.0,0.830786807356018
11135,35440,503802_bpc,503201_mpc,68.75,73.5,-4.75,-29.0,0.9163369204953442
23169,23913,511702_bpc,511801_mpc,60.25,55.0,5.25,-33.0,0.9470269396397775
23146,24426,507301_mpc,506404_cec,32.5,21.25,11.25,-21.0,0.7307860927279538
4799,4310,508701_mpc,509402_bpc,36.25,32.25,4.0,12.0,0.7810198629224577
22156,5226,507002_bpc,506602_bpc,25.0,30.25,-5.25,-20.0,0.9132967472905158
21558,12703,507301_mpc,506502_bpc,45.0,42.0,3.0,16.0,0.7761567822951481
27225,5020,508202_bpc,508102_bpc,12.5,13.75,-1.25,-26.442871,0.9559632091561413
4522,12691,505101_mpc,505401_mpc,21.75,23.75,-2.0,15.0,0.9122733637743096
6347,20707,501801_mpc,502201_mpc,36.75,35.5,1.25,-5.0,0.9022165759914982
1163,29186,508501_mpc,509201_mpc,71.25,66.25,5.0,2.0,0.9929133495638351
28383,19820,509401_mpc,508502_bpc,29.0,30.0,-1.0,20.0,0.8814221537647602
12846,17352,505801_mpc,505401_mpc,68.0,65.0,3.0,-13.0,0.9922985684237101
28531,3288,505801_mpc,505601_mpc,54.5,60.0,-5.5,13.0,0.9252530581472377
1998,18844,501502_bpc,501801_mpc,45.25,52.5,-7.25,6.0,0.8383589776823618
30806,35121,512902_bpc,513404_cec,27.5,24.75,2.75,-23.0,0.8732253992862987
23669,29422,513504_cec,513704_cec,25.0,17.5,7.5,25.0,0.8038609206960176
20258,2271,505402_bpc,505702_bpc,32.5,33.75,-1.25,21.0,0.9601474598619067
18285,12134,504903_mec,504701_mpc,23.75,26.0,-2.25,-9.0,0.8846151190912606
7322,9398,505302_bpc,505802_bpc,45.25,45.0,0.25,16.442871,0.8643289475276524
14159,12511,505204_cec,505401_mpc,26.25,20.75,5.5,-9.0,0.924470127843009
19308,12946,509402_bpc,508302_bpc,37.75,31.75,6.0,1.0,0.7798324656635589
3839,3872,508502_bpc,508302_bpc,29.0,33.75,-4.75,8.0,0.8644797696010551
37910,1171,507701_mpc,507601_mpc,21.25,17.5,3.75,1.0,0.9565175189415438
39162,15610,512901_mpc,512902_bpc,49.0,57.5,-8.5,-11.0,0.8820478919134475
21371,4223,504701_mpc,504702_bpc,57.75,48.75,9.0,-20.0,0.8909971114985923
6836,11409,505101_mpc,505203_mec,31.5,28.5,3.0,2.0,0.9114825320651805
2409,19809,505204_cec,513602_bpc,12.5,-5.0,17.5,38.0,0.8482071753221566
21406,4,514602_bpc,511901_mpc,16.5,13.75,2.75,29.0,0.9564931145978721
10819,16574,512201_mpc,512402_bpc,31.25,23.75,7.5,-13.0,0.8299688746291427
23934,7605,506501_mpc,507301_mpc,35.0,28.5,6.5,5.0,0.855319997547824
21325,6864,502505_hec,503002_bpc,23.25,16.5,6.75,-7.0,0.9166397695397625
32521,21832,504402_bpc,504401_mpc,54.25,44.0,10.25,5.0,0.8470856253292601
31822,30673,509401_mpc,508301_mpc,73.75,84.75,-11.0,-3.0,0.9802621632259811
27098,19749,503302_bpc,504504_cec,18.75,25.0,-6.25,-29.0,0.9063671407210099
4759,39002,514202_bpc,514002_bpc,24.25,-2.25,26.5,70.0,0.8874674535671542
11310,24882,511902_bpc,510102_bpc,51.5,48.75,2.75,5.0,0.8460305709988533
6164,19706,502701_mpc,502801_mpc,63.75,83.75,-20.0,-11.0,0.922660323768632
14271,4301,509105_hec,508701_mpc,23.0,27.25,-4.25,-21.442871,0.8080437828726138
18724,30821,514301_mpc,514502_bpc,31.25,32.5,-1.25,-9.0,0.7296804193526314
10913,14664,507502_bpc,508202_bpc,21.25,23.75,-2.5,-5.0,0.9575704895824018
3550,8845,514401_mpc,514302_bpc,22.5,10.5,12.0,-49.0,0.8952831563580994
12203,18774,514802_bpc,514901_mpc,27.75,22.75,5.0,-19.0,0.8761136299171218
24865,12946,508501_mpc,508302_bpc,33.75,31.75,2.0,10.0,0.8362980982634814
29970,22872,503102_bpc,513602_bpc,1.5,0.0,1.5,7.0,0.8984890234345623
7085,9954,505301_mpc,505501_mpc,38.75,35.25,3.5,-6.0,0.7958824026591236
6190,3396,513601_mpc,513504_cec,14.75,7.5,7.25,2.0,0.8969058137709991
27273,1208,506201_mpc,506301_mpc,45.75,49.0,-3.25,-1.0,0.9303209517257802
10016,6739,508101_mpc,507601_mpc,26.75,16.75,10.0,20.0,0.820235089154758
3855,14062,508302_bpc,508502_bpc,7.75,21.25,-13.5,-12.0,0.9428096148900698
5216,5713,512201_mpc,512104_cec,22.5,18.75,3.75,16.0,0.7800041038867616
19368,21459,508401_mpc,509501_mpc,28.75,31.25,-2.5,-8.0,0.7979893500400647
958,24304,509301_mpc,509202_bpc,93.75,95.0,-1.25,7.0,0.9883028962431167
5532,18137,503905_hec,503201_mpc,22.75,15.25,7.5,-5.0,0.8583952094213695
14711,32463,508301_mpc,508701_mpc,36.25,39.0,-2.75,-13.0,0.9415424639658169
4155,3774,507402_bpc,508102_bpc,23.75,28.75,-5.0,-5.0,0.9723763713514546
35324,23324,508904_cec,508802_bpc,25.0,30.0,-5.0,-11.442871,0.8947550394454049
19895,36354,506801_mpc,506501_mpc,25.5,31.25,-5.75,2.0,0.8738329991565412
25396,7481,508502_bpc,508802_bpc,62.75,81.25,-18.5,-10.0,0.9520015098144486
3374,17784,508903_mec,508702_bpc,17.5,0.25,17.25,-8.0,0.8893589546465795
33255,21318,513201_mpc,512902_bpc,50.25,61.75,-11.5,10.0,0.7999145359192682
23794,2330,504701_mpc,504903_mec,25.75,23.0,2.75,14.0,0.8500803347530551
34784,9703,510101_mpc,512104_cec,16.0,25.25,-9.25,9.0,0.8563550058855594
8042,30470,504402_bpc,506302_bpc,46.5,48.25,-1.75,15.0,0.9476359262450927
24305,2722,512901_mpc,513404_cec,26.75,12.5,14.25,29.0,0.8631494665121053
4568,5746,507802_bpc,508102_bpc,26.5,28.75,-2.25,-16.442871,0.9043776921238798
2958,2224,503201_mpc,504001_mpc,61.25,67.75,-6.5,-7.0,0.9396165896523344
23647,5851,508903_mec,508401_mpc,15.0,10.0,5.0,-46.0,0.933822412653788
39176,1393,512601_mpc,512701_mpc,23.0,30.0,-7.0,-2.0,0.9069948369480685
14966,12691,506001_mpc,505401_mpc,20.0,23.75,-3.75,-6.0,0.972526030917435
16936,14225,512801_mpc,512901_mpc,23.25,21.5,1.75,-10.0,0.9346589064586381
10766,12914,509104_cec,508701_mpc,53.5,60.5,-7.0,2.0,0.908059997287189
21279,24412,506202_bpc,506302_bpc,45.75,56.75,-11.0,-4.0,0.8737762116395139
30266,14334,506502_bpc,506202_bpc,82.0,92.75,-10.75,7.0,0.9429941288113415
9554,5105,505301_mpc,505601_mpc,38.75,48.75,-10.0,-21.0,0.5258889827535435
10443,26796,501502_bpc,501801_mpc,45.5,46.25,-0.75,2.0,0.8061195700127634
21280,24665,513903_mec,514001_mpc,21.25,13.0,8.25,11.0,0.9375036931631803
14750,34570,506301_mpc,506201_mpc,46.5,52.5,-6.0,7.0,0.960290597651851
293,17310,508402_bpc,509001_mpc,31.25,21.25,10.0,6.0,0.8046957652851315
12939,26362,507402_bpc,508202_bpc,23.5,18.75,4.75,9.0,0.970311904011991
22869,29552,511401_mpc,511202_bpc,37.5,41.25,-3.75,32.0,0.7130193313905729
32861,34350,503101_mpc,503301_mpc,65.0,89.25,-24.25,19.442871,0.9579686709392301
12209,12895,508402_bpc,508502_bpc,70.0,62.5,7.5,-1.0,0.9336168520981265
24139,4290,507602_bpc,508002_bpc,17.5,13.25,4.25,-11.0,0.9574121598731217
16482,18238,502101_mpc,501601_mpc,40.5,36.25,4.25,-5.0,0.8417194469931124
19734,14473,513602_bpc,513903_mec,29.0,20.0,9.0,17.0,0.8512927206898933
2595,5343,508102_bpc,507602_bpc,21.5,23.75,-2.25,-40.0,0.918855346061937
18397,17734,508502_bpc,509302_bpc,42.0,42.5,-0.5,-2.0,0.8623746297610826
39383,32451,511604_cec,511402_bpc,21.25,21.5,-0.25,9.557129,0.8625400373392202
26328,32202,513704_cec,512104_cec,19.0,15.0,4.0,16.0,0.9222497461816896
19431,19864,504504_cec,509401_mpc,30.0,20.75,9.25,18.0,0.7191401473425499
1365,26618,504504_cec,504503_mec,27.5,29.75,-2.25,-2.0,0.8783403191539065
33420,37494,508802_bpc,509502_bpc,44.0,48.75,-4.75,-10.0,0.885753281472138
17385,11288,506404_cec,506701_mpc,21.25,10.25,11.0,-1.0,0.9208870871205028
17040,29039,509001_mpc,508903_mec,33.75,26.25,7.5,10.0,0.7920553256859465
5440,14708,512801_mpc,512901_mpc,9.75,16.25,-6.5,-7.0,0.95970453452933
14828,35530,506801_mpc,505401_mpc,31.25,31.25,0.0,-14.0,0.9635234383913752
31606,24360,512401_mpc,512202_bpc,43.75,56.25,-12.5,10.0,0.7879402364366209
21231,4369,502802_bpc,502701_mpc,30.0,33.25,-3.25,-14.0,0.8521434626430497
26349,19658,507801_mpc,508202_bpc,26.5,17.75,8.75,0.0,0.8960037727432726
21987,37709,512701_mpc,512601_mpc,72.25,71.25,1.0,-32.0,0.9872882976944598
25031,12836,509502_bpc,506201_mpc,19.5,13.25,6.25,31.0,0.9567889562700344
5905,17544,506701_mpc,506502_bpc,54.25,86.0,-31.75,-10.0,0.8161539315599466
31521,34668,514702_bpc,514802_bpc,34.0,31.25,2.75,-6.0,0.9800712968971228
5343,2595,507602_bpc,508102_bpc,23.75,21.5,2.25,40.0,0.918855346061937
17437,7820,501802_bpc,501502_bpc,15.0,17.5,-2.5,-13.0,0.9522533659254905
39164,2269,507502_bpc,508002_bpc,38.75,43.0,-4.25,-21.0,0.8231623339373058
8749,29002,505402_bpc,505302_bpc,42.5,49.75,-7.25,-4.0,0.89982199055067
38213,29137,502005_hec,503201_mpc,55.0,64.0,-9.0,-10.0,0.8801869132252432
34482,19920,503801_mpc,503102_bpc,48.75,46.25,2.5,8.0,0.7736439996533905
32288,20281,506302_bpc,506001_mpc,8.75,21.75,-13.0,5.0,0.8991698589324145
24865,21713,508501_mpc,515001_mpc,33.75,32.5,1.25,53.0,0.8991208648175666
5513,2520,512201_mpc,511901_mpc,55.5,91.25,-35.75,-4.0,0.9165470722228415
18338,25990,513201_mpc,512801_mpc,70.75,97.5,-26.75,9.0,0.9351884429825125
19757,21322,506904_cec,506404_cec,22.5,21.75,0.75,7.0,0.8419132063301412
9181,19452,508402_bpc,508502_bpc,30.5,31.25,-0.75,-10.0,0.8127335934722016
6893,17162,504001_mpc,503301_mpc,68.75,75.0,-6.25,-18.0,0.9517230015926486
12012,4363,503802_bpc,504002_bpc,36.25,35.0,1.25,12.0,0.8634060304254926
20721,4751,502504_cec,502505_hec,26.75,15.25,11.5,2.0,0.8805338139285932
27670,17961,514901_mpc,511901_mpc,33.0,25.25,7.75,21.0,0.8677682085809717
5559,4277,506202_bpc,506102_bpc,51.25,61.5,-10.25,-6.0,0.9540584150577692
27411,16651,502504_cec,502505_hec,27.75,11.5,16.25,37.0,0.6924208152610508
11518,21313,512502_bpc,514602_bpc,45.0,53.75,-8.75,-19.0,0.8428411361314653
23435,33397,506302_bpc,506101_mpc,27.75,31.25,-3.5,-40.0,0.7501610599076842
18485,7897,512602_bpc,512702_bpc,55.0,58.75,-3.75,-2.0,0.9904965330557821
5232,3175,505602_bpc,505302_bpc,35.0,40.0,-5.0,-14.0,0.8357183920714765
35873,29232,508801_mpc,509501_mpc,85.75,58.75,27.0,-1.0,0.9528461045268938
18351,13378,501801_mpc,501502_bpc,47.5,43.25,4.25,-6.0,0.8927084437368551
19080,25604,506302_bpc,507001_mpc,67.5,72.5,-5.0,5.0,0.9610133285811515
15040,28383,509105_hec,509401_mpc,22.75,29.0,-6.25,-6.0,0.8503235488083825
32473,36507,514002_bpc,513704_cec,8.75,4.0,4.75,44.0,0.9650513050479566
4962,12892,506404_cec,506904_cec,21.25,18.75,2.5,9.0,0.8926143028289399
6412,21399,508502_bpc,506702_bpc,29.0,23.75,5.25,-9.0,0.5919391283276624
32164,32423,507601_mpc,507502_bpc,51.25,51.25,0.0,7.0,0.8906406980105961
27857,16662,507201_mpc,506404_cec,10.75,12.75,-2.0,-33.0,0.9660808647447041
3086,8611,507501_mpc,507601_mpc,27.5,21.0,6.5,-19.0,0.9072648551976127
19350,19130,514001_mpc,514201_mpc,61.25,55.0,6.25,11.0,0.980955905256513
9650,30957,501802_bpc,502202_bpc,43.75,48.5,-4.75,7.0,0.9210264748408769
29200,4479,503302_bpc,503102_bpc,26.5,26.25,0.25,-2.0,0.8264796885615866
31395,20788,501904_cec,506404_cec,19.0,15.0,4.0,2.557129,0.9157105111818303
12416,24524,501602_bpc,502102_bpc,42.5,42.5,0.0,-4.0,0.9837734747745644
20919,36665,507302_bpc,506602_bpc,34.75,26.5,8.25,-3.0,0.7426386055941121
16728,14966,505602_bpc,506001_mpc,24.0,20.0,4.0,21.0,0.8664138550859621
36362,14706,511801_mpc,511701_mpc,47.75,43.0,4.75,26.0,0.9016945149907594
8577,5820,507001_mpc,507201_mpc,22.5,28.75,-6.25,-17.0,0.8784744195240656
12655,21384,505401_mpc,505801_mpc,30.0,31.5,-1.5,10.0,0.8708250881757366
8462,29052,505502_bpc,505802_bpc,41.75,44.75,-3.0,16.0,0.8015262908319446
22107,6295,515001_mpc,507904_cec,57.0,63.75,-6.75,-7.0,0.8517882120667362
13151,22323,505901_mpc,505801_mpc,76.25,75.0,1.25,15.0,0.9887400654212786
7914,3456,506002_bpc,505701_mpc,23.5,32.75,-9.25,22.0,0.7912983539776051
24805,21681,502102_bpc,501502_bpc,38.75,38.5,0.25,-3.0,0.868456412059474
13986,23651,501602_bpc,502101_mpc,18.25,20.0,-1.75,0.0,0.943271214751517
19557,19318,506701_mpc,506404_cec,23.0,17.5,5.5,3.0,0.9185970678129992
20579,25750,502202_bpc,501502_bpc,56.0,53.75,2.25,9.0,0.9726457928882782
29587,24426,506903_mec,506404_cec,21.75,21.25,0.5,-12.0,0.9291741078662936
14922,13173,506404_cec,506802_bpc,40.25,37.5,2.75,-21.442871,0.49090693263052015
6460,6739,508101_mpc,507601_mpc,1.25,16.75,-15.5,1.0,0.9757594616341007
10575,6799,504701_mpc,504904_cec,18.75,22.5,-3.75,-6.0,0.9521339481708992
11904,18461,503601_mpc,503602_bpc,46.25,55.75,-9.5,1.0,0.8338260333012688
14380,92,506002_bpc,505402_bpc,10.25,7.5,2.75,11.0,0.9393798898118237
38232,4833,505501_mpc,505101_mpc,26.5,28.25,-1.75,1.0,0.9468014481633337
2872,17467,513403_mec,511603_mec,47.5,50.0,-2.5,8.0,0.8653113593722304
3161,31189,505902_bpc,505502_bpc,40.0,41.25,-1.25,2.0,0.9287244680244485
5926,3772,507501_mpc,507801_mpc,10.0,14.75,-4.75,-1.0,0.9922710894929981
13572,28124,502004_cec,501904_cec,33.75,34.25,-0.5,4.0,0.9100273620342095
21487,27523,506904_cec,508903_mec,25.5,11.25,14.25,18.0,0.8309277942840944
4223,33777,504702_bpc,504402_bpc,48.75,62.5,-13.75,5.0,0.9087635602896827
18238,15824,501601_mpc,501801_mpc,36.25,36.25,0.0,4.0,0.7673258316588342
16526,29869,513601_mpc,511604_cec,40.25,47.5,-7.25,6.0,0.5150012064729173
2533,4974,512802_bpc,513103_mec,37.5,39.5,-2.0,-13.0,0.7426483137776762
37802,37435,506601_mpc,506404_cec,29.0,20.0,9.0,-4.0,0.8247241404760925
6597,28124,501502_bpc,501904_cec,38.75,34.25,4.5,9.0,0.8448116272729566
10655,1975,506201_mpc,506301_mpc,59.75,61.5,-1.75,12.0,0.9764420032182661
23760,24806,511604_cec,513704_cec,12.5,11.5,1.0,45.0,0.9046141064579625
18302,18461,503601_mpc,503602_bpc,55.25,55.75,-0.5,1.0,0.9436569306000766
28597,17391,507602_bpc,507402_bpc,41.25,45.0,-3.75,-4.0,0.8123183924678697
2755,18940,507401_mpc,508101_mpc,31.25,25.75,5.5,3.0,0.9040153139851898
3955,33981,503302_bpc,502202_bpc,36.0,38.0,-2.0,8.0,0.5741431939065125
12262,22022,506404_cec,506904_cec,17.25,23.75,-6.5,34.0,0.844607783883748
27955,20278,503801_mpc,503201_mpc,47.25,40.5,6.75,2.0,0.7395683074652297
31920,10411,505204_cec,505203_mec,25.0,30.25,-5.25,7.0,0.8849931442801029
10175,38603,508201_mpc,508001_mpc,35.25,36.0,-0.75,-19.0,0.8505163689736187
6365,5142,505102_bpc,505402_bpc,32.5,27.5,5.0,19.0,0.7374082853449525
9828,14320,511202_bpc,511402_bpc,40.25,33.75,6.5,-18.0,0.6006576110152555
20339,23675,508501_mpc,508401_mpc,73.25,79.0,-5.75,-1.0,0.9696771180125221
17407,3288,505301_mpc,505601_mpc,45.75,60.0,-14.25,1.0,0.8440273484823383
36664,33502,512201_mpc,512801_mpc,23.25,11.5,11.75,-11.442871,0.7760447764801791
30337,20356,513103_mec,512802_bpc,15.25,16.25,-1.0,24.0,0.9423182052737954
17027,23509,511604_cec,513704_cec,15.0,3.75,11.25,19.0,0.9203863061235364
4379,3297,504402_bpc,504702_bpc,45.0,46.25,-1.25,2.0,0.9095385689746565
10852,10403,506002_bpc,506001_mpc,12.25,16.75,-4.5,-12.0,0.9696140989987797
1382,19500,509301_mpc,508401_mpc,41.25,49.0,-7.75,10.0,0.7253608071530702
4138,3125,508002_bpc,502504_cec,29.0,27.5,1.5,-9.0,0.7105225434866289
13013,21041,504503_mec,504903_mec,23.75,25.0,-1.25,3.0,0.952559968724523
23506,22474,504202_bpc,503202_bpc,28.75,22.75,6.0,-32.0,0.7001197408744815
32230,4891,506301_mpc,506101_mpc,48.75,49.75,-1.0,1.0,0.9275687715876375
12505,8662,507501_mpc,508001_mpc,45.5,52.5,-7.0,-5.0,0.9340381791947022
36641,14966,505701_mpc,506001_mpc,6.75,20.0,-13.25,-30.0,0.9363602883108095
39064,3772,507904_cec,507801_mpc,19.5,14.75,4.75,-2.0,0.9374734110036115
11878,34585,512601_mpc,512501_mpc,35.75,40.0,-4.25,27.0,0.8697518522567086
8965,11779,505702_bpc,505802_bpc,41.25,48.75,-7.5,-18.0,0.6568060558940619
14316,24054,502005_hec,502004_cec,5.75,16.25,-10.5,6.442871,0.9369100090035821
4047,25426,503802_bpc,503101_mpc,58.5,54.25,4.25,8.0,0.8551521046625383
21804,25541,504401_mpc,504503_mec,31.25,30.0,1.25,-16.0,0.8568612093057295
3413,8894,508702_bpc,509201_mpc,41.25,39.0,2.25,7.0,0.7195742735634424
10280,23713,501903_mec,508903_mec,17.0,19.0,-2.0,-25.0,0.9056957223215871
38081,30609,507302_bpc,506702_bpc,32.75,33.75,-1.0,-7.0,0.7955459790613082
3072,4372,507002_bpc,506702_bpc,47.5,45.0,2.5,-9.0,0.8373849323049445
3177,5470,508001_mpc,508101_mpc,32.5,28.5,4.0,-1.0,0.8828679517240086
30991,10424,509201_mpc,509501_mpc,37.75,31.25,6.5,-17.0,0.8067541674082704
32773,30796,504002_bpc,503302_bpc,38.0,36.25,1.75,-16.0,0.7425820777243987
16631,8666,512902_bpc,512901_mpc,57.5,47.0,10.5,-11.0,0.8919409383521267
20991,24713,509104_cec,508904_cec,23.25,25.0,-1.75,33.0,0.8361007619479088
21394,11789,507202_bpc,507002_bpc,19.0,25.0,-6.0,15.0,0.9484698691974829
4183,25551,507802_bpc,508101_mpc,71.25,61.25,10.0,10.0,0.9529982887836862
8672,1837,507402_bpc,507502_bpc,60.0,52.0,8.0,-12.0,0.9335519584854426
3945,11472,513503_mec,512104_cec,5.0,8.75,-3.75,19.0,0.9641237265958317
4012,5991,507802_bpc,508002_bpc,13.75,22.75,-9.0,3.0,0.959121472641055
32497,25990,510101_mpc,512801_mpc,65.25,97.5,-32.25,-7.0,0.9021565850605142
30982,7199,511701_mpc,510101_mpc,52.5,51.25,1.25,13.0,0.7919410519788179
26567,16462,507501_mpc,512601_mpc,88.75,98.75,-10.0,3.0,0.9530624500392353
4094,39164,508002_bpc,507502_bpc,37.5,38.75,-1.25,20.0,0.8960823333197343
18669,38428,511303_mec,511401_mpc,18.75,26.25,-7.5,8.0,0.8920127001538292
5511,16529,504503_mec,504504_cec,25.0,20.0,5.0,-31.0,0.9410531185577341
11719,2828,504202_bpc,504002_bpc,20.75,27.0,-6.25,-13.0,0.8690337386189599
6874,21865,512801_mpc,512901_mpc,35.0,35.5,-0.5,-22.0,0.8287292154335965
15599,13952,503601_mpc,503201_mpc,70.0,95.0,-25.0,-6.0,0.9823248086172038
22323,21727,505801_mpc,505901_mpc,75.0,65.75,9.25,-20.0,0.9670843253430301
19539,4155,507802_bpc,507402_bpc,20.0,23.75,-3.75,-9.0,0.9755339556090664
8841,17280,504202_bpc,503102_bpc,11.5,2.5,9.0,8.0,0.9250792980814043
16106,25225,511901_mpc,510101_mpc,50.5,60.0,-9.5,-6.0,0.9445599132292809
29555,21261,514801_mpc,514601_mpc,65.25,63.75,1.5,10.0,0.9714511489273713
3058,31031,505801_mpc,505901_mpc,36.25,46.75,-10.5,-12.0,0.6412559920911081
7545,38695,508701_mpc,509502_bpc,7.25,10.5,-3.25,-17.0,0.9597353002088047
33864,10594,505204_cec,505101_mpc,32.5,36.75,-4.25,-9.0,0.781207457934471
9404,5977,506301_mpc,509501_mpc,82.75,101.25,-18.5,0.0,0.9479123922818636
2716,11288,506904_cec,506701_mpc,22.5,10.25,12.25,-18.0,0.8224331814719646
14512,21243,509301_mpc,509401_mpc,42.5,40.25,2.25,3.0,0.9181160716240296
12452,7444,505702_bpc,505302_bpc,72.5,73.25,-0.75,-6.0,0.9755418081402135
34794,13545,505602_bpc,512901_mpc,79.5,102.5,-23.0,13.0,0.940342406419186
17368,17229,514202_bpc,511802_bpc,32.0,18.75,13.25,26.0,0.6259898932240151
7271,10084,504402_bpc,504904_cec,25.0,26.25,-1.25,8.0,0.9267200307279478
7085,37580,505301_mpc,505701_mpc,38.75,38.75,0.0,20.0,0.9308198519499801
26227,11900,504202_bpc,503102_bpc,49.25,53.75,-4.5,-18.0,0.8439685533276388
14303,14281,507701_mpc,507904_cec,12.0,12.5,-0.5,45.0,0.9571124035725378
4383,8302,508102_bpc,507402_bpc,41.25,45.0,-3.75,-7.0,0.8191401763610073
38343,15311,514301_mpc,514502_bpc,38.75,38.0,0.75,-10.0,0.6831212410509673
29162,4729,512801_mpc,512802_bpc,43.5,42.75,0.75,-10.0,0.794150605543024
27685,15025,502005_hec,502202_bpc,15.25,3.75,11.5,-33.0,0.8944321610594319
25934,34713,510102_bpc,511902_bpc,20.0,24.25,-4.25,24.0,0.9549480560059481
37340,5400,506102_bpc,506302_bpc,55.25,48.75,6.5,-1.0,0.9326079695092299
34290,16550,501802_bpc,501801_mpc,35.0,35.25,-0.25,-16.0,0.8841106503869944
16550,6636,501801_mpc,501602_bpc,35.25,31.0,4.25,-4.0,0.7926969110575841
2030,19118,505801_mpc,505501_mpc,81.25,95.0,-13.75,-1.0,0.990250774309429
6909,16898,513504_cec,513704_cec,18.75,14.0,4.75,-4.0,0.9358272888895809
32126,18949,514202_bpc,514001_mpc,36.0,42.5,-6.5,27.0,0.7021809419552514
4435,19970,512702_bpc,512602_bpc,33.75,35.0,-1.25,1.0,0.8233269140120717
38090,385,514801_mpc,514602_bpc,28.0,17.5,10.5,6.0,0.8508696663868742
6951,16422,502004_cec,502701_mpc,37.0,44.0,-7.0,1.0,0.5751209179726556
9931,22391,511702_bpc,514801_mpc,80.75,98.25,-17.5,8.0,0.9432681919961706
38715,2551,514002_bpc,514202_bpc,12.5,9.0,3.5,-1.0,0.9796972278505722
35379,25653,511702_bpc,511801_mpc,25.0,33.25,-8.25,-16.0,0.8389286097808184
3839,25217,508502_bpc,508302_bpc,29.0,16.25,12.75,20.0,0.8937615326256193
34087,3922,514802_bpc,514702_bpc,35.0,32.25,2.75,-6.0,0.8639323681524889
19824,18375,502004_cec,501602_bpc,29.25,27.75,1.5,-1.0,0.6868091417664854
16730,20966,503002_bpc,502702_bpc,44.0,38.5,5.5,-9.0,0.7800302691670394
25087,5977,506801_mpc,509501_mpc,68.75,101.25,-32.5,-5.0,0.9152408843588525
8823,147,507601_mpc,507501_mpc,70.0,70.0,0.0,-9.0,0.9748494337899263
6743,22744,501502_bpc,502005_hec,28.5,8.0,20.5,11.0,0.667945895365319
17072,24074,515002_bpc,508502_bpc,72.5,72.5,0.0,-2.0,0.9629320790766596
16413,6199,514501_mpc,514502_bpc,14.75,19.0,-4.25,4.0,0.9179938648335146
36819,6849,511702_bpc,511801_mpc,44.0,48.75,-4.75,2.0,0.8629612893543867
8664,16961,501602_bpc,501801_mpc,57.75,79.0,-21.25,-1.0,0.8929581057006709
8452,24592,502202_bpc,501802_bpc,29.25,20.5,8.75,-3.0,0.8695923052075005
13584,4859,503801_mpc,503101_mpc,31.75,27.5,4.25,18.0,0.9076146367880846
21957,15096,507301_mpc,506601_mpc,23.0,18.0,5.0,-39.0,0.9504854994126694
7198,28756,510101_mpc,512401_mpc,33.75,24.25,9.5,31.0,0.8473394117291928
15414,6833,512401_mpc,513704_cec,15.5,20.25,-4.75,2.0,0.9364892020643181
25179,8178,503602_bpc,503302_bpc,28.75,23.25,5.5,-16.0,0.8586149926599853
35502,10283,507202_bpc,507002_bpc,37.5,40.25,-2.75,3.0,0.8108320619882978
11134,17788,513202_bpc,513201_mpc,43.0,60.5,-17.5,-14.0,0.6181008070005615
7166,3925,502702_bpc,502802_bpc,29.0,34.0,-5.0,2.0,0.9135805667609541
3928,31437,503802_bpc,503201_mpc,71.25,53.75,17.5,0.0,0.9178585350448536
2116,36022,506002_bpc,505802_bpc,40.25,46.25,-6.0,7.0,0.8062691937707093
21217,25403,507202_bpc,506802_bpc,37.5,36.5,1.0,15.0,0.7396465170778413
19087,16961,502101_mpc,501801_mpc,51.25,79.0,-27.75,1.0,0.892150203045542
37494,2064,509502_bpc,508903_mec,48.75,56.5,-7.75,5.0,0.9198991043506445
29056,7935,504504_cec,504904_cec,26.5,23.75,2.75,-29.0,0.9686689462602212
9975,3477,507502_bpc,507402_bpc,40.25,45.75,-5.5,-2.0,0.9299421104940451
10891,10759,506201_mpc,506101_mpc,58.5,63.75,-5.25,0.0,0.986450707670157
1259,14987,502801_mpc,503001_mpc,12.25,8.25,4.0,18.0,0.9025567703056949
7033,19809,505203_mec,513602_bpc,16.75,-5.0,21.75,27.0,0.8090113274223978
19134,7057,506302_bpc,515002_bpc,43.75,43.25,0.5,12.0,0.987876670195268
10175,6659,508201_mpc,507701_mpc,35.25,36.0,-0.75,-21.0,0.8348896074105765
2351,2348,508101_mpc,507601_mpc,16.25,22.5,-6.25,30.0,0.9328676036948512
39003,33381,513904_cec,503002_bpc,11.25,10.0,1.25,-16.0,0.9459323251881132
18869,239,514602_bpc,514601_mpc,45.75,51.25,-5.5,-15.0,0.8863672022762988
18835,11049,514002_bpc,514401_mpc,23.0,23.75,-0.75,0.0,0.901795845448383
16066,30620,507501_mpc,507602_bpc,41.5,37.75,3.75,-6.0,0.7986659201731627
18021,24413,514701_mpc,514601_mpc,78.75,82.75,-4.0,-2.0,0.9948894784316298
24574,30375,511401_mpc,511201_mpc,36.5,40.0,-3.5,5.0,0.876902116003333
33533,16937,511702_bpc,514802_bpc,35.25,35.75,-0.5,-33.0,0.706462311093817
5188,7028,508302_bpc,508502_bpc,34.25,30.0,4.25,-10.0,0.8945644657915292
19086,112,512501_mpc,512701_mpc,12.25,15.25,-3.0,8.0,0.9801671823156822
3802,25572,507002_bpc,503001_mpc,69.5,98.75,-29.25,-2.0,0.9104246800413762
6083,4653,514301_mpc,514501_mpc,26.75,22.5,4.25,21.0,0.9523076762295655
18015,12121,512202_bpc,506101_mpc,58.75,108.75,-50.0,-8.0,0.8460589916528594
11472,29331,512104_cec,511604_cec,8.75,12.75,-4.0,-22.0,0.9529048395195736
10882,3188,507502_bpc,507402_bpc,42.5,52.5,-10.0,0.0,0.8689716410208262
2162,37435,506903_mec,506404_cec,17.75,20.0,-2.25,-1.0,0.9268684471202912
6108,14593,509201_mpc,508302_bpc,28.5,22.0,6.5,10.0,0.8022489160455989
7633,14929,503101_mpc,503601_mpc,57.25,82.5,-25.25,-10.0,0.9052977600285798
15564,25051,512104_cec,511702_bpc,2.75,0.0,2.75,35.0,0.9776253916451245
29950,15941,513503_mec,511701_mpc,41.25,32.5,8.75,16.0,0.6951543949074815
12451,2551,513904_cec,514202_bpc,12.5,9.0,3.5,18.0,0.9791202924784448
23458,13013,504903_mec,504503_mec,20.0,23.75,-3.75,-7.0,0.9127505626672612
14421,33141,512104_cec,513504_cec,17.5,15.25,2.25,16.0,0.9767097455651338
7618,18878,505602_bpc,505102_bpc,35.0,35.75,-0.75,-11.0,0.8772970937261673
7353,13227,503202_bpc,503801_mpc,61.25,90.0,-28.75,-7.0,0.9331477128173833
19144,17240,514302_bpc,514501_mpc,17.5,19.75,-2.25,28.0,0.9404999904464179
12858,25900,507301_mpc,507001_mpc,72.5,61.25,11.25,12.0,0.9247889938524411
10764,2432,507601_mpc,507801_mpc,7.5,8.0,-0.5,-38.0,0.9337721526535451
6677,5020,507701_mpc,508102_bpc,25.75,13.75,12.0,-7.0,0.9125086172584198
12499,15614,508802_bpc,509202_bpc,41.25,43.5,-2.25,-7.0,0.8518923805615883
30370,11640,513704_cec,513201_mpc,70.75,95.5,-24.75,-31.0,0.9812166042934648
28014,15121,513601_mpc,511701_mpc,23.75,27.5,-3.75,-2.0,0.8939159401516561
9868,30148,504202_bpc,508301_mpc,16.5,12.5,4.0,-12.0,0.8798556291174925
2104,25242,507502_bpc,507501_mpc,57.5,52.5,5.0,4.0,0.9024195872202073
330,15163,509402_bpc,508402_bpc,42.0,44.5,-2.5,2.0,0.836183364457806
19344,16690,501903_mec,502101_mpc,35.5,38.25,-2.75,13.0,0.8013105261997144
38444,19938,505802_bpc,505402_bpc,43.0,48.75,-5.75,15.0,0.8442256258509585
27670,11175,514901_mpc,514902_bpc,33.0,30.75,2.25,-14.0,0.8999687199265282
30672,31214,514002_bpc,513601_mpc,27.5,23.75,3.75,-10.0,0.8181758420904146
20872,29115,509402_bpc,509202_bpc,52.5,57.5,-5.0,-17.0,0.9143248296497495
17664,7454,502102_bpc,501502_bpc,40.75,43.0,-2.25,5.0,0.6940854181234228
15071,16340,507802_bpc,507402_bpc,51.5,51.5,0.0,6.0,0.9357955934319286
30154,39140,508201_mpc,507801_mpc,45.0,61.25,-16.25,-18.0,0.8069424443479742
2078,4646,507702_bpc,507802_bpc,21.25,13.75,7.5,-9.0,0.9651921024610421
10217,8272,513404_cec,512802_bpc,44.5,58.5,-14.0,-5.0,0.6725974915858283
14461,1796,509402_bpc,509302_bpc,31.25,22.5,8.75,29.0,0.7905631953176266
33279,3576,510102_bpc,513602_bpc,23.75,8.75,15.0,13.0,0.9096091951879318
2939,39196,505602_bpc,505802_bpc,53.75,51.25,2.5,10.0,0.9639775840621853
23691,24245,509501_mpc,505301_mpc,12.25,17.5,-5.25,-9.0,0.8514737757836384
24249,5432,508904_cec,509201_mpc,68.0,91.25,-23.25,2.0,0.9724763896756369
6471,15065,503802_bpc,504202_bpc,41.0,42.5,-1.5,20.0,0.6735157370932218
21954,21313,512702_bpc,514602_bpc,67.25,53.75,13.5,0.0,0.9555610133600946
4865,8558,507002_bpc,507201_mpc,16.5,1.75,14.75,-6.0,0.8760218167744352
38582,24500,505302_bpc,505501_mpc,43.5,45.5,-2.0,-5.0,0.8620935787820757
20770,26493,505302_bpc,505301_mpc,67.0,63.75,3.25,3.0,0.9520468617023432
37790,7534,502202_bpc,501602_bpc,38.75,41.75,-3.0,4.0,0.920078472242363
20218,19920,503302_bpc,503102_bpc,43.75,46.25,-2.5,-7.0,0.855843874412783
8322,6653,508801_mpc,508301_mpc,35.75,36.25,-0.5,23.0,0.8515137465648835
36478,6849,511802_bpc,511801_mpc,49.0,48.75,0.25,7.0,0.9430973628281593
12631,9360,501502_bpc,501602_bpc,42.0,45.0,-3.0,0.0,0.8349794632490412
17658,35183,512902_bpc,512901_mpc,56.25,45.5,10.75,4.0,0.8742871388966689
19350,20855,514001_mpc,514801_mpc,61.25,83.75,-22.5,5.0,0.8847337544186153
31728,22307,513904_cec,514201_mpc,16.5,18.75,-2.25,-14.0,0.9315872773751036
22579,26641,505902_bpc,505502_bpc,41.25,45.0,-3.75,18.0,0.7943810178348477
3329,7056,508101_mpc,507801_mpc,44.5,42.5,2.0,2.0,0.8778967743334315
7907,23540,511201_mpc,511401_mpc,28.75,27.75,1.0,3.0,0.9207972495522797
17557,10312,502101_mpc,502202_bpc,48.25,57.5,-9.25,24.0,0.9119396266591976
24305,24787,512901_mpc,513103_mec,26.75,16.25,10.5,-12.0,0.9047913035562278
13428,21528,508302_bpc,508502_bpc,28.75,29.5,-0.75,3.0,0.8515135263460936
3904,26227,503802_bpc,504202_bpc,47.0,49.25,-2.25,21.0,0.8380266901861875
5206,19570,505302_bpc,505602_bpc,64.0,63.75,0.25,2.0,0.8843772246746543
14464,11404,503001_mpc,502702_bpc,34.25,33.25,1.0,-21.0,0.6445157234051234
2403,18707,502702_bpc,511902_bpc,12.5,-2.75,15.25,15.0,0.8554557185479665
15527,30576,506701_mpc,507301_mpc,27.5,27.75,-0.25,22.442871,0.9029809649532411
3762,36356,504702_bpc,513201_mpc,72.5,100.25,-27.75,4.0,0.9201883655524559
5204,12040,508702_bpc,509502_bpc,47.25,44.25,3.0,-6.0,0.844727100952737
17758,10538,505401_mpc,505801_mpc,44.75,53.75,-9.0,8.0,0.8359890783859606
21190,25626,512201_mpc,511901_mpc,32.5,21.25,11.25,-6.442871,0.8004176972592753
3407,17220,504401_mpc,504702_bpc,36.25,34.0,2.25,12.0,0.5664259780769484
34556,18594,504002_bpc,503802_bpc,36.25,29.25,7.0,-12.0,0.7873307051317624
26346,2828,504202_bpc,504002_bpc,33.0,27.0,6.0,-25.0,0.7975359111403425
5431,22961,507802_bpc,506102_bpc,32.5,26.0,6.5,-2.0,0.43343019007672295
3820,31952,506601_mpc,502004_cec,38.75,35.0,3.75,11.0,0.5577507696137646
10494,31377,511604_cec,511603_mec,13.75,14.0,-0.25,15.0,0.9608925832235888
1956,4946,504701_mpc,504401_mpc,72.5,57.5,15.0,-8.0,0.9542253642789209
32536,16674,507602_bpc,507802_bpc,33.75,28.75,5.0,-7.0,0.7602581943917497
351,11898,509202_bpc,508501_mpc,35.0,27.5,7.5,43.0,0.4084859127339819
31859,4735,503202_bpc,504201_mpc,12.75,15.5,-2.75,29.0,0.9444499244136189
5673,20683,504503_mec,504401_mpc,51.25,56.25,-5.0,34.0,0.9360597905637502
22015,33708,503102_bpc,504202_bpc,55.0,47.5,7.5,-5.0,0.9001991242921885
13916,35799,501801_mpc,502201_mpc,50.75,52.5,-1.75,-4.0,0.9467681919422991
29157,5329,508904_cec,507904_cec,21.25,6.25,15.0,39.0,0.8615280346292824
32472,31139,504002_bpc,509202_bpc,4.25,15.25,-11.0,-11.0,0.9449788516030682
3516,11819,507502_bpc,508102_bpc,20.0,21.75,-1.75,5.0,0.9872187536239821
2254,7868,509002_bpc,508402_bpc,41.5,46.25,-4.75,0.0,0.8988952228955737
39332,30844,506701_mpc,506601_mpc,30.0,32.25,-2.25,-39.0,0.9172317099119683
20830,318,506404_cec,502505_hec,10.75,11.5,-0.75,29.0,0.9344743126416588
13228,31911,505301_mpc,505401_mpc,94.0,75.0,19.0,-15.0,0.9714034624282986
3142,7435,512802_bpc,513903_mec,45.0,41.75,3.25,-49.0,0.7347373086746816
1260,34924,511902_bpc,510102_bpc,57.5,59.5,-2.0,-9.0,0.9053512602933412
21101,7124,513503_mec,513903_mec,26.5,20.0,6.5,9.0,0.8094004558085575
35183,3142,512901_mpc,512802_bpc,45.5,45.0,0.5,36.0,0.7835059581165505
14941,24392,513104_cec,512104_cec,38.5,33.0,5.5,21.0,0.5707198079266841
12989,12970,513201_mpc,513202_bpc,36.0,16.0,20.0,-8.0,0.5503087867291042
7587,18642,512602_bpc,512701_mpc,43.75,42.5,1.25,11.0,0.8940287304448628
24524,16676,502102_bpc,501602_bpc,42.5,51.0,-8.5,6.0,0.8890620454059345
16589,6492,503301_mpc,502505_hec,21.25,4.5,16.75,55.0,0.8205114565752251
15286,14929,503301_mpc,503601_mpc,58.75,82.5,-23.75,-22.0,0.9379500874521003
34120,3576,512104_cec,513602_bpc,18.75,8.75,10.0,12.0,0.8833359118114238
17467,13335,511603_mec,511201_mpc,50.0,63.5,-13.5,-5.0,0.8495004314893727
3621,10704,504401_mpc,504503_mec,35.25,22.5,12.75,8.0,0.6594528456846401
2176,3493,507402_bpc,507502_bpc,15.5,8.75,6.75,-9.0,0.9569500257041372
19176,4207,508904_cec,509501_mpc,26.25,27.5,-1.25,1.0,0.8193913055054483
12863,13091,504002_bpc,503801_mpc,30.0,33.75,-3.75,-5.0,0.7164373077025752
1323,7444,505204_cec,505302_bpc,70.25,73.25,-3.0,1.0,0.9728089002922751
5942,15450,514601_mpc,514902_bpc,57.25,66.25,-9.0,0.0,0.9477115327438259
23647,24044,508903_mec,508301_mpc,15.0,16.75,-1.75,-45.0,0.9214809550385046
25864,35502,507302_bpc,507202_bpc,35.0,37.5,-2.5,-1.0,0.8115569532363048
4349,36276,508001_mpc,508201_mpc,38.25,36.5,1.75,3.0,0.9116637873390135
10402,1341,514301_mpc,514902_bpc,7.5,3.75,3.75,24.0,0.9719078542654596
20119,1866,504904_cec,504402_bpc,26.25,22.5,3.75,-2.0,0.9214589425843372
4513,19058,508302_bpc,508502_bpc,35.5,31.5,4.0,1.0,0.8145799780253458
19485,19695,506904_cec,507301_mpc,21.5,13.75,7.75,5.557129,0.9277861472654008
10267,25139,504904_cec,504401_mpc,18.25,20.0,-1.75,1.0,0.8770326600122751
33148,20169,505203_mec,506904_cec,4.0,18.75,-14.75,-8.0,0.9046252456479177
5029,5535,504701_mpc,504903_mec,34.25,26.25,8.0,6.0,0.6728902608594112
5062,11201,512801_mpc,512902_bpc,53.75,76.75,-23.0,-19.0,0.8975564901531916
34401,19820,509202_bpc,508502_bpc,30.75,30.0,0.75,-14.0,0.8354043563661548
5076,25567,505801_mpc,505301_mpc,32.75,30.0,2.75,-4.0,0.7470575627434953
7870,17652,506202_bpc,506102_bpc,67.25,62.25,5.0,-8.0,0.9932990343806821
30180,13196,514802_bpc,514702_bpc,17.5,19.0,-1.5,8.0,0.8881658586121128
14528,31936,507801_mpc,507601_mpc,50.0,75.0,-25.0,4.0,0.8951352851162642
14088,11009,507401_mpc,507501_mpc,45.25,41.25,4.0,-15.0,0.8832931857250428
9570,5166,503802_bpc,504202_bpc,26.25,25.0,1.25,18.0,0.8403005940900974
2162,25517,506903_mec,506702_bpc,17.75,18.75,-1.0,-1.0,0.9200277454647029
13632,9055,503102_bpc,503202_bpc,46.25,57.5,-11.25,-4.0,0.835580004913064
15161,5720,503904_cec,503302_bpc,16.25,3.75,12.5,15.0,0.9454718783282717
10612,8703,505601_mpc,505101_mpc,46.25,46.25,0.0,-11.0,0.85625409468861
17244,27523,503905_hec,508903_mec,16.25,11.25,5.0,-1.0,0.8716497023107196
17079,27121,505301_mpc,505401_mpc,86.25,86.25,0.0,-5.0,0.9850700178869677
14200,26309,505301_mpc,505801_mpc,44.75,43.75,1.0,-12.0,0.8710527047316264
18199,14165,512201_mpc,511901_mpc,40.25,36.25,4.0,16.0,0.7437781163883709
20051,1775,502702_bpc,503001_mpc,25.0,26.25,-1.25,48.0,0.9247635228696244
16140,21765,514802_bpc,514702_bpc,52.5,54.5,-2.0,48.0,0.9663956199237863
12060,1613,504401_mpc,504903_mec,53.75,57.75,-4.0,-12.0,0.924894218632887
34428,25579,509202_bpc,508502_bpc,45.0,59.0,-14.0,1.0,0.8287728600115785
17166,14913,507302_bpc,509501_mpc,11.5,14.0,-2.5,29.0,0.9626717604179249
21422,787,514502_bpc,514301_mpc,37.5,41.25,-3.75,-26.0,0.7230245903091468
4295,20699,513504_cec,512104_cec,30.0,25.25,4.75,13.0,0.8675504000251051
4263,18232,508903_mec,509301_mpc,26.5,30.0,-3.5,34.0,0.8638536413306007
10531,11852,501601_mpc,501502_bpc,22.75,16.0,6.75,-15.0,0.8268582688993682
28490,30982,513601_mpc,511701_mpc,50.0,52.5,-2.5,-18.0,0.8516344905799571
5196,4285,508401_mpc,509301_mpc,28.0,25.0,3.0,10.0,0.8395418610201612
33591,29041,513201_mpc,511802_bpc,61.25,73.75,-12.5,-48.0,0.9020983684259333
11532,37082,511402_bpc,513403_mec,65.25,77.25,-12.0,-15.0,0.8992321523358245
14069,21751,505502_bpc,505102_bpc,48.0,57.5,-9.5,-8.0,0.9251132258536691
13227,1313,503801_mpc,501601_mpc,90.0,96.25,-6.25,7.0,0.954424770249472
36770,13771,506202_bpc,506701_mpc,38.75,44.0,-5.25,12.0,0.8140235517348177
17413,26227,503802_bpc,504202_bpc,46.0,49.25,-3.25,30.0,0.8284615669356161
20354,15218,508802_bpc,508502_bpc,32.5,30.0,2.5,-36.0,0.8588933550838638
21273,17101,506404_cec,506903_mec,21.5,13.25,8.25,6.0,0.911480470453717
4786,28393,503302_bpc,503102_bpc,56.25,52.5,3.75,2.0,0.8666864213830321
9015,29970,504201_mpc,503102_bpc,17.75,1.5,16.25,11.0,0.9157038760458034
3228,28998,514302_bpc,514501_mpc,20.0,7.5,12.5,14.0,0.8699797092876325
36567,2037,503002_bpc,502701_mpc,34.0,38.75,-4.75,-33.0,0.6689656470710231
25197,6643,505204_cec,505301_mpc,28.0,30.5,-2.5,16.0,0.8568773087728808
12565,13728,508101_mpc,507601_mpc,44.0,64.0,-20.0,1.0,0.7718900516554431
11018,25051,512402_bpc,511702_bpc,2.5,0.0,2.5,5.0,0.8993908325486448
13149,5715,504402_bpc,504903_mec,27.0,22.75,4.25,0.0,0.831845558120355
13429,194,511202_bpc,511401_mpc,55.75,66.0,-10.25,-11.0,0.9268804444668186
38487,4806,509105_hec,508702_bpc,20.0,22.75,-2.75,-26.0,0.9289419681581106
36354,3812,506501_mpc,506903_mec,31.25,34.25,-3.0,22.0,0.7534075011350945
23983,8652,508501_mpc,509105_hec,22.5,17.5,5.0,-6.0,0.8924254363708753
18445,16425,503601_mpc,504001_mpc,30.0,25.0,5.0,15.0,0.8635566188407211
19047,3431,506302_bpc,506102_bpc,46.25,49.75,-3.5,-6.0,0.9011075632825046
4495,2784,503002_bpc,502801_mpc,26.25,26.25,0.0,-12.442871,0.8883247902012172
23889,5472,502504_cec,508202_bpc,38.0,31.5,6.5,-5.0,0.571276212148931
501,4019,503801_mpc,503101_mpc,43.0,52.5,-9.5,16.0,0.6867897256017746
3518,16898,513103_mec,513704_cec,15.0,14.0,1.0,-2.0,0.9379924142347265
32211,20872,509302_bpc,509402_bpc,52.25,52.5,-0.25,7.0,0.896010305498356
7497,547,506201_mpc,506101_mpc,52.5,53.75,-1.25,-3.0,0.960668481534306
6578,24699,511902_bpc,512104_cec,17.75,26.25,-8.5,-36.0,0.8869787156431375
17471,13380,512601_mpc,512701_mpc,45.0,43.75,1.25,6.0,0.9122668181106135
29674,35339,504001_mpc,503905_hec,25.0,20.0,5.0,-14.442871,0.8296239217569582
4977,26517,512802_bpc,513104_cec,17.75,20.0,-2.25,36.0,0.8533826257360237
5430,16835,508102_bpc,507802_bpc,30.0,28.5,1.5,-2.0,0.9019697579367737
14649,19757,506404_cec,506904_cec,21.25,22.5,-1.25,0.0,0.9193000904770002
37998,13402,506502_bpc,506702_bpc,37.5,33.0,4.5,5.557129,0.8713060504590688
25869,9748,509401_mpc,509002_bpc,21.5,11.25,10.25,6.0,0.9088477473027953
1643,23682,506101_mpc,506202_bpc,82.5,61.0,21.5,-9.0,0.9584863920441851
20129,3903,514802_bpc,514801_mpc,13.75,16.5,-2.75,19.0,0.970487562956867
28294,14993,513403_mec,513201_mpc,47.5,77.5,-30.0,7.0,0.7475546928647132
10764,3493,507601_mpc,507502_bpc,7.5,8.75,-1.25,-38.0,0.9406229575511513
13881,6933,512501_mpc,512701_mpc,24.0,31.5,-7.5,-11.0,0.8871740014900269
6311,5926,507401_mpc,507501_mpc,21.25,10.0,11.25,0.0,0.960072367360963
15040,12657,509105_hec,508501_mpc,22.75,10.25,12.5,25.0,0.8800008485264348
27233,30751,506301_mpc,506202_bpc,56.25,66.5,-10.25,9.0,0.9608998247694122
19661,7101,509002_bpc,509001_mpc,26.25,22.5,3.75,-21.0,0.8703298598904332
36586,19695,506404_cec,507301_mpc,16.5,13.75,2.75,29.0,0.9284140801165709
8940,16739,514901_mpc,514801_mpc,50.0,50.0,0.0,2.0,0.9284104615870477
9020,37587,513202_bpc,514702_bpc,37.5,35.0,2.5,33.0,0.8911007625700714
293,1713,508402_bpc,508802_bpc,31.25,31.25,0.0,35.0,0.8054148341785392
18774,3903,514901_mpc,514801_mpc,22.75,16.5,6.25,19.0,0.9466403097433115
12836,17635,506201_mpc,506602_bpc,13.25,21.5,-8.25,-24.0,0.935141917352663
19988,16651,503905_hec,502505_hec,7.75,11.5,-3.75,26.0,0.9249908512816022
33069,8666,512801_mpc,512901_mpc,48.25,47.0,1.25,-8.0,0.9903677858083564
13896,29348,502801_mpc,502802_bpc,35.0,35.0,0.0,3.0,0.5831403847441889
12914,4882,508701_mpc,508401_mpc,60.5,62.25,-1.75,4.0,0.9386250239712112
26928,9225,503905_hec,503601_mpc,32.5,30.0,2.5,7.0,0.6439222021122809
5973,20379,512104_cec,511902_bpc,8.0,-2.5,10.5,-10.0,0.9819677795287246
14142,33148,505401_mpc,505203_mec,23.75,4.0,19.75,10.0,0.8411093410196637
12701,19032,504401_mpc,504503_mec,23.75,30.0,-6.25,33.0,0.8763527880268862
38121,11137,506801_mpc,505102_bpc,18.25,6.25,12.0,17.0,0.920609516300305
16422,6372,502701_mpc,501904_cec,44.0,38.75,5.25,-15.0,0.6169740167722588
1030,25480,512601_mpc,512701_mpc,65.0,64.0,1.0,26.0,0.9876682981219302
10519,20969,503302_bpc,503602_bpc,27.0,28.75,-1.75,-16.0,0.8483342310600337
19415,257,508802_bpc,509105_hec,17.75,17.5,0.25,11.442871,0.9567264196092199
7290,7336,513904_cec,512104_cec,11.25,6.0,5.25,18.0,0.8947155555369835
16799,31204,510101_mpc,512202_bpc,17.5,22.75,-5.25,-5.557129,0.9141816484417623
3063,5533,508002_bpc,507402_bpc,43.25,52.5,-9.25,6.0,0.8772027359180545
12214,17611,511202_bpc,511401_mpc,45.0,46.25,-1.25,-1.0,0.8144715980730365
36964,35360,507302_bpc,507301_mpc,55.0,67.5,-12.5,1.0,0.9331813394293419
1209,14784,503601_mpc,503801_mpc,23.25,22.5,0.75,-16.0,0.9037556723219506
24834,31332,512701_mpc,512601_mpc,64.0,55.0,9.0,-16.0,0.9651687566545185
11693,4523,511401_mpc,511201_mpc,48.75,43.75,5.0,-8.0,0.899982742739199
16739,34311,514801_mpc,514601_mpc,50.0,55.0,-5.0,-14.0,0.9360886100321627
9739,28574,509302_bpc,508702_bpc,41.75,49.5,-7.75,-21.0,0.825813124353645
35197,11165,509002_bpc,508802_bpc,40.5,42.5,-2.0,0.0,0.8032186626038107
21667,33274,509401_mpc,509201_mpc,52.75,65.5,-12.75,-6.0,0.9317746820589211
7722,14399,511402_bpc,511304_cec,13.75,7.5,6.25,-2.0,0.9379676543503417
20855,13545,514801_mpc,512901_mpc,83.75,102.5,-18.75,13.0,0.9611027430777709
27121,22202,505401_mpc,505901_mpc,86.25,81.5,4.75,7.0,0.9850688662817626
7651,26641,505302_bpc,505502_bpc,50.75,45.0,5.75,15.0,0.9048675349822355
5343,13225,507602_bpc,507904_cec,23.75,11.5,12.25,44.0,0.858283694438782
6317,973,504402_bpc,504903_mec,79.0,59.0,20.0,5.0,0.9482396228056204
26773,37249,511303_mec,511604_cec,18.75,22.75,-4.0,9.0,0.9000286453018007
12247,29893,503905_hec,504001_mpc,17.5,21.5,-4.0,31.0,0.8486126013035167
38949,38905,507001_mpc,506601_mpc,50.75,46.75,4.0,-33.0,0.9475468651813312
20859,17084,501601_mpc,501801_mpc,40.75,37.25,3.5,3.0,0.9096365589957577
12839,26309,505301_mpc,505801_mpc,44.25,43.75,0.5,-21.0,0.9439649874653996
3694,36682,511901_mpc,513404_cec,32.75,30.0,2.75,-14.0,0.6427244412724059
35957,14708,513103_mec,512901_mpc,20.75,16.25,4.5,-29.0,0.9369561996414304
5185,8894,508701_mpc,509201_mpc,38.75,39.0,-0.25,-1.0,0.6901370650480951
2808,5272,507302_bpc,507202_bpc,32.75,27.5,5.25,23.0,0.9129995376737012
14448,6460,507904_cec,508101_mpc,16.0,1.25,14.75,4.0,0.9002810835266859
1999,31189,505102_bpc,505502_bpc,42.5,41.25,1.25,14.0,0.8923472669872118
5559,19990,506202_bpc,506302_bpc,51.25,48.75,2.5,-3.0,0.9608128372034999
31040,3367,509401_mpc,511901_mpc,46.5,76.25,-29.75,-4.0,0.7534118689511392
10950,8314,512602_bpc,512701_mpc,43.75,42.75,1.0,-6.442871,0.6641523632280842
9553,4707,505502_bpc,505302_bpc,83.5,73.0,10.5,0.0,0.9642629907028805
6396,4381,507802_bpc,507402_bpc,26.75,23.0,3.75,9.0,0.9755070099035195
15240,4466,514801_mpc,511801_mpc,61.25,56.0,5.25,6.0,0.8944352599694765
29415,2887,506002_bpc,505602_bpc,61.0,57.5,3.5,13.0,0.9442996431220599
23567,19118,503001_mpc,505501_mpc,81.0,95.0,-14.0,-3.0,0.9420622653527457
7089,13648,508302_bpc,508502_bpc,34.0,28.75,5.25,-13.0,0.8426543022361462
4653,18835,514501_mpc,514002_bpc,22.5,23.0,-0.5,-35.0,0.9096301864551755
17664,3992,502102_bpc,501802_bpc,40.75,48.0,-7.25,-1.0,0.7119010138987474
35433,5938,512201_mpc,510102_bpc,17.5,21.25,-3.75,-6.0,0.927724089488017
13952,7539,503201_mpc,503202_bpc,95.0,90.0,5.0,-1.0,0.9563432530902942
11220,16955,508702_bpc,509202_bpc,39.75,40.5,-0.75,34.0,0.7912387529720923
8337,12573,505502_bpc,505801_mpc,19.75,22.0,-2.25,-36.0,0.9672310198412242
10699,4882,509302_bpc,508401_mpc,46.25,62.25,-16.0,9.0,0.6489215048949608
7076,5371,504201_mpc,507601_mpc,48.75,47.75,1.0,34.0,0.8353324905837081
37469,30001,506501_mpc,507201_mpc,51.25,72.25,-21.0,-11.0,0.8046431292787051
4279,1252,507401_mpc,508001_mpc,15.0,6.0,9.0,3.0,0.9766662098928434
4320,22474,504002_bpc,503202_bpc,25.5,22.75,2.75,-38.0,0.8404755982909691
4758,31935,505301_mpc,505502_bpc,31.5,26.75,4.75,-3.0,0.7394144051187904
5512,1643,506201_mpc,506101_mpc,56.25,82.5,-26.25,-2.0,0.9279389616166287
12985,17006,514201_mpc,513903_mec,63.75,65.0,-1.25,-8.0,0.9423699679757326
19865,33274,508301_mpc,509201_mpc,60.5,65.5,-5.0,-9.0,0.9780300880647477
6594,30832,505701_mpc,505204_cec,53.75,71.0,-17.25,1.0,0.8706103462703345
16709,17101,506404_cec,506903_mec,14.0,13.25,0.75,6.0,0.9544149724192302
3468,5468,507002_bpc,506602_bpc,39.5,43.0,-3.5,-6.0,0.8646009140047188
19864,19152,509401_mpc,508904_cec,20.75,16.25,4.5,-3.0,0.8734997704545221
10538,28690,505801_mpc,505701_mpc,53.75,47.75,6.0,7.0,0.9193244088433042
1365,7185,504504_cec,504904_cec,27.5,23.75,3.75,-41.0,0.8941150414326571
9162,18811,504001_mpc,508301_mpc,33.5,27.5,6.0,-5.0,0.8152826306913963
11295,18351,502101_mpc,501801_mpc,50.0,47.5,2.5,9.0,0.9350431772172809
32441,1930,511402_bpc,505802_bpc,70.75,93.75,-23.0,-2.0,0.9182479960741824
8976,23458,504503_mec,504903_mec,21.75,20.0,1.75,-3.0,0.8498279361826067
14787,23146,506801_mpc,507301_mpc,33.75,32.5,1.25,11.0,0.7894881291152953
30185,22548,513504_cec,512104_cec,15.25,8.75,6.5,39.0,0.9191420513649255
11556,7671,501502_bpc,502102_bpc,37.75,38.75,-1.0,-3.0,0.8767440928997438
643,12552,506002_bpc,506001_mpc,45.0,43.75,1.25,-21.0,0.8995363896515224
8217,2753,505102_bpc,505602_bpc,49.75,53.0,-3.25,6.0,0.9391473575610546
8852,11753,505204_cec,506002_bpc,26.25,17.25,9.0,16.442871,0.9021728761643323
15029,1899,508903_mec,509104_cec,26.5,18.75,7.75,-1.0,0.855874394170581
6779,4646,507601_mpc,507802_bpc,10.0,13.75,-3.75,-35.0,0.9592123755940513
14894,8652,509104_cec,509105_hec,12.0,17.5,-5.5,-11.442871,0.938148187962715
6013,27523,506903_mec,508903_mec,7.5,11.25,-3.75,4.0,0.911518174741042
21958,29536,502201_mpc,502202_bpc,53.75,77.5,-23.75,-2.0,0.9177558994585538
4686,2579,514502_bpc,514402_bpc,14.25,14.0,0.25,-35.0,0.9489319246288435
38090,24151,514801_mpc,514802_bpc,28.0,18.75,9.25,7.0,0.8476622380842899
10475,6541,507801_mpc,507402_bpc,48.5,50.0,-1.5,-21.442871,0.8895428750912726
2661,29022,507904_cec,509104_cec,4.75,13.75,-9.0,-28.0,0.9387563939579638
3880,15249,507602_bpc,506702_bpc,34.25,41.25,-7.0,-18.0,0.7207970213168594
3917,7649,509104_cec,508903_mec,21.25,8.75,12.5,-22.0,0.8092343049151849
5432,23675,509201_mpc,508401_mpc,91.25,79.0,12.25,16.0,0.9744433517260442
8492,39109,511604_cec,512104_cec,30.0,25.0,5.0,40.0,0.7306378863072831
14183,14051,508301_mpc,508501_mpc,39.0,40.0,-1.0,17.0,0.9851476712448068
5724,18429,503802_bpc,503602_bpc,30.0,27.75,2.25,9.0,0.8543954585311386
8401,16117,513103_mec,513104_cec,30.0,26.25,3.75,-23.0,0.708176181790871
3616,7844,511702_bpc,511802_bpc,20.0,5.0,15.0,13.0,0.8945128043849926
8986,1808,504702_bpc,504402_bpc,38.75,29.0,9.75,18.0,0.7069600497984597
26049,25403,506801_mpc,506802_bpc,37.5,36.5,1.0,15.0,0.8902152630257021
1880,9192,508201_mpc,507801_mpc,17.75,5.0,12.75,16.0,0.9772601565385863
13449,6994,511801_mpc,511702_bpc,38.75,33.75,5.0,14.0,0.6723088126520296
10905,35339,503602_bpc,503905_hec,8.75,20.0,-11.25,-10.0,0.9042293781340085
16526,32819,513601_mpc,511201_mpc,40.25,39.5,0.75,16.0,0.49899754070126473
21375,10402,514401_mpc,514301_mpc,23.75,7.5,16.25,-11.0,0.9017120923723204
33536,21891,512401_mpc,511801_mpc,83.25,87.25,-4.0,-7.0,0.9442795027849955
17140,18707,512602_bpc,511902_bpc,6.25,-2.75,9.0,1.0,0.8906667419689097
13149,27098,504402_bpc,503302_bpc,27.0,18.75,8.25,30.0,0.8873583404251694
35351,3386,505702_bpc,505302_bpc,27.5,25.0,2.5,-23.0,0.9145838924885391
29022,19068,509104_cec,506404_cec,13.75,17.75,-4.0,-11.0,0.8830244479430327
19047,21247,506302_bpc,506102_bpc,46.25,50.75,-4.5,-3.0,0.9455440415617077
7435,9133,513903_mec,512902_bpc,41.75,52.25,-10.5,17.0,0.7131774506476523
109,21964,506502_bpc,506102_bpc,72.5,87.5,-15.0,0.0,0.9218459793975188
28338,2409,505901_mpc,505204_cec,25.0,12.5,12.5,7.0,0.8629799487605914
16674,4389,507802_bpc,507702_bpc,28.75,25.0,3.75,2.0,0.9456236290883339
25845,15858,512201_mpc,511901_mpc,33.75,36.0,-2.25,15.0,0.8235300789665111
5005,14014,505301_mpc,505601_mpc,37.5,36.25,1.25,-9.0,0.8171399672136086
17844,26741,512201_mpc,513104_cec,38.5,48.75,-10.25,-9.0,0.4926030060258927
8929,39000,509002_bpc,509402_bpc,33.75,31.25,2.5,3.0,0.7023473386873949
12178,7877,504702_bpc,504701_mpc,37.75,30.5,7.25,12.0,0.6755461813322099
8526,5705,501903_mec,501502_bpc,22.75,19.0,3.75,-13.0,0.849736295125317
33069,7371,512801_mpc,512901_mpc,48.25,43.75,4.5,12.0,0.933877277453717
13928,24670,504903_mec,504904_cec,21.5,22.5,-1.0,-17.0,0.8808629460432302
4308,17431,502802_bpc,502702_bpc,47.5,53.5,-6.0,4.0,0.9062508182746488
29988,16959,508702_bpc,508502_bpc,47.5,45.75,1.75,4.0,0.8626696553206346
38903,17759,502004_cec,501601_mpc,32.5,28.75,3.75,6.0,0.8331322152396314
7408,1606,512702_bpc,512902_bpc,38.75,34.75,4.0,-23.0,0.753731752236765
14464,26480,503001_mpc,502702_bpc,34.25,30.25,4.0,-21.0,0.6787109053050241
20029,6228,506202_bpc,508702_bpc,45.0,76.25,-31.25,1.0,0.6124264334830712
10312,8681,502202_bpc,501502_bpc,57.5,77.5,-20.0,-29.0,0.9535983685364573
7811,11187,513103_mec,513104_cec,26.25,15.75,10.5,-9.0,0.9031392079529696
5713,11513,512104_cec,512402_bpc,18.75,8.75,10.0,-27.0,0.9449603169293046
2537,15974,514901_mpc,514801_mpc,39.0,35.0,4.0,-24.0,0.9197797961498108
10748,13822,509301_mpc,508501_mpc,29.75,30.0,-0.25,17.0,0.8324459281076861
20487,24498,513602_bpc,512104_cec,37.5,31.0,6.5,27.0,0.7279657900142789
81,27336,512701_mpc,512601_mpc,42.5,53.75,-11.25,-4.0,0.8241558298887205
27623,16037,514001_mpc,513602_bpc,9.0,10.5,-1.5,8.557129,0.906150921236488
35873,22862,508801_mpc,508701_mpc,85.75,71.25,14.5,-3.0,0.9653631316992982
12365,36354,506701_mpc,506501_mpc,26.75,31.25,-4.5,-2.0,0.9312690863313228
16285,21994,509002_bpc,508402_bpc,19.75,18.75,1.0,25.0,0.8734045087260344
36978,36356,514902_bpc,513201_mpc,65.75,100.25,-34.5,2.0,0.9005378121969196
32139,5000,511202_bpc,507501_mpc,77.75,100.25,-22.5,-25.0,0.9358280569258335
4640,7808,503904_cec,503101_mpc,20.0,21.25,-1.25,-5.0,0.9034417909663842
29774,18021,514801_mpc,514701_mpc,60.0,78.75,-18.75,0.0,0.968516129947146
4880,15480,506601_mpc,506501_mpc,29.0,25.75,3.25,14.0,0.7943038624739269
6510,3092,512702_bpc,512501_mpc,23.75,18.75,5.0,27.0,0.9555436118385464
14644,2197,506201_mpc,506101_mpc,58.75,68.75,-10.0,7.0,0.9736246365042596
13569,4942,507502_bpc,507402_bpc,48.75,45.0,3.75,0.0,0.9215183004142871
11360,24074,508402_bpc,508502_bpc,87.75,72.5,15.25,-20.0,0.9751164276354358
19854,6793,504401_mpc,504503_mec,31.25,25.25,6.0,-3.0,0.8138500333965681
38905,30001,506601_mpc,507201_mpc,46.75,72.25,-25.5,-1.0,0.8140871100536661
5862,8329,504702_bpc,504701_mpc,63.75,72.5,-8.75,-3.0,0.9543128216456443
26049,10580,506801_mpc,506702_bpc,37.5,31.75,5.75,17.442871,0.7434137106233913
5018,3480,505902_bpc,505702_bpc,36.5,35.0,1.5,6.0,0.8076436180869456
3288,10775,505601_mpc,505401_mpc,60.0,60.0,0.0,-10.0,0.9397127647201287
4958,4154,506002_bpc,505402_bpc,50.25,47.0,3.25,-6.0,0.9097834906639592
5954,8349,505802_bpc,505402_bpc,43.0,43.75,-0.75,4.0,0.8951986770667314
3774,5464,508102_bpc,508002_bpc,28.75,23.75,5.0,10.0,0.9657018640860623
3632,4795,504402_bpc,504702_bpc,40.5,48.75,-8.25,-12.0,0.7447439759563652
14358,13849,509104_cec,508702_bpc,17.5,20.0,-2.5,-40.0,0.9293219842720677
16140,7200,514802_bpc,514701_mpc,52.5,70.5,-18.0,0.0,0.8580261313895865
1958,18618,503904_cec,503101_mpc,11.5,17.5,-6.0,-30.0,0.8992341700876653
13916,17285,501801_mpc,501601_mpc,50.75,54.5,-3.75,-10.0,0.9048285912545088
21847,12511,505301_mpc,505401_mpc,32.5,20.75,11.75,-9.0,0.6188873058494944
351,2251,509202_bpc,509502_bpc,35.0,33.75,1.25,21.0,0.4333819560035796
5244,1160,506601_mpc,511401_mpc,69.75,105.0,-35.25,-2.0,0.9188841501377774
3922,33287,514702_bpc,513704_cec,32.25,24.25,8.0,9.0,0.84128125128496
23477,21459,508801_mpc,509501_mpc,36.75,31.25,5.5,-12.0,0.8216045234661955
4464,34512,508102_bpc,508202_bpc,42.5,48.0,-5.5,7.0,0.7662408108793134
10772,1519,507502_bpc,507802_bpc,23.5,27.0,-3.5,15.0,0.9547731158698284
37927,20963,507401_mpc,507501_mpc,23.75,22.5,1.25,-9.0,0.958824506330738
37306,32466,504701_mpc,504402_bpc,67.25,63.75,3.5,1.0,0.922907380010728
12829,6779,507701_mpc,507601_mpc,23.75,10.0,13.75,21.0,0.929432896153695
18058,22391,502701_mpc,514801_mpc,82.75,98.25,-15.5,15.0,0.9466768718407005
5274,3320,509402_bpc,509302_bpc,36.75,41.5,-4.75,-11.0,0.8391346522405739
38616,4209,507302_bpc,506702_bpc,35.25,38.75,-3.5,-45.0,0.8385471166771414
20783,2753,505402_bpc,505602_bpc,53.75,53.0,0.75,8.0,0.9609065900801336
18708,16049,513601_mpc,513602_bpc,29.5,26.25,3.25,20.0,0.8390181221904123
11618,15279,514802_bpc,514902_bpc,34.0,37.5,-3.5,32.0,0.8067264864489362
14886,25193,508101_mpc,507501_mpc,30.0,20.25,9.75,6.0,0.904164221658538
38715,19000,514002_bpc,513602_bpc,12.5,8.75,3.75,-12.0,0.9708335635750235
9583,3010,507502_bpc,508102_bpc,40.0,38.25,1.75,1.0,0.9393060628787209
10769,37573,509501_mpc,515001_mpc,55.0,55.5,-0.5,-6.0,0.9265769851564871
6134,29370,512702_bpc,512701_mpc,51.25,57.75,-6.5,-7.0,0.8911093780460327
13854,23913,511701_mpc,511801_mpc,47.5,55.0,-7.5,5.0,0.9029425310093929
10784,25763,504001_mpc,503301_mpc,28.75,21.25,7.5,-9.0,0.7925357720638355
38975,15077,507001_mpc,506702_bpc,26.25,18.75,7.5,-6.557129,0.8158641425378013
33186,2684,514901_mpc,514902_bpc,44.75,43.75,1.0,20.0,0.8460499591520564
8397,23703,505301_mpc,505204_cec,28.75,24.0,4.75,3.0,0.7854252771043908
26641,8878,505502_bpc,505902_bpc,45.0,39.25,5.75,-23.0,0.8678082009829132
16117,19563,513104_cec,514801_mpc,26.25,26.5,-0.25,-5.0,0.9470316709324025
6396,12912,507802_bpc,508002_bpc,26.75,24.75,2.0,7.0,0.9611297786877186
31627,26681,514802_bpc,514702_bpc,30.0,32.75,-2.75,23.0,0.8192559245956366
24659,2268,514301_mpc,514501_mpc,29.0,18.75,10.25,26.0,0.8983422653937149
1604,5232,505702_bpc,505602_bpc,33.75,35.0,-1.25,-7.442871,0.9648758649006915
13397,17015,511902_bpc,512202_bpc,27.75,20.25,7.5,25.0,0.7508829983948512
9596,31945,513104_cec,512901_mpc,22.5,27.5,-5.0,-6.0,0.9083216471908204
30154,5330,508201_mpc,507801_mpc,45.0,50.0,-5.0,-8.0,0.9296528828053839
12726,4929,503602_bpc,503302_bpc,4.5,7.75,-3.25,31.0,0.9544543071348666
2628,18801,509501_mpc,509401_mpc,8.75,16.25,-7.5,-2.0,0.909034488322088
12447,36393,503101_mpc,504201_mpc,26.5,16.25,10.25,16.0,0.9223664138818473
2047,4381,508102_bpc,507402_bpc,29.0,23.0,6.0,5.0,0.9282859486508642
11514,36106,509105_hec,502801_mpc,26.75,21.75,5.0,12.0,0.9021256606634047
10179,5766,508102_bpc,507602_bpc,30.0,26.0,4.0,1.0,0.8948430459441724
12956,33466,502005_hec,501502_bpc,29.5,27.75,1.75,12.0,0.7387441816994735
6781,18213,501602_bpc,502202_bpc,54.25,47.5,6.75,0.0,0.9243573689551359
6444,16690,501801_mpc,502101_mpc,37.5,38.25,-0.75,9.0,0.7676796619582377
4993,9553,505602_bpc,505502_bpc,56.25,83.5,-27.25,3.0,0.9379388565476271
4116,4144,504701_mpc,504401_mpc,36.25,45.0,-8.75,-27.0,0.7610112951337229
7035,8375,502004_cec,502202_bpc,23.5,22.5,1.0,16.0,0.900099609372107
7933,36670,504001_mpc,504201_mpc,23.25,26.5,-3.25,-3.442871,0.8625784909965161
22305,4316,508301_mpc,509201_mpc,27.5,10.75,16.75,-15.0,0.8216038952665172
10204,12540,508702_bpc,509402_bpc,47.5,56.25,-8.75,-2.0,0.8323010309769057
11576,9463,514401_mpc,514402_bpc,2.0,18.75,-16.75,-33.55713,0.9158641390650776
8185,18278,509202_bpc,508501_mpc,65.0,99.75,-34.75,-17.0,0.9339417567140026
36586,23589,506404_cec,506702_bpc,16.5,21.25,-4.75,5.0,0.9268137681921336
14743,18299,508201_mpc,508001_mpc,18.75,11.25,7.5,-2.0,0.9832724759913409
16285,10471,509002_bpc,509104_cec,19.75,17.0,2.75,27.0,0.9297550349572935
33816,9578,505501_mpc,506001_mpc,23.75,31.25,-7.5,19.0,0.9269334828659697
12839,8398,505301_mpc,505101_mpc,44.25,43.25,1.0,-18.0,0.9300807950542003
28006,16646,503801_mpc,503201_mpc,37.5,42.5,-5.0,15.0,0.7477395116468661
8904,23702,506202_bpc,509501_mpc,20.0,9.25,10.75,42.0,0.8063537643525367
3945,10556,513503_mec,511604_cec,5.0,3.75,1.25,13.0,0.9515281205338015
12832,7944,502004_cec,501502_bpc,18.75,27.75,-9.0,-15.0,0.8747294785661821
2208,20536,507702_bpc,507402_bpc,25.0,17.5,7.5,17.0,0.9214507352155472
20253,2579,514302_bpc,514402_bpc,27.5,14.0,13.5,9.0,0.8842509957838748
10277,29019,508202_bpc,507402_bpc,42.0,46.25,-4.25,-2.0,0.7043522634623688
11336,1743,506904_cec,502505_hec,25.5,14.0,11.5,16.0,0.8345439709743014
5594,28528,514301_mpc,514401_mpc,52.25,47.5,4.75,-5.0,0.8969576464545934
31295,1691,509001_mpc,508903_mec,22.5,15.5,7.0,-7.0,0.9082634184783102
30764,2116,505402_bpc,506002_bpc,35.0,40.25,-5.25,-17.0,0.7934537823047281
14766,35755,506801_mpc,506404_cec,7.25,14.25,-7.0,10.0,0.9434300851590118
13414,8372,508401_mpc,509401_mpc,47.5,57.25,-9.75,-25.0,0.8538927671950949
14295,36643,511902_bpc,512401_mpc,50.25,53.0,-2.75,-1.0,0.8944513679837002
14130,28728,512104_cec,512401_mpc,30.0,24.75,5.25,31.0,0.6865292978822276
33533,23498,511702_bpc,513404_cec,35.25,27.25,8.0,-27.0,0.7396660037517939
14814,6868,506502_bpc,506802_bpc,48.75,54.0,-5.25,1.0,0.8769997231936321
17743,12478,504402_bpc,504503_mec,34.75,28.25,6.5,-27.0,0.7928534913289438
20339,5432,508501_mpc,509201_mpc,73.25,91.25,-18.0,-17.0,0.9875089743916151
6550,4013,504504_cec,503301_mpc,30.0,16.25,13.75,-35.0,0.6277728580342715
3642,28741,507802_bpc,508102_bpc,21.75,20.0,1.75,-1.0,0.9656382411445334
29157,9172,508904_cec,503002_bpc,21.25,7.5,13.75,41.0,0.8332063568067126
16283,6186,503002_bpc,502702_bpc,35.25,42.75,-7.5,-9.0,0.7688877614447599
494,1730,508801_mpc,515001_mpc,71.25,84.25,-13.0,-3.0,0.9289577360928577
28155,17163,512401_mpc,511901_mpc,42.25,36.25,6.0,1.0,0.8367730136723942
8367,5309,509501_mpc,509301_mpc,52.5,61.25,-8.75,-2.0,0.9056047118275313
20579,28139,502202_bpc,502102_bpc,56.0,58.75,-2.75,6.0,0.9529635088920801
29752,15604,514602_bpc,514802_bpc,36.5,35.0,1.5,36.0,0.8779988949891397
3745,24395,508802_bpc,509002_bpc,38.75,34.5,4.25,-1.0,0.7943182942586743
21148,19159,503601_mpc,504001_mpc,33.75,35.25,-1.5,26.0,0.7808446616715531
33713,16045,514201_mpc,513601_mpc,10.0,7.5,2.5,2.0,0.9757414422725624
4364,29304,507401_mpc,508001_mpc,63.25,73.75,-10.5,-3.0,0.985314298591733
1270,11779,505902_bpc,505802_bpc,39.25,48.75,-9.5,-4.0,0.7465497847037327
31869,13384,514201_mpc,514301_mpc,56.25,97.75,-41.5,8.0,0.8276648891820443
6101,2015,511201_mpc,514701_mpc,32.5,33.75,-1.25,-4.0,0.7346215892662984
35272,2520,512201_mpc,511901_mpc,62.0,91.25,-29.25,-11.0,0.9613817187968593
3550,24659,514401_mpc,514301_mpc,22.5,29.0,-6.5,-32.0,0.9425869347897999
3264,12382,505702_bpc,505301_mpc,40.5,40.75,-0.25,-7.0,0.8953638301470306
22069,16224,507002_bpc,507001_mpc,24.25,27.75,-3.5,-7.0,0.7512668157201753
20329,28528,514301_mpc,514401_mpc,41.25,47.5,-6.25,3.0,0.9213154870732202
17208,22469,513201_mpc,513504_cec,20.5,12.75,7.75,20.0,0.9122639303267016
39428,6101,511304_cec,511201_mpc,35.5,32.5,3.0,14.0,0.6488245212167723
2111,2642,508001_mpc,507502_bpc,36.25,35.5,0.75,-6.0,0.8648471128969757
10118,10229,514802_bpc,514602_bpc,31.25,26.25,5.0,-17.0,0.9117302659185098
3042,1347,502801_mpc,503002_bpc,61.25,80.0,-18.75,3.0,0.9225593698697016
10842,812,511303_mec,511402_bpc,17.75,17.5,0.25,16.0,0.9757251291032316
30640,16950,505203_mec,506904_cec,24.75,17.75,7.0,-42.0,0.8268885960040973
22688,30514,505302_bpc,505402_bpc,35.0,37.75,-2.75,-4.0,0.8080882324522155
32617,8108,505802_bpc,505302_bpc,41.5,47.5,-6.0,9.0,0.866503562655242
5817,17544,506602_bpc,506502_bpc,50.0,86.0,-36.0,-1.0,0.8089451662866767
16175,20970,506301_mpc,504504_cec,46.25,59.5,-13.25,3.0,0.7153767414246182
23703,2797,505204_cec,505402_bpc,24.0,21.75,2.25,-48.0,0.9467123710635378
31968,14485,507002_bpc,509105_hec,34.0,26.25,7.75,-16.0,0.6570674768384733
22826,6404,502202_bpc,501502_bpc,40.0,43.5,-3.5,-6.0,0.9643736539345417
11391,5537,512402_bpc,512202_bpc,46.5,51.25,-4.75,-9.0,0.9079267034253224
12044,966,509001_mpc,506601_mpc,21.25,10.25,11.0,-10.0,0.8464666999388676
30576,4709,507301_mpc,506502_bpc,27.75,26.25,1.5,-10.442871,0.8928139763414719
3164,4013,504503_mec,503301_mpc,24.5,16.25,8.25,10.0,0.8499755852911971
2193,16567,503301_mpc,503905_hec,13.5,12.75,0.75,-15.0,0.8792788108468663
10069,34921,514701_mpc,514801_mpc,35.5,30.25,5.25,7.0,0.8253485567936153
15610,16398,512902_bpc,512801_mpc,57.5,61.25,-3.75,-1.0,0.9774247436913757
1393,8300,512701_mpc,512501_mpc,30.0,21.5,8.5,37.0,0.8708702480587786
10204,691,508702_bpc,509201_mpc,47.5,43.0,4.5,-19.0,0.8795069451467626
19558,24044,509105_hec,508301_mpc,2.0,16.75,-14.75,-7.0,0.9151423999136097
38344,23243,513202_bpc,513201_mpc,39.0,40.75,-1.75,1.0,0.890203137566311
27670,29618,514901_mpc,514701_mpc,33.0,33.75,-0.75,6.0,0.9771608579662338
36622,6894,502702_bpc,502802_bpc,55.0,48.0,7.0,-9.0,0.8933171563233974
6746,4929,503602_bpc,503302_bpc,23.25,7.75,15.5,13.0,0.8776182432936865
8070,26273,505203_mec,505702_bpc,23.75,18.0,5.75,-12.557129,0.9201210036338106
17782,15480,506601_mpc,506501_mpc,31.5,25.75,5.75,14.0,0.7587915376447001
11553,27857,502005_hec,507201_mpc,30.0,10.75,19.25,44.0,0.750689072738529
490,1524,508402_bpc,508401_mpc,41.75,50.75,-9.0,-5.0,0.5488080778218605
11428,24426,507001_mpc,506404_cec,30.0,21.25,8.75,-3.0,0.8052428860756048
8795,23869,503102_bpc,504002_bpc,51.75,54.5,-2.75,10.0,0.7910662212252099
9013,1193,501904_cec,501601_mpc,20.5,19.75,0.75,41.0,0.9151913505921733
10900,29331,511303_mec,511604_cec,14.0,12.75,1.25,11.0,0.9482507428510482
9094,36622,502802_bpc,502702_bpc,45.25,55.0,-9.75,17.0,0.7487808922322468
15803,10836,504001_mpc,503801_mpc,35.0,38.75,-3.75,-36.0,0.8916038117167506
3735,19532,505101_mpc,506002_bpc,10.0,14.0,-4.0,-6.0,0.9011750204480898
37790,2002,502202_bpc,501802_bpc,38.75,36.5,2.25,14.0,0.8557619431367413
30796,27084,503302_bpc,504002_bpc,36.25,38.0,-1.75,34.0,0.8289954714956349
4831,34603,505602_bpc,505302_bpc,64.75,56.25,8.5,19.0,0.9410866030665905
8104,3685,509105_hec,509104_cec,11.25,21.25,-10.0,-31.0,0.9059057292643794
35162,17034,503201_mpc,503801_mpc,11.25,21.75,-10.5,-9.0,0.9036621445003484
20019,8594,508501_mpc,508301_mpc,57.5,47.5,10.0,29.0,0.9287275121743999
10475,22204,507801_mpc,507402_bpc,48.5,61.25,-12.75,-21.442871,0.8629588792994132
1752,3170,506602_bpc,507002_bpc,35.0,25.0,10.0,19.0,0.8192167317811605
7744,17437,501904_cec,501802_bpc,9.5,15.0,-5.5,-30.0,0.9059995848635379
13120,33337,501502_bpc,502202_bpc,36.75,33.0,3.75,26.0,0.7886358474757782
8873,3725,507502_bpc,508002_bpc,39.5,38.75,0.75,-15.0,0.9266900315710179
11186,5650,507402_bpc,507602_bpc,23.75,19.5,4.25,-3.0,0.9800859029243973
8556,6186,502802_bpc,502702_bpc,45.5,42.75,2.75,-12.0,0.8488492434257472
21592,13081,511402_bpc,511603_mec,20.0,20.0,0.0,-14.0,0.9059408156587635
24376,3009,504401_mpc,504702_bpc,44.25,50.25,-6.0,-1.0,0.8357486877666374
6746,8387,503602_bpc,503601_mpc,23.25,4.75,18.5,17.0,0.8954471251749437
30890,4167,507302_bpc,506701_mpc,75.0,78.5,-3.5,-5.0,0.9315702510166887
2587,6013,507801_mpc,506903_mec,30.0,7.5,22.5,23.0,0.675264736387584
22251,2330,504701_mpc,504903_mec,30.0,23.0,7.0,12.0,0.8693415272457017
7651,13946,505302_bpc,505502_bpc,50.75,45.0,5.75,-6.0,0.8768852180816509
24302,16534,508401_mpc,509002_bpc,30.0,37.5,-7.5,-9.0,0.6908995196253047
29109,111,511304_cec,511202_bpc,18.75,4.25,14.5,-13.0,0.9204560847751763
30718,16425,503201_mpc,504001_mpc,24.75,25.0,-0.25,23.0,0.8273724450749163
3406,6492,502802_bpc,502505_hec,13.75,4.5,9.25,29.0,0.923868356529717
22543,12805,514801_mpc,514701_mpc,40.0,48.75,-8.75,-7.0,0.8185838062362307
2677,3288,505801_mpc,505601_mpc,51.25,60.0,-8.75,9.0,0.9094395303472557
12478,24798,504503_mec,504903_mec,28.25,10.25,18.0,34.0,0.8351660523484485
25632,6244,502004_cec,502202_bpc,32.25,31.25,1.0,5.0,0.8943302326524663
18332,2391,502202_bpc,502005_hec,34.0,30.0,4.0,-6.0,0.8610422184416143
5095,22154,508702_bpc,509202_bpc,31.25,29.25,2.0,14.0,0.8820336319842652
12343,37295,514202_bpc,514001_mpc,35.0,26.25,8.75,-4.0,0.7040440604207714
38522,10942,513602_bpc,514002_bpc,39.25,41.25,-2.0,30.0,0.7910331558993859
4911,12412,514702_bpc,514701_mpc,46.25,48.25,-2.0,-41.0,0.8636846974819926
25755,6094,509401_mpc,509001_mpc,35.25,35.0,0.25,-6.0,0.9064563962050288
22393,5375,508301_mpc,515001_mpc,56.25,73.75,-17.5,-6.0,0.931285446488733
11789,37149,507002_bpc,506404_cec,25.0,21.25,3.75,-5.557129,0.9313822301133263
4533,5076,505701_mpc,505801_mpc,25.0,32.75,-7.75,-6.0,0.7730424356801234
13662,20279,505501_mpc,505801_mpc,55.0,67.5,-12.5,11.0,0.9253458385082091
25871,31952,501904_cec,502004_cec,40.0,35.0,5.0,2.0,0.652680016028331
23134,8337,505102_bpc,505502_bpc,2.5,19.75,-17.25,35.0,0.9488579664179455
26843,23960,509302_bpc,509502_bpc,53.75,52.75,1.0,24.0,0.8935110844553793
11116,9182,506502_bpc,506501_mpc,69.25,82.5,-13.25,5.0,0.9266949569754102
23300,8900,511801_mpc,513601_mpc,46.25,46.25,0.0,7.0,0.9273171736622505
12438,23159,506602_bpc,507202_bpc,43.75,50.0,-6.25,-10.0,0.775952495648548
7847,17046,511202_bpc,511402_bpc,20.25,21.5,-1.25,19.0,0.9325037961815442
4974,35183,513103_mec,512901_mpc,39.5,45.5,-6.0,-5.0,0.7056388691139631
6172,14644,506202_bpc,506201_mpc,58.5,58.75,-0.25,-8.0,0.9456642751693775
3729,6526,506302_bpc,506102_bpc,56.5,53.75,2.75,10.0,0.974658200006363
24600,12012,507401_mpc,503802_bpc,38.75,36.25,2.5,8.0,0.6015662481911738
5759,13384,514502_bpc,514301_mpc,73.75,97.75,-24.0,8.0,0.9771492565286632
34425,18590,503905_hec,504001_mpc,22.5,20.0,2.5,20.0,0.8720539982694329
28312,13713,511304_cec,511303_mec,35.5,30.0,5.5,16.0,0.8025035203679146
17997,18021,514901_mpc,514701_mpc,71.25,78.75,-7.5,8.0,0.9855576133201799
23169,32597,511702_bpc,512702_bpc,60.25,60.0,0.25,-18.0,0.8679448060099414
37999,26473,506702_bpc,507302_bpc,45.0,41.25,3.75,15.0,0.8422019429159091
16074,9795,504001_mpc,503601_mpc,41.25,45.0,-3.75,-6.0,0.8059365463336665
28139,38088,502102_bpc,502201_mpc,58.75,57.75,1.0,-7.0,0.9413452106627735
22997,1528,513503_mec,513104_cec,17.5,15.0,2.5,40.0,0.9211533293642045
6839,16985,501903_mec,501602_bpc,67.5,87.25,-19.75,3.0,0.9504474902586455
27084,21307,504002_bpc,503602_bpc,38.0,41.25,-3.25,-30.0,0.7651961237709389
32531,14688,501903_mec,501601_mpc,69.75,61.25,8.5,4.0,0.9213576495300966
18018,37494,515002_bpc,509502_bpc,53.25,48.75,4.5,0.0,0.9134641876316811
29328,4047,504002_bpc,503802_bpc,40.25,58.5,-18.25,-29.0,0.5924364741171197
9075,3443,507801_mpc,507501_mpc,26.5,30.0,-3.5,3.0,0.8925837596189736
16545,2423,501903_mec,502005_hec,20.0,10.5,9.5,6.0,0.9458236376737031
10598,2571,506801_mpc,507001_mpc,60.0,81.25,-21.25,0.0,0.8677894241778333
15702,29955,514802_bpc,514602_bpc,27.5,27.5,0.0,-13.0,0.8397590636805312
707,8583,509401_mpc,508401_mpc,4.25,12.5,-8.25,8.557129,0.9517974675202278
12703,22374,506502_bpc,506501_mpc,42.0,51.25,-9.25,-19.0,0.7978445393972843
16165,35113,513403_mec,511604_cec,37.5,41.25,-3.75,-3.0,0.7567757998418309
35272,2468,512201_mpc,510101_mpc,62.0,54.5,7.5,6.0,0.9427547542643598
18232,27064,509301_mpc,508904_cec,30.0,25.0,5.0,9.0,0.7779936723737094
18830,28351,509002_bpc,509402_bpc,26.0,30.0,-4.0,4.0,0.8157722475008143
19430,8705,504002_bpc,504202_bpc,35.0,32.25,2.75,0.0,0.7552979762356644
22489,31812,513903_mec,514001_mpc,10.0,15.0,-5.0,17.0,0.92772375680843
12649,13151,505601_mpc,505901_mpc,72.5,76.25,-3.75,-4.0,0.9856672934975856
12444,9701,508802_bpc,509002_bpc,31.25,33.75,-2.5,-18.0,0.8577797664609961
17471,88,512601_mpc,512701_mpc,45.0,58.75,-13.75,34.0,0.8698115447696182
7195,4710,508002_bpc,507602_bpc,21.25,24.25,-3.0,1.0,0.9752886628923503
28041,22320,502102_bpc,501601_mpc,62.0,88.25,-26.25,-11.0,0.9550889348101224
10516,21923,505601_mpc,505801_mpc,65.0,91.75,-26.75,-25.0,0.9673521746771326
37520,6902,513403_mec,512801_mpc,14.75,11.0,3.75,11.0,0.8573929821626974
4556,14932,502504_cec,503001_mpc,20.0,20.25,-0.25,11.0,0.8239932645986261
18582,22391,511701_mpc,514801_mpc,65.0,98.25,-33.25,7.0,0.9046698666023181
29463,29618,514702_bpc,514701_mpc,32.5,33.75,-1.25,32.0,0.8918227345726613
27873,21985,513104_cec,512104_cec,38.75,33.75,5.0,-6.0,0.614547860280343
10349,9425,508201_mpc,508001_mpc,68.5,68.75,-0.25,-6.0,0.9765260225539224
5804,16985,502101_mpc,501602_bpc,81.0,87.25,-6.25,2.0,0.9682399168933511
795,6627,508701_mpc,509001_mpc,16.0,22.5,-6.5,-5.0,0.9674285545184342
17972,20402,514002_bpc,513704_cec,44.75,59.0,-14.25,13.0,0.6552459964567562
20188,37494,515002_bpc,509502_bpc,37.75,48.75,-11.0,-10.0,0.7556434190937513
1024,36356,504701_mpc,513201_mpc,99.25,100.25,-1.0,-1.0,0.9630928286364271
3730,8581,502801_mpc,503001_mpc,50.0,49.0,1.0,-15.0,0.9026666355795071
11928,11155,508402_bpc,509502_bpc,46.75,51.0,-4.25,10.0,0.9496120642042437
2723,16360,509104_cec,508903_mec,23.75,15.5,8.25,18.442871,0.8890774438487824
618,4977,511802_bpc,512802_bpc,37.0,17.75,19.25,21.0,0.47352821893594577
6627,14613,509001_mpc,508501_mpc,22.5,28.75,-6.25,50.0,0.9138240324999208
4036,38572,508502_bpc,508802_bpc,72.5,58.75,13.75,7.0,0.9358940418734449
31189,8444,505502_bpc,505902_bpc,41.25,37.75,3.5,-3.0,0.895587756081299
17739,10041,511801_mpc,511702_bpc,30.0,22.5,7.5,12.0,0.7949819690775958
27098,8068,503302_bpc,504504_cec,18.75,23.75,-5.0,-38.0,0.8951107621370058
5333,27450,509301_mpc,508801_mpc,45.25,45.0,0.25,-13.0,0.8603539859123795
18618,33220,503101_mpc,503302_bpc,17.5,6.75,10.75,4.0,0.8978880454153649
12875,31069,506701_mpc,506404_cec,28.75,22.75,6.0,-4.0,0.8718463282311766
32531,25572,501903_mec,503001_mpc,69.75,98.75,-29.0,3.0,0.9160627339888976
33422,9156,511202_bpc,511304_cec,26.5,13.75,12.75,25.0,0.8444396372497525
4277,5784,506102_bpc,506302_bpc,61.5,78.75,-17.25,1.0,0.971104852201541
19134,17370,506302_bpc,504903_mec,43.75,46.5,-2.75,2.0,0.8585197147224429
25210,14290,512901_mpc,512802_bpc,41.25,55.25,-14.0,-12.0,0.6987960572611297
14246,38444,505702_bpc,505802_bpc,43.75,43.0,0.75,-2.0,0.7641399056296014
2177,4999,508402_bpc,505601_mpc,53.75,63.75,-10.0,-10.0,0.8725234556531888
10841,14200,505901_mpc,505301_mpc,46.25,44.75,1.5,1.0,0.8602611298007493
9892,5780,514902_bpc,514901_mpc,31.25,26.75,4.5,15.0,0.7854702223281266
3960,15025,506904_cec,502202_bpc,7.5,3.75,3.75,-13.0,0.9116854337602979
6164,27954,502701_mpc,502802_bpc,63.75,71.75,-8.0,-6.0,0.9649000924200343
34662,30514,506002_bpc,505402_bpc,41.25,37.75,3.5,-18.0,0.8286224102451015
35675,3499,505602_bpc,505902_bpc,33.75,32.0,1.75,5.0,0.9772746859195572
7755,35805,501903_mec,502202_bpc,20.75,28.75,-8.0,25.0,0.878314763508005
10785,16575,511303_mec,511401_mpc,18.75,13.75,5.0,9.0,0.9458936273393258
37469,10667,506501_mpc,506502_bpc,51.25,51.25,0.0,-4.0,0.9125938543473566
29576,38282,505801_mpc,505401_mpc,63.75,76.25,-12.5,-27.0,0.9846091538698101
27523,29022,508903_mec,509104_cec,11.25,13.75,-2.5,-12.0,0.8950398607827261
6227,16354,502005_hec,501802_bpc,38.25,43.25,-5.0,-13.442871,0.7896035808148227
3298,5219,505302_bpc,505402_bpc,43.5,50.0,-6.5,-4.0,0.5767936518485955
24369,2520,510102_bpc,511901_mpc,68.0,91.25,-23.25,-18.0,0.9420574680070635
13849,3685,508702_bpc,509104_cec,20.0,21.25,-1.25,11.0,0.8703054137714216
1313,13545,501601_mpc,512901_mpc,96.25,102.5,-6.25,14.0,0.9623604254264203
28702,23597,506801_mpc,507201_mpc,38.75,38.5,0.25,0.0,0.7209870609415909
2676,2544,508201_mpc,507904_cec,17.5,18.0,-0.5,3.0,0.9440337349779603
39192,29463,514701_mpc,514702_bpc,31.5,32.5,-1.0,-3.0,0.8526401672192233
26288,20700,503001_mpc,503101_mpc,36.0,23.75,12.25,37.0,0.6333466337911855
8492,27141,511604_cec,512104_cec,30.0,26.25,3.75,14.0,0.738601721687197
4623,1730,509501_mpc,515001_mpc,57.5,84.25,-26.75,-10.0,0.9351237961128375
22890,16156,507001_mpc,506301_mpc,43.75,61.25,-17.5,-15.0,0.7101462476682744
1770,7263,505204_cec,509401_mpc,49.75,46.25,3.5,5.0,0.710730572660957
13390,23861,511604_cec,511304_cec,8.25,10.0,-1.75,25.0,0.9586256041344977
4629,24295,512702_bpc,512501_mpc,22.5,11.5,11.0,47.0,0.8085541650582333
13085,38308,501801_mpc,502201_mpc,60.25,75.0,-14.75,15.0,0.9664200308384211
2693,6713,507701_mpc,507904_cec,15.0,1.25,13.75,56.0,0.9615715314950378
29785,24019,505801_mpc,505301_mpc,49.0,43.5,5.5,-17.0,0.8565562429087653
16399,4935,509104_cec,508302_bpc,30.5,34.75,-4.25,6.0,0.8367301696226057
25232,21735,501903_mec,506903_mec,18.75,10.25,8.5,13.0,0.8554656776003589
7742,26959,511702_bpc,511802_bpc,27.5,16.25,11.25,8.0,0.7442138505838652
13279,21100,506301_mpc,509502_bpc,10.0,6.25,3.75,1.0,0.9581040682288371
36440,26567,508202_bpc,507501_mpc,71.5,88.75,-17.25,0.0,0.984301256060294
3297,33777,504702_bpc,504402_bpc,46.25,62.5,-16.25,6.0,0.8347934404353359
6653,4814,508301_mpc,508701_mpc,36.25,41.25,-5.0,-20.0,0.8771229459734586
28328,2468,512401_mpc,510101_mpc,48.75,54.5,-5.75,-12.0,0.8759463071647782
25919,1752,507202_bpc,506602_bpc,42.5,35.0,7.5,5.0,0.7702453323676267
12851,31844,514902_bpc,514802_bpc,43.75,47.5,-3.75,12.0,0.9533237391055394
7728,16143,512401_mpc,511902_bpc,36.25,34.25,2.0,-3.0,0.8110131413402192
11288,14135,506701_mpc,506904_cec,10.25,16.25,-6.0,-9.0,0.9474326231279636
14457,11673,501802_bpc,502101_mpc,29.25,29.0,0.25,25.0,0.8963503830956497
1152,30323,511802_bpc,511801_mpc,18.75,7.75,11.0,6.0,0.9508531595323853
11410,1534,514801_mpc,514602_bpc,17.5,8.75,8.75,-36.0,0.9029908937168464
25929,84,512502_bpc,512702_bpc,41.75,48.75,-7.0,10.0,0.6889355236201583
34791,8367,508802_bpc,509501_mpc,54.25,52.5,1.75,-2.0,0.9211608044211486
9249,667,505601_mpc,506002_bpc,26.25,25.0,1.25,-15.0,0.9386503721086914
26434,3820,505101_mpc,506601_mpc,38.0,38.75,-0.75,7.0,0.509130373630247
10362,4217,509001_mpc,508402_bpc,36.25,43.25,-7.0,4.0,0.6815550243707649
10516,13502,505601_mpc,505801_mpc,65.0,65.25,-0.25,-25.0,0.9896494506147304
2330,12701,504903_mec,504401_mpc,23.0,23.75,-0.75,-8.0,0.8548245444061282
32861,35767,503101_mpc,504201_mpc,65.0,71.0,-6.0,-2.0,0.974110802293273
14861,26288,503002_bpc,503001_mpc,37.25,36.0,1.25,-5.0,0.7029773608118404
34630,14571,504201_mpc,504001_mpc,53.75,67.5,-13.75,7.0,0.896857798496872
12203,10615,514802_bpc,514701_mpc,27.75,31.5,-3.75,-13.0,0.883379248670082
15767,716,511802_bpc,513904_cec,25.0,10.0,15.0,-15.0,0.871889736932583
11409,35146,505203_mec,505204_cec,28.5,25.75,2.75,11.0,0.8435485609648592
26328,37455,513704_cec,513904_cec,19.0,24.25,-5.25,-27.0,0.9275522563546362
16716,35519,509502_bpc,515002_bpc,52.5,57.0,-4.5,11.0,0.9330938821004375
3449,5313,507904_cec,507601_mpc,15.0,17.0,-2.0,-9.0,0.9672894092113603
5705,17437,501502_bpc,501802_bpc,19.0,15.0,4.0,2.0,0.953622142022179
36279,18824,514501_mpc,512802_bpc,50.25,56.25,-6.0,-3.0,0.7733940354818131
34247,4331,509502_bpc,508502_bpc,65.0,65.0,0.0,-5.0,0.9501285983778053
37478,6876,507801_mpc,507701_mpc,25.25,15.5,9.75,11.0,0.9114726352549153
12121,19118,506101_mpc,505501_mpc,108.75,95.0,13.75,-2.0,0.9647588095438671
31154,7603,502102_bpc,501502_bpc,44.0,43.75,0.25,-9.0,0.9138572520219624
9373,8970,509001_mpc,509401_mpc,36.0,35.5,0.5,-15.0,0.8711994249913002
2572,29167,508001_mpc,508101_mpc,39.0,37.0,2.0,-4.0,0.7965794610200291
2529,23983,508903_mec,508501_mpc,26.75,22.5,4.25,14.0,0.776705977867106
29972,30792,508801_mpc,509301_mpc,33.75,40.0,-6.25,-17.0,0.6358714670992748
2806,27753,508301_mpc,508701_mpc,66.25,65.5,0.75,-3.0,0.9629724958594531
15121,25645,511701_mpc,513504_cec,27.5,26.5,1.0,20.0,0.8899818327689879
2524,16320,508101_mpc,507002_bpc,27.5,13.75,13.75,-9.0,0.7866455264965554
27848,29555,514601_mpc,514801_mpc,91.75,65.25,26.5,-8.0,0.9676519978810378
7616,38063,512104_cec,510102_bpc,16.25,8.75,7.5,-2.0,0.917377687954244
39176,10459,512601_mpc,512502_bpc,23.0,22.0,1.0,9.0,0.956211767896408
12572,675,506201_mpc,506301_mpc,57.25,58.75,-1.5,7.0,0.978490027326629
32463,6653,508701_mpc,508301_mpc,39.0,36.25,2.75,20.0,0.927758277493135
3427,38603,508201_mpc,508001_mpc,41.5,36.0,5.5,7.0,0.8538940130362054
4376,7862,509401_mpc,503601_mpc,37.25,39.5,-2.25,-16.0,0.5640926009409486
5464,12537,508002_bpc,507502_bpc,23.75,22.75,1.0,-8.0,0.9711666278071428
3518,17297,513103_mec,513903_mec,15.0,0.0,15.0,12.0,0.9372541127579306
6644,8874,501801_mpc,502004_cec,27.5,35.0,-7.5,20.0,0.7988547813151756
17227,38676,513103_mec,513104_cec,38.75,31.75,7.0,-21.0,0.6086005664318146
24886,13302,510102_bpc,512104_cec,35.75,26.5,9.25,-13.0,0.6231451432929324
3627,5965,503301_mpc,503601_mpc,33.25,37.5,-4.25,-34.0,0.7025166325104688
6587,35878,514501_mpc,514301_mpc,47.5,45.0,2.5,-2.0,0.9586223631145843
11058,6982,501802_bpc,502202_bpc,50.25,46.0,4.25,4.0,0.9053760116784025
109,3039,506502_bpc,507001_mpc,72.5,77.5,-5.0,0.0,0.9301003440587073
34797,3367,512201_mpc,511901_mpc,60.5,76.25,-15.75,-11.0,0.9562480566761664
9129,5215,514702_bpc,514802_bpc,40.0,44.75,-4.75,7.0,0.9049189416302998
9875,18760,508401_mpc,509401_mpc,54.0,71.25,-17.25,8.0,0.9186457353624887
18018,20872,515002_bpc,509402_bpc,53.25,52.5,0.75,17.0,0.8922941677246522
9496,390,505502_bpc,505602_bpc,41.25,35.25,6.0,7.0,0.8055171185035641
20849,13227,503101_mpc,503801_mpc,53.25,90.0,-36.75,-8.0,0.8550774408883831
12573,23134,505801_mpc,505102_bpc,22.0,2.5,19.5,1.0,0.908799289781981
27215,27450,509301_mpc,508801_mpc,37.5,45.0,-7.5,-25.0,0.7865370751920677
21615,12365,507301_mpc,506701_mpc,36.75,26.75,10.0,1.0,0.7057946094547372
14817,11664,502005_hec,507001_mpc,14.75,16.25,-1.5,-15.0,0.9401928742118051
24665,32592,514001_mpc,514002_bpc,13.0,14.0,-1.0,-17.0,0.9458418793741392
5384,1921,509202_bpc,508302_bpc,28.0,25.0,3.0,39.0,0.9196074895656505
22374,3255,506501_mpc,506801_mpc,51.25,60.0,-8.75,13.0,0.9258617007094259
10979,12802,511603_mec,511201_mpc,35.0,26.25,8.75,37.0,0.7294597136337986
6713,2498,507904_cec,508102_bpc,1.25,10.25,-9.0,-83.0,0.9741273401737508
19658,23093,508202_bpc,508101_mpc,17.75,20.0,-2.25,7.0,0.9394365524119644
24787,14225,513103_mec,512901_mpc,16.25,21.5,-5.25,-2.0,0.9313736335377025
28273,13540,502102_bpc,501502_bpc,63.75,52.5,11.25,-10.0,0.9585777739754886
32819,18675,511201_mpc,511401_mpc,39.5,57.0,-17.5,-31.0,0.5629893089737904
11717,27179,502701_mpc,503301_mpc,57.5,51.25,6.25,-2.0,0.8688005082215892
16117,17505,513104_cec,512802_bpc,26.25,21.25,5.0,22.0,0.8596909270513251
5414,18582,513503_mec,511701_mpc,83.5,65.0,18.5,0.0,0.9493304127288804
13662,3288,505501_mpc,505601_mpc,55.0,60.0,-5.0,10.0,0.9555993096731605
27261,39003,513404_cec,513904_cec,-2.5,11.25,-13.75,-13.0,0.9428459374697932
27397,6740,503905_hec,504503_mec,17.25,22.75,-5.5,-1.0,0.9207783714344089
28510,36132,511801_mpc,511802_bpc,53.25,52.5,0.75,-13.0,0.9324016027962438
23698,38086,512104_cec,513704_cec,13.5,18.0,-4.5,-17.0,0.908728713588913
4605,19144,514402_bpc,514302_bpc,6.25,17.5,-11.25,-33.0,0.9469469834763244
14880,9425,508201_mpc,508001_mpc,52.5,68.75,-16.25,-5.0,0.9072790765134005
9554,5822,505301_mpc,505302_bpc,38.75,35.5,3.25,-10.0,0.7110862825623298
13778,3,509502_bpc,508402_bpc,40.75,50.25,-9.5,-24.0,0.767067610036674
27610,16512,512201_mpc,511901_mpc,18.75,23.5,-4.75,48.0,0.8815512159361814
2802,10612,505301_mpc,505601_mpc,36.0,46.25,-10.25,-6.0,0.7340216419828147
22744,24719,502005_hec,502004_cec,8.0,22.75,-14.75,-17.0,0.9027911306573936
34297,15047,509104_cec,509201_mpc,16.25,22.5,-6.25,0.0,0.9139920596259754
26403,13335,513201_mpc,511201_mpc,58.5,63.5,-5.0,5.0,0.8870765338804666
5860,20788,502004_cec,506404_cec,20.0,15.0,5.0,18.0,0.8926474162556858
30614,14174,502004_cec,501602_bpc,22.5,22.25,0.25,5.0,0.8180167483492852
1227,21761,509502_bpc,508401_mpc,31.0,27.0,4.0,11.0,0.8730934154075264
23498,166,513404_cec,513904_cec,27.25,22.75,4.5,12.0,0.8645351284851209
10416,30294,505902_bpc,505502_bpc,39.0,34.0,5.0,3.0,0.8841406947481559
12044,8850,509001_mpc,509002_bpc,21.25,23.75,-2.5,-23.0,0.8739954556095609
21459,24470,509501_mpc,509401_mpc,31.25,30.0,1.25,4.0,0.8630080844779854
2026,5063,505602_bpc,505101_mpc,14.25,20.0,-5.75,-31.0,0.9365365601864678
16953,15676,506201_mpc,506101_mpc,55.0,47.5,7.5,-2.0,0.935311460364814
7482,18302,503101_mpc,503601_mpc,56.0,55.25,0.75,2.0,0.9262153720246884
8178,4451,503302_bpc,503202_bpc,23.25,3.75,19.5,5.0,0.8656347826036132
22996,24885,501904_cec,502202_bpc,43.75,49.25,-5.5,11.0,0.835513485983074
18058,36792,502701_mpc,506101_mpc,82.75,92.5,-9.75,0.0,0.9446184656566359
2676,5635,508201_mpc,508001_mpc,17.5,22.5,-5.0,14.442871,0.96427666328002
2204,16388,504702_bpc,504402_bpc,54.25,55.25,-1.0,0.0,0.9686580470802053
27701,20368,514802_bpc,514602_bpc,43.25,41.25,2.0,-50.0,0.7355798213255684
10770,13902,508501_mpc,508701_mpc,58.5,63.75,-5.25,28.0,0.9601096200763065
16543,22299,513202_bpc,513403_mec,47.5,40.5,7.0,9.0,0.7900244141935859
18303,12805,514901_mpc,514701_mpc,46.75,48.75,-2.0,4.0,0.963807279706856
5411,28338,506001_mpc,505901_mpc,10.0,25.0,-15.0,-30.0,0.8932885605051044
3385,31741,513103_mec,512801_mpc,19.5,13.0,6.5,22.0,0.819240378929847
4703,12455,505801_mpc,505701_mpc,40.5,38.75,1.75,18.0,0.8136270734971114
12113,18173,514502_bpc,514501_mpc,32.5,36.75,-4.25,9.0,0.8257967035042925
9945,19423,501802_bpc,501602_bpc,43.75,41.5,2.25,7.0,0.9701212722532893
4119,5059,512501_mpc,512601_mpc,38.25,34.0,4.25,-7.0,0.8897442338141897
30502,13908,506202_bpc,508903_mec,40.0,41.25,-1.25,5.0,0.8788015445762363
10319,20859,501801_mpc,501601_mpc,37.5,40.75,-3.25,-2.0,0.9039692093095419
24378,14059,507701_mpc,501601_mpc,67.5,105.25,-37.75,-4.0,0.9124813803247814
5000,13384,507501_mpc,514301_mpc,100.25,97.75,2.5,14.0,0.9622433050911127
9143,37790,501802_bpc,502202_bpc,41.25,38.75,2.5,-5.0,0.8446315455019763
24886,9791,510102_bpc,512402_bpc,35.75,23.25,12.5,-17.0,0.666301998128589
25755,4551,509401_mpc,508701_mpc,35.25,37.25,-2.0,-5.0,0.8581854374560987
12916,1890,502802_bpc,502702_bpc,32.5,31.25,1.25,12.0,0.8902328111238895
6228,33138,508702_bpc,508802_bpc,76.25,86.25,-10.0,-4.0,0.9287332690234372
11249,25896,503905_hec,504002_bpc,17.75,18.75,-1.0,-47.0,0.8669516636314509
24806,15564,513704_cec,512104_cec,11.5,2.75,8.75,-46.0,0.9704739148008147
3889,34921,514901_mpc,514801_mpc,31.25,30.25,1.0,7.0,0.9451506375082415
12608,5079,505701_mpc,505801_mpc,90.75,71.25,19.5,-17.0,0.9883033484089718
29950,29628,513503_mec,513601_mpc,41.25,36.25,5.0,-5.0,0.8436905898517902
16715,24245,502101_mpc,505301_mpc,27.75,17.5,10.25,13.0,0.8407259908888828
6541,24157,507402_bpc,507502_bpc,50.0,43.75,6.25,-2.0,0.9040987357723094
7899,4827,514801_mpc,514601_mpc,36.25,32.25,4.0,3.0,0.8945607810416286
18984,19118,502201_mpc,505501_mpc,61.25,95.0,-33.75,-13.0,0.8716351166116689
11336,14018,506904_cec,506404_cec,25.5,5.0,20.5,17.442871,0.8371483633638996
10775,3668,505401_mpc,505701_mpc,60.0,68.75,-8.75,21.0,0.9545951028612127
24905,20855,514701_mpc,514801_mpc,82.5,83.75,-1.25,-3.0,0.95669068248073
29422,716,513704_cec,513904_cec,17.5,10.0,7.5,-1.0,0.9639361727175894
32794,194,511202_bpc,511401_mpc,66.25,66.0,0.25,-5.0,0.9504152331072528
5862,973,504702_bpc,504903_mec,63.75,59.0,4.75,0.0,0.9486698103629141
16591,8492,511702_bpc,511604_cec,35.0,30.0,5.0,-45.0,0.6537135980861244
18644,21667,508401_mpc,509401_mpc,45.5,52.75,-7.25,3.0,0.8169722134579271
17030,18051,512202_bpc,512201_mpc,40.25,52.75,-12.5,20.0,0.7355904731567647
4486,14613,508301_mpc,508501_mpc,34.25,28.75,5.5,36.0,0.5162315175503251
3917,2661,509104_cec,507904_cec,21.25,4.75,16.5,6.0,0.8605377553134318
3096,4575,504402_bpc,504401_mpc,36.25,26.5,9.75,41.0,0.7080145941222041
9931,20855,511702_bpc,514801_mpc,80.75,83.75,-3.0,-2.0,0.9492428032355531
22453,38779,503202_bpc,503602_bpc,37.75,44.5,-6.75,12.0,0.6546111824536986
19161,31189,506002_bpc,505502_bpc,39.5,41.25,-1.75,-15.0,0.8131785419125359
25342,8291,511304_cec,511202_bpc,32.5,24.5,8.0,-2.0,0.7878879218205866
8364,4666,505203_mec,506002_bpc,27.5,13.25,14.25,43.0,0.6860851296422835
12781,17599,503301_mpc,503601_mpc,33.25,40.0,-6.75,4.0,0.7858044268056654
17652,5251,506102_bpc,506101_mpc,62.25,77.5,-15.25,-1.0,0.9520032146184291
15005,6801,502504_cec,503002_bpc,51.25,56.25,-5.0,9.0,0.8743325513288273
31642,257,508401_mpc,509105_hec,27.75,17.5,10.25,-13.557129,0.8040451531689942
4365,17431,503002_bpc,502702_bpc,45.0,53.5,-8.5,-5.0,0.9125734704515455
26591,27800,507401_mpc,507601_mpc,53.5,67.5,-14.0,14.0,0.9258235308678079
11472,3945,512104_cec,513503_mec,8.75,5.0,3.75,-19.0,0.9641237265958317
7057,11847,515002_bpc,506102_bpc,43.25,55.25,-12.0,-9.0,0.868766868308054
737,2222,505702_bpc,505701_mpc,42.75,39.25,3.5,8.0,0.6900979606962271
29304,12121,508001_mpc,506101_mpc,73.75,108.75,-35.0,2.0,0.934932866880112
7676,6224,505902_bpc,506102_bpc,23.75,19.25,4.5,8.0,0.8969226939262147
6957,15141,505501_mpc,505203_mec,77.25,68.75,8.5,5.0,0.9598721196761022
18235,22299,513201_mpc,513403_mec,47.5,40.5,7.0,-8.0,0.8016048469544754
31370,19043,511401_mpc,511202_bpc,50.25,58.5,-8.25,6.0,0.8928625597699742
13617,15317,507904_cec,507502_bpc,58.75,58.0,0.75,-6.0,0.9708432992576213
12317,9868,508904_cec,504202_bpc,16.25,16.5,-0.25,-49.0,0.8961817580267666
3707,3056,503001_mpc,502701_mpc,32.5,15.0,17.5,-13.0,0.7081640598686838
13529,21749,506702_bpc,507302_bpc,45.0,39.0,6.0,12.0,0.7256395445082421
4747,14576,506904_cec,506903_mec,9.25,21.5,-12.25,10.0,0.9009669570924947
19022,3654,512701_mpc,512702_bpc,60.25,54.75,5.5,12.0,0.9140758273908772
4290,11331,508002_bpc,507701_mpc,13.25,14.0,-0.75,-33.0,0.9488082469939567
6473,14109,508301_mpc,508501_mpc,45.0,58.0,-13.0,-8.0,0.8155488078056852
6989,3406,501602_bpc,502802_bpc,20.0,13.75,6.25,16.0,0.8775582877053263
26219,12239,505501_mpc,505101_mpc,51.5,52.5,-1.0,4.0,0.9741238026686921
7014,14107,514801_mpc,514601_mpc,73.5,88.25,-14.75,12.0,0.9915989684495963
8364,31935,505203_mec,505502_bpc,27.5,26.75,0.75,-7.0,0.7394581373124762
24925,16981,511201_mpc,511402_bpc,49.25,57.75,-8.5,-16.0,0.8090230108494448
19434,4206,508402_bpc,509302_bpc,43.75,43.0,0.75,-3.0,0.8100420234293899
13203,33415,513602_bpc,514202_bpc,13.75,10.25,3.5,12.0,0.8787247930984049
20239,12632,513704_cec,511701_mpc,40.0,34.5,5.5,-4.0,0.6573677992062946
18327,12856,508401_mpc,509201_mpc,43.75,44.0,-0.25,23.0,0.8021925040070582
21416,32922,506702_bpc,507701_mpc,19.75,21.25,-1.5,16.0,0.928870158468592
31822,2303,509401_mpc,508301_mpc,73.75,77.75,-4.0,10.0,0.978518854989778
18258,28437,513202_bpc,512802_bpc,24.25,6.5,17.75,32.0,0.7198234224710276
38201,18742,505802_bpc,505102_bpc,33.25,33.25,0.0,12.557129,0.8226152348782436
27849,16985,502101_mpc,501602_bpc,64.25,87.25,-23.0,1.0,0.9316016650832085
16834,843,509401_mpc,509301_mpc,32.5,22.5,10.0,28.0,0.8000410660365085
19704,6716,503001_mpc,502801_mpc,53.75,52.5,1.25,3.0,0.8347421959465923
6973,8719,515002_bpc,508701_mpc,22.5,14.25,8.25,0.0,0.8247353076018108
35002,38063,512402_bpc,510102_bpc,9.0,8.75,0.25,-9.0,0.9387807884890584
32571,11475,505702_bpc,505102_bpc,25.0,10.0,15.0,-29.0,0.8682194484779742
30934,24592,501801_mpc,501802_bpc,27.5,20.5,7.0,-1.0,0.8903536464941786
17504,24261,509001_mpc,515001_mpc,37.5,39.25,-1.75,8.0,0.7277939308936746
5207,4398,505902_bpc,505203_mec,28.0,27.75,0.25,-12.0,0.8537741621828313
37767,24388,508702_bpc,508802_bpc,35.0,29.5,5.5,30.0,0.9069460999243417
2574,8214,506001_mpc,505401_mpc,26.0,30.75,-4.75,-8.0,0.9508665218591014
1873,22705,513104_cec,513904_cec,33.0,23.75,9.25,-21.0,0.6052749144623839
9919,38294,507301_mpc,506701_mpc,60.0,55.0,5.0,-5.0,0.9398753699987461
1529,35829,513104_cec,513403_mec,91.25,82.5,8.75,-19.0,0.9475436144460376
24369,38015,510102_bpc,511902_bpc,68.0,51.25,16.75,-13.0,0.931943192969397
27699,37695,512202_bpc,512402_bpc,39.75,33.75,6.0,6.0,0.6460258776419048
14417,12932,506801_mpc,506501_mpc,29.0,23.75,5.25,-32.0,0.8958773050216113
3264,2754,505702_bpc,505102_bpc,40.5,43.25,-2.75,-18.0,0.8637721390484783
34585,23317,512501_mpc,512601_mpc,40.0,50.0,-10.0,-37.0,0.8291330296553334
37683,28876,506502_bpc,507302_bpc,25.25,19.0,6.25,1.0,0.9467345643793231
7706,2784,502702_bpc,502801_mpc,32.75,26.25,6.5,5.0,0.7743632730848196
9626,16268,503001_mpc,502801_mpc,50.0,53.75,-3.75,4.0,0.8256057089135106
12174,38582,505502_bpc,505302_bpc,41.25,43.5,-2.25,11.0,0.8465461470301653
5806,35218,506002_bpc,505203_mec,21.25,25.25,-4.0,17.442871,0.9077378404802736
19660,3190,507904_cec,507702_bpc,11.25,12.25,-1.0,-24.0,0.9328188128643734
2544,2600,507904_cec,508001_mpc,18.0,23.75,-5.75,-2.0,0.9228751914091575
566,12552,505602_bpc,506001_mpc,35.0,43.75,-8.75,-14.0,0.6138345810415091
4742,38866,508502_bpc,509201_mpc,62.0,87.5,-25.5,-5.0,0.951587404921347
35702,21667,509402_bpc,509401_mpc,49.5,52.75,-3.25,8.0,0.7853579623634691
11819,1519,508102_bpc,507802_bpc,21.75,27.0,-5.25,-14.0,0.9614475455300773
31614,35968,511304_cec,512104_cec,25.0,5.0,20.0,31.0,0.8601929457502692
8105,12382,505401_mpc,505301_mpc,37.5,40.75,-3.25,12.0,0.8833208729907714
10241,25141,508701_mpc,507702_bpc,14.75,14.5,0.25,15.0,0.8818400335495222
4219,32521,504702_bpc,504402_bpc,52.75,54.25,-1.5,3.0,0.9563232325972453
4213,3605,508202_bpc,508102_bpc,32.5,30.0,2.5,-8.0,0.9324240513303353
2572,10960,508001_mpc,508201_mpc,39.0,34.25,4.75,-2.0,0.8510219516305697
23203,8137,508201_mpc,507801_mpc,31.25,25.0,6.25,-24.0,0.8730340178557964
22791,26307,503602_bpc,504201_mpc,26.25,21.25,5.0,42.0,0.8400858391322155
23435,9967,506302_bpc,506102_bpc,27.75,18.75,9.0,-45.0,0.8993406773071632
13445,9540,514302_bpc,514501_mpc,33.25,38.75,-5.5,-2.0,0.8013554644561247
8322,3506,508801_mpc,508301_mpc,35.75,33.75,2.0,16.0,0.7307170684079076
5993,38090,514701_mpc,514801_mpc,36.25,28.0,8.25,-8.442871,0.8272325644370051
34960,38111,511801_mpc,511701_mpc,34.5,25.0,9.5,25.0,0.7200416523103979
406,27830,504503_mec,504701_mpc,24.0,7.5,16.5,-19.0,0.8944427697479351
21891,9881,511801_mpc,511802_bpc,87.25,84.5,2.75,6.0,0.9838894105181601
8703,29894,505101_mpc,505501_mpc,46.25,45.0,1.25,10.0,0.887139557398376
24659,4653,514301_mpc,514501_mpc,29.0,22.5,6.5,32.0,0.928730195583696
6237,10784,503801_mpc,504001_mpc,31.5,28.75,2.75,23.0,0.7974460117804666
16913,11039,508801_mpc,509301_mpc,20.0,27.75,-7.75,-17.0,0.908998476808367
6811,7414,502004_cec,501802_bpc,32.75,25.75,7.0,-11.0,0.6705307209434175
18830,29650,509002_bpc,508904_cec,26.0,25.75,0.25,8.0,0.8817847897042421
8875,2520,513601_mpc,511901_mpc,78.0,91.25,-13.25,-4.0,0.9358427241722418
28715,20395,505802_bpc,505602_bpc,21.25,26.25,-5.0,1.0,0.9237963832729382
26633,8985,508202_bpc,507602_bpc,67.5,61.75,5.75,8.0,0.9648867025488267
3889,21169,514901_mpc,514602_bpc,31.25,27.75,3.5,5.0,0.8482909359094856
1363,14886,507602_bpc,508101_mpc,30.25,30.0,0.25,-6.0,0.928821644435498
4325,14043,502802_bpc,502701_mpc,26.25,14.0,12.25,23.0,0.8595769181988268
34936,37212,506501_mpc,507001_mpc,45.0,40.0,5.0,-5.0,0.6997739628933057
4349,32649,508001_mpc,508201_mpc,38.25,31.5,6.75,32.0,0.8128019376639524
23033,22792,514002_bpc,514001_mpc,42.75,41.0,1.75,8.0,0.7572813482851184
30890,11153,507302_bpc,507002_bpc,75.0,62.5,12.5,-1.0,0.9669138161366232
24977,28726,506802_bpc,506502_bpc,48.75,48.75,0.0,0.0,0.9141623649005092
4937,6602,507702_bpc,507904_cec,10.0,11.25,-1.25,-36.0,0.9378097357144138
5105,13662,505601_mpc,505501_mpc,48.75,55.0,-6.25,-8.0,0.9135780509661776
5640,13989,503102_bpc,503602_bpc,28.75,25.0,3.75,-7.0,0.9078950481763196
32033,18327,509001_mpc,508401_mpc,39.0,43.75,-4.75,-5.0,0.757682847409204
5683,23540,511604_cec,511401_mpc,34.5,27.75,6.75,-36.0,0.7588640619131114
22817,7575,506404_cec,506903_mec,11.5,3.75,7.75,44.0,0.8987829041758266
11610,20830,503301_mpc,506404_cec,12.0,10.75,1.25,-35.0,0.9174915958176592
10531,16545,501601_mpc,501903_mec,22.75,20.0,2.75,0.0,0.8367228433144032
6382,33717,502101_mpc,501801_mpc,39.75,40.0,-0.25,-8.0,0.9652046878756895
4887,9932,508801_mpc,509202_bpc,54.25,64.0,-9.75,0.0,0.9203304091909988
37023,27397,505204_cec,503905_hec,30.5,17.25,13.25,-22.0,0.7165512251618693
2783,20188,508802_bpc,515002_bpc,42.25,37.75,4.5,13.0,0.869647463318876
6959,23915,502504_cec,502004_cec,33.75,44.0,-10.25,0.0,0.680966072129039
26966,18079,514901_mpc,514801_mpc,77.75,77.5,0.25,20.0,0.998348788243634
28941,2655,508501_mpc,508401_mpc,38.75,39.75,-1.0,14.0,0.7640338183383301
2533,29162,512802_bpc,512801_mpc,37.5,43.5,-6.0,21.0,0.8378479952077774
23589,32922,506702_bpc,507701_mpc,21.25,21.25,0.0,22.0,0.9289330717831259
19740,33361,503602_bpc,503202_bpc,42.25,40.0,2.25,-22.0,0.7645813312830488
3807,24434,504402_bpc,504904_cec,26.75,29.0,-2.25,-1.0,0.7678427855647777
15604,22373,514802_bpc,514702_bpc,35.0,40.25,-5.25,-34.0,0.8302291828228953
22579,6720,505902_bpc,505102_bpc,41.25,44.25,-3.0,18.0,0.8255525448389336
13116,25807,509402_bpc,508702_bpc,72.5,62.25,10.25,2.0,0.9385857372110521
25561,5660,506502_bpc,507002_bpc,26.25,25.5,0.75,-3.0,0.9114758757549449
13781,4225,506101_mpc,505602_bpc,15.0,9.0,6.0,28.0,0.9182272789668995
5126,22022,506602_bpc,506904_cec,30.0,23.75,6.25,26.0,0.7887580488717373
31146,27423,514201_mpc,514001_mpc,51.75,70.5,-18.75,-26.0,0.9261486632540987
35469,16360,509104_cec,508903_mec,21.25,15.5,5.75,0.0,0.8897128126030363
20376,13781,505901_mpc,506101_mpc,12.75,15.0,-2.25,-55.0,0.8555510758401704
6655,31920,505602_bpc,505204_cec,30.25,25.0,5.25,-47.0,0.8063934784928068
5458,13484,502701_mpc,502505_hec,12.5,26.25,-13.75,19.0,0.889363681373734
18429,12535,503602_bpc,504202_bpc,27.75,25.0,2.75,20.0,0.8380833071954887
11136,13227,503201_mpc,503801_mpc,51.25,90.0,-38.75,-3.0,0.8394060159116247
31340,18394,505902_bpc,505702_bpc,39.5,46.0,-6.5,1.0,0.8277498246916709
9300,5009,503002_bpc,502702_bpc,38.75,46.75,-8.0,-1.0,0.8107566015327912
37508,31728,510102_bpc,513904_cec,11.75,16.5,-4.75,3.0,0.9542122014235654
36507,12451,513704_cec,513904_cec,4.0,12.5,-8.5,-32.0,0.9808120693173757
6693,32649,507701_mpc,508201_mpc,29.25,31.5,-2.25,16.0,0.8545891873412905
4558,30258,505601_mpc,505801_mpc,46.75,47.5,-0.75,3.0,0.8469865621123501
33191,33186,514902_bpc,514901_mpc,45.25,44.75,0.5,-14.0,0.8768264330740816
8378,13133,508202_bpc,507502_bpc,43.75,42.75,1.0,-11.0,0.7019172218420034
29259,22662,502701_mpc,502801_mpc,53.75,51.25,2.5,7.0,0.9461865538446961
8364,2267,505203_mec,506002_bpc,27.5,26.25,1.25,18.0,0.7000096720228688
25403,21523,506802_bpc,507202_bpc,36.5,40.0,-3.5,-21.0,0.7736165784964177
8664,8681,501602_bpc,501502_bpc,57.75,77.5,-19.75,-12.0,0.8940836722107541
10875,14387,511202_bpc,511402_bpc,27.5,21.5,6.0,3.0,0.8808871461361242
6740,1927,504503_mec,502505_hec,22.75,11.25,11.5,6.0,0.8421893519634135
7640,1529,511202_bpc,513104_cec,57.0,91.25,-34.25,24.0,0.8797202618874546
3811,16716,508802_bpc,509502_bpc,42.5,52.5,-10.0,1.0,0.8559277281456941
1335,1613,504702_bpc,504903_mec,59.0,57.75,1.25,-7.0,0.9568796923810279
13487,5920,511603_mec,511201_mpc,32.5,28.75,3.75,9.0,0.9015494987328769
30991,27029,509201_mpc,508801_mpc,37.75,40.5,-2.75,-19.0,0.8145934380170994
10774,3848,505802_bpc,505302_bpc,32.5,35.0,-2.5,-21.0,0.8482328189607901
30148,2713,508301_mpc,509105_hec,12.5,21.5,-9.0,18.0,0.9285846496074749
18075,25579,509402_bpc,508502_bpc,65.0,59.0,6.0,0.0,0.9667227160197353
16328,31143,513904_cec,513104_cec,43.75,60.5,-16.75,-13.0,0.7253093659015696
7443,32721,501801_mpc,501601_mpc,46.25,62.5,-16.25,-3.0,0.8167318048428202
5333,29232,509301_mpc,509501_mpc,45.25,58.75,-13.5,-10.0,0.8573122198710137
15445,20366,512202_bpc,513704_cec,18.5,14.5,4.0,-1.0,0.8629595498677044
6105,5232,505502_bpc,505602_bpc,33.0,35.0,-2.0,-7.442871,0.8819032678996355
32800,23300,513601_mpc,511801_mpc,37.0,46.25,-9.25,2.0,0.7327912714774265
25242,10349,507501_mpc,508201_mpc,52.5,68.5,-16.0,0.0,0.8984919368098903
2972,22795,509402_bpc,508904_cec,26.25,25.0,1.25,25.0,0.8982858928761622
15205,11740,505901_mpc,505701_mpc,36.25,37.25,-1.0,-25.0,0.80667266529484
30335,18801,509001_mpc,509401_mpc,21.25,16.25,5.0,-7.0,0.9508397384239996
7779,30300,506904_cec,506702_bpc,25.25,8.75,16.5,31.0,0.820322684132249
105,16462,502801_mpc,512601_mpc,68.75,98.75,-30.0,-16.0,0.9132790777681561
5207,14966,505902_bpc,506001_mpc,28.0,20.0,8.0,8.0,0.8797795671302593
6740,27397,504503_mec,503905_hec,22.75,17.25,5.5,1.0,0.9207783714344089
12537,31297,507502_bpc,507702_bpc,22.75,16.5,6.25,9.0,0.9622513509968667
3023,15527,507301_mpc,506701_mpc,28.75,27.5,1.25,-8.0,0.7928353621129173
4831,20986,505602_bpc,505902_bpc,64.75,71.25,-6.5,3.0,0.9699177645668475
27741,32211,508402_bpc,509302_bpc,59.75,52.25,7.5,9.0,0.9210859245891824
30787,10748,515001_mpc,509301_mpc,35.0,29.75,5.25,-17.0,0.7844471204931828
36360,53,512601_mpc,512502_bpc,37.5,31.25,6.25,42.0,0.7892098044297546
22716,24665,513704_cec,514001_mpc,5.0,13.0,-8.0,-13.0,0.9361070228691644
1582,5009,502802_bpc,502702_bpc,46.25,46.75,-0.5,-10.0,0.9309650043209239
16418,11229,513202_bpc,513201_mpc,26.5,28.5,-2.0,-2.0,0.9168230130494721
1963,18320,514502_bpc,514501_mpc,32.5,37.5,-5.0,-5.0,0.8137335713142763
32302,29928,511603_mec,511304_cec,35.0,28.75,6.25,-4.0,0.7880449767221259
21415,38444,505702_bpc,505802_bpc,46.25,43.0,3.25,-21.0,0.8737344819195155
3512,17801,508201_mpc,507401_mpc,46.25,43.75,2.5,-15.0,0.8906315806633134
5420,3602,508701_mpc,509105_hec,27.75,23.75,4.0,6.0,0.8955410255019626
9997,21100,506502_bpc,509502_bpc,19.25,6.25,13.0,30.0,0.9283407472334758
28490,4466,513601_mpc,511801_mpc,50.0,56.0,-6.0,-19.0,0.932913600918479
28268,14859,506404_cec,506802_bpc,1.0,13.0,-12.0,10.0,0.945090515817219
26473,14257,507302_bpc,506802_bpc,41.25,44.25,-3.0,-22.0,0.8513452774124503
2001,4989,507001_mpc,506601_mpc,24.0,13.25,10.75,9.0,0.8346379988936368
3550,19144,514401_mpc,514302_bpc,22.5,17.5,5.0,-33.0,0.9391031700216257
35469,22696,509104_cec,508903_mec,21.25,26.25,-5.0,0.5571289,0.8877217573011577
6088,3379,508202_bpc,508101_mpc,22.75,18.75,4.0,2.0,0.9361431522323033
1318,17562,505602_bpc,506002_bpc,39.5,34.0,5.5,-5.0,0.8137703306284597
5525,7277,504904_cec,504903_mec,23.75,30.0,-6.25,5.0,0.8357179627657599
39192,23192,514701_mpc,514901_mpc,31.5,28.75,2.75,62.0,0.969828686892662
11304,19182,504701_mpc,506101_mpc,15.0,7.75,7.25,16.0,0.8280473436179262
16545,10491,501903_mec,501802_bpc,20.0,20.0,0.0,-16.0,0.9035808019378253
38788,15240,514001_mpc,514801_mpc,58.75,61.25,-2.5,-9.0,0.8689048478671676
1277,37252,508502_bpc,509104_cec,30.25,23.5,6.75,0.0,0.6728836477213113
16484,19032,504701_mpc,504503_mec,33.5,30.0,3.5,26.0,0.7992020084978416
8526,13986,501903_mec,501602_bpc,22.75,18.25,4.5,-15.0,0.8820174368734643
4977,16117,512802_bpc,513104_cec,17.75,26.25,-8.5,-21.0,0.8391820785576939
18459,8469,502801_mpc,503001_mpc,37.5,25.5,12.0,-8.0,0.6344847059298748
2240,24648,511902_bpc,510102_bpc,13.75,18.0,-4.25,-23.0,0.97778173585607
19527,4966,509501_mpc,508801_mpc,53.25,57.5,-4.25,21.0,0.9156977989243394
24305,8517,512901_mpc,513103_mec,26.75,18.75,8.0,1.0,0.8805666947642106
34804,32498,505101_mpc,505801_mpc,27.5,33.5,-6.0,18.0,0.8479388339094245
32158,29302,513602_bpc,514202_bpc,36.25,41.5,-5.25,19.442871,0.7199512708437534
12554,17638,503001_mpc,502801_mpc,57.5,77.25,-19.75,-2.0,0.9515213640246356
27096,25841,512104_cec,512401_mpc,27.5,32.75,-5.25,30.0,0.8367968713676834
10019,14880,507904_cec,508201_mpc,60.25,52.5,7.75,-3.0,0.9158335717509358
26591,36440,507401_mpc,508202_bpc,53.5,71.5,-18.0,1.0,0.9156780025514728
37159,15090,505802_bpc,505302_bpc,41.25,46.25,-5.0,8.0,0.6082763110403765
19854,7186,504401_mpc,504903_mec,31.25,22.75,8.5,-9.0,0.8073025287528294
8065,29633,503002_bpc,502505_hec,27.5,13.75,13.75,3.0,0.7550016698805552
23032,22384,503904_cec,503802_bpc,41.5,55.0,-13.5,-9.0,0.5804300491502894
19865,18760,508301_mpc,509401_mpc,60.5,71.25,-10.75,-2.0,0.97049687270221
10852,5416,506002_bpc,505802_bpc,12.25,18.75,-6.5,8.0,0.9579741579847278
6237,1946,503801_mpc,504202_bpc,31.5,25.0,6.5,17.0,0.8042347107019693
28927,16394,501602_bpc,501802_bpc,45.0,44.75,0.25,5.0,0.9811450388062741
24751,752,514401_mpc,514502_bpc,28.75,21.25,7.5,51.0,0.8274798810634214
6072,3264,505902_bpc,505702_bpc,36.5,40.5,-4.0,4.0,0.8880881512094448
1834,6355,505602_bpc,505902_bpc,34.25,38.75,-4.5,27.0,0.8102400158092476
21798,26851,501602_bpc,502202_bpc,52.5,59.75,-7.25,3.0,0.9722175200897791
21459,8213,509501_mpc,509201_mpc,31.25,36.5,-5.25,7.0,0.8274647429778431
4974,5135,513103_mec,512902_bpc,39.5,45.25,-5.75,22.0,0.8046700335434843
4809,17391,508002_bpc,507402_bpc,40.0,45.0,-5.0,-3.0,0.9342914104278415
5784,5448,506302_bpc,506102_bpc,78.75,65.0,13.75,2.0,0.9786971455861114
12875,30576,506701_mpc,507301_mpc,28.75,27.75,1.0,4.442871,0.9245215221723225
19880,17519,503905_hec,502004_cec,22.5,22.5,0.0,4.0,0.9124167089658999
3396,11472,513504_cec,512104_cec,7.5,8.75,-1.25,15.0,0.9281870714676188
7773,14812,510102_bpc,513903_mec,21.25,10.0,11.25,23.0,0.7686609593117943
11883,1313,502101_mpc,501601_mpc,62.5,96.25,-33.75,-24.0,0.9498758060116614
17811,1152,511701_mpc,511802_bpc,32.5,18.75,13.75,-11.0,0.7419461512859042
4742,14109,508502_bpc,508501_mpc,62.0,58.0,4.0,7.0,0.9489865397431303
21247,2342,506102_bpc,506202_bpc,50.75,55.0,-4.25,-6.0,0.9704617894697225
11993,5243,504201_mpc,504002_bpc,47.5,57.25,-9.75,-13.0,0.7762522810595309
34282,16117,513103_mec,513104_cec,31.25,26.25,5.0,-23.0,0.9058888328728398
36611,2193,504202_bpc,503301_mpc,17.0,13.5,3.5,15.0,0.8868186616683134
18940,5936,508101_mpc,507501_mpc,25.75,23.75,2.0,2.0,0.975630351409006
6839,28273,501903_mec,502102_bpc,67.5,63.75,3.75,15.0,0.9244712848617753
6632,11027,501602_bpc,506801_mpc,11.25,-1.25,12.5,13.0,0.9615486266385135
16504,14965,509202_bpc,509402_bpc,39.0,33.75,5.25,-1.0,0.863662085695092
36360,34676,512601_mpc,512502_bpc,37.5,41.25,-3.75,37.0,0.8234102722854006
16644,9094,502504_cec,502802_bpc,51.25,45.25,6.0,-2.0,0.7707782037857087
14017,29032,509104_cec,508702_bpc,15.25,28.0,-12.75,-15.0,0.871500571037048
9341,38949,507701_mpc,507001_mpc,40.0,50.75,-10.75,25.0,0.7356216078404021
24665,31728,514001_mpc,513904_cec,13.0,16.5,-3.5,5.0,0.9272759035338043
20183,39133,514701_mpc,510101_mpc,37.5,42.75,-5.25,12.0,0.8187607773337557
17220,17743,504702_bpc,504402_bpc,34.0,34.75,-0.75,23.0,0.9334249073476243
787,271,514301_mpc,514302_bpc,41.25,34.0,7.25,50.0,0.7800497169105428
14656,24670,504201_mpc,504904_cec,11.5,22.5,-11.0,-15.0,0.8746906117878734
39196,7651,505802_bpc,505302_bpc,51.25,50.75,0.5,4.0,0.9113025540858012
33191,23909,514902_bpc,514701_mpc,45.25,53.75,-8.5,-4.0,0.8530396809507865
5021,23414,509002_bpc,508802_bpc,33.5,28.25,5.25,3.0,0.8387841972773551
21894,35379,511701_mpc,511702_bpc,29.5,25.0,4.5,23.0,0.8477513549834943
14667,3617,502701_mpc,502801_mpc,51.25,49.75,1.5,-1.0,0.931253571943978
25210,4856,512901_mpc,512801_mpc,41.25,60.75,-19.5,-4.0,0.6936032993548247
7444,34794,505302_bpc,505602_bpc,73.25,79.5,-6.25,0.0,0.9870701718090205
17166,14386,507302_bpc,506904_cec,11.5,18.25,-6.75,12.0,0.9656791013878938
16931,15955,511604_cec,511201_mpc,31.25,31.25,0.0,11.0,0.8205018721943349
17372,16864,506904_cec,504001_mpc,40.25,39.0,1.25,17.0,0.5678736427067652
34786,20169,508904_cec,506904_cec,23.75,18.75,5.0,7.0,0.9372976316092143
10459,9586,512502_bpc,512501_mpc,22.0,19.0,3.0,9.0,0.9497413619524254
487,5278,514901_mpc,514601_mpc,52.5,53.0,-0.5,-11.0,0.9662170048444269
30672,37237,514002_bpc,514202_bpc,27.5,26.25,1.25,-10.0,0.8507612719254697
17858,37276,512701_mpc,512601_mpc,46.75,55.0,-8.25,-5.0,0.9272822091003009
22997,10556,513503_mec,511604_cec,17.5,3.75,13.75,19.0,0.9161690287368343
12829,4710,507701_mpc,507602_bpc,23.75,24.25,-0.5,-8.0,0.9439979093233852
10725,21507,506001_mpc,505501_mpc,31.25,26.25,5.0,-1.0,0.810304062593721
9538,20189,512601_mpc,512501_mpc,26.25,26.25,0.0,-3.0,0.9006432124000671
4058,32626,502504_cec,502702_bpc,18.5,23.75,-5.25,-15.0,0.8405476129916888
3347,7944,501602_bpc,501502_bpc,21.25,27.75,-6.5,-5.0,0.951640837364231
5614,8068,504702_bpc,504504_cec,33.75,23.75,10.0,-5.0,0.7533812604095985
3802,14059,507002_bpc,501601_mpc,69.5,105.25,-35.75,0.0,0.9137585429094626
4183,4364,507802_bpc,507401_mpc,71.25,63.25,8.0,5.0,0.979063334131059
3930,6462,507501_mpc,507601_mpc,53.75,66.5,-12.75,10.0,0.9271870677468106
14840,12451,513601_mpc,513904_cec,15.5,12.5,3.0,10.0,0.9348815489104582
10278,4154,505401_mpc,505402_bpc,45.25,47.0,-1.75,2.0,0.809209073091306
28072,8724,513504_cec,513503_mec,23.75,23.75,0.0,-7.0,0.8161668886718656
2073,15114,507802_bpc,507702_bpc,30.75,24.0,6.75,7.0,0.8890038781524393
11035,3635,508102_bpc,508002_bpc,22.75,28.0,-5.25,14.0,0.949094264170878
8364,26273,505203_mec,505702_bpc,27.5,18.0,9.5,9.442871,0.6989021959986296
4653,13514,514501_mpc,514401_mpc,22.5,26.25,-3.75,-43.0,0.9490774124745451
20305,21290,514901_mpc,514801_mpc,28.75,29.25,-0.5,8.0,0.9172248952906937
7930,5635,508201_mpc,508001_mpc,32.5,22.5,10.0,9.442871,0.8538320853179755
15086,3683,503102_bpc,503302_bpc,55.5,56.25,-0.75,4.0,0.951242330828248
6428,12732,505302_bpc,505102_bpc,47.5,66.5,-19.0,-6.0,0.8342372395810055
14383,34,509302_bpc,509202_bpc,59.25,71.5,-12.25,7.0,0.926019605090715
18332,17759,502202_bpc,501601_mpc,34.0,28.75,5.25,18.0,0.8287256355207477
12959,10650,501602_bpc,502102_bpc,14.25,25.0,-10.75,10.0,0.8973615500059227
1260,24792,511902_bpc,511901_mpc,57.5,50.0,7.5,-4.0,0.9260193084792698
30767,23861,513404_cec,511304_cec,22.75,10.0,12.75,29.0,0.8719917067597905
8104,3815,509105_hec,508802_bpc,11.25,3.0,8.25,-7.0,0.880449157086764
2723,12317,509104_cec,508904_cec,23.75,16.25,7.5,65.0,0.9076406516727201
38049,13792,508202_bpc,507501_mpc,76.0,81.25,-5.25,0.0,0.9421165635742588
10460,11295,501801_mpc,502101_mpc,50.0,50.0,0.0,-26.0,0.9312634236163146
25051,1341,511702_bpc,514902_bpc,0.0,3.75,-3.75,-7.0,0.9666760867416532
12814,17621,512202_bpc,510102_bpc,49.5,48.75,0.75,10.0,0.9758337884072378
451,3862,514601_mpc,513601_mpc,9.0,1.25,7.75,-10.0,0.8737202438821374
26474,7666,501903_mec,501502_bpc,26.5,29.25,-2.75,-10.0,0.696352951757714
990,37306,504401_mpc,504701_mpc,78.75,67.25,11.5,-1.0,0.9811200441846298
24352,6013,507904_cec,506903_mec,20.0,7.5,12.5,11.0,0.8607281810942868
7438,8337,505501_mpc,505502_bpc,10.0,19.75,-9.75,24.0,0.948784687869451
28277,3001,507801_mpc,508001_mpc,33.75,26.25,7.5,18.0,0.8568128661011473
2594,4279,507904_cec,507401_mpc,19.25,15.0,4.25,4.0,0.9566240837972405
9194,23589,506904_cec,506702_bpc,22.0,21.25,0.75,-30.0,0.9417162134898225
24195,8396,506904_cec,501802_bpc,50.25,57.5,-7.25,-9.0,0.9186588263646294
14664,4199,508202_bpc,507702_bpc,23.75,21.25,2.5,24.0,0.9470814954975636
19757,19068,506904_cec,506404_cec,22.5,17.75,4.75,-6.0,0.9599494508800355
33166,37082,513104_cec,513403_mec,50.25,77.25,-27.0,-19.0,0.7710409264376938
25878,27412,514802_bpc,514701_mpc,59.5,76.5,-17.0,-5.0,0.9222310746134221
16662,6492,506404_cec,502505_hec,12.75,4.5,8.25,37.0,0.9171776744775023
16697,13980,507302_bpc,506701_mpc,32.5,27.5,5.0,-7.0,0.8519794453916893
23317,21987,512601_mpc,512701_mpc,50.0,72.25,-22.25,26.0,0.8845255712294935
4420,30871,512202_bpc,510102_bpc,52.5,50.0,2.5,-16.0,0.8609964596474051
30341,4510,505502_bpc,505802_bpc,45.0,45.25,-0.25,-5.0,0.8803042343570721
2468,24792,510101_mpc,511901_mpc,54.5,50.0,4.5,-6.0,0.9165357166851943
14308,38049,507401_mpc,508202_bpc,90.25,76.0,14.25,1.0,0.9565396755107871
32033,3269,509001_mpc,509401_mpc,39.0,44.5,-5.5,7.0,0.6803917587550641
2206,20882,503201_mpc,503101_mpc,48.0,55.25,-7.25,1.0,0.8658457225499363
9890,17326,511901_mpc,512401_mpc,10.25,25.0,-14.75,-10.0,0.8863070683596485
17112,16574,512202_bpc,512402_bpc,33.75,23.75,10.0,-6.0,0.7709056704619366
7290,17297,513904_cec,513903_mec,11.25,0.0,11.25,19.0,0.891408112011672
4183,10019,507802_bpc,507904_cec,71.25,60.25,11.0,6.0,0.9723306272087388
6870,12655,506001_mpc,505401_mpc,25.5,30.0,-4.5,4.0,0.8968929350315898
10649,12691,505702_bpc,505401_mpc,34.25,23.75,10.5,11.0,0.6637984712249897
5601,25977,504504_cec,505102_bpc,24.0,7.5,16.5,-30.0,0.7979882871741734
24369,12814,510102_bpc,512202_bpc,68.0,49.5,18.5,-7.0,0.9052407863521349
34321,33381,512702_bpc,503002_bpc,26.75,10.0,16.75,-28.0,0.8290446298078283
6653,31626,508301_mpc,508701_mpc,36.25,40.0,-3.75,3.0,0.931438546215193
6200,3431,506202_bpc,506102_bpc,41.25,49.75,-8.5,-3.0,0.8740633942236844
19809,20069,513602_bpc,514202_bpc,-5.0,13.0,-18.0,-23.557129,0.9600250411534184
32316,14165,512201_mpc,511901_mpc,36.25,36.25,0.0,-16.0,0.7792024733069995
30137,17821,506702_bpc,506802_bpc,18.75,14.25,4.5,10.0,0.9398223813863269
18448,27128,503904_cec,506404_cec,26.5,18.75,7.75,-10.557129,0.8365709632026848
4128,33148,502505_hec,505203_mec,8.75,4.0,4.75,-7.0,0.9191513507261665
16534,9008,509002_bpc,508402_bpc,37.5,43.5,-6.0,-9.0,0.6901397598817085
3518,16636,513103_mec,513104_cec,15.0,21.25,-6.25,-2.0,0.9477675707550948
10282,17208,513202_bpc,513201_mpc,26.5,20.5,6.0,2.0,0.8751156013619019
16931,16408,511604_cec,511201_mpc,31.25,21.5,9.75,7.0,0.7752684987233953
35509,1830,514901_mpc,513404_cec,50.5,52.75,-2.25,-15.0,0.8789781148715065
7389,20424,503202_bpc,503002_bpc,11.5,1.25,10.25,21.0,0.8549527433012929
13009,16549,506502_bpc,506404_cec,61.25,47.75,13.5,16.0,0.8704351770932122
18824,23249,512802_bpc,512902_bpc,56.25,80.0,-23.75,-7.0,0.836066608267346
16697,17129,507302_bpc,507301_mpc,32.5,30.0,2.5,21.0,0.8984423748259248
4612,17801,508001_mpc,507401_mpc,37.25,43.75,-6.5,-13.0,0.8851495491659129
2814,33361,503802_bpc,503202_bpc,38.5,40.0,-1.5,1.0,0.8682275217762186
19532,3646,506002_bpc,505203_mec,14.0,9.75,4.25,27.0,0.9687577353889453
22817,30491,506404_cec,507301_mpc,11.5,5.25,6.25,4.0,0.8828396100839535
712,16112,515002_bpc,509502_bpc,28.75,29.5,-0.75,-21.0,0.9442272216589533
1965,17634,504402_bpc,504904_cec,35.0,40.25,-5.25,19.0,0.8375297234279832
12762,8929,509104_cec,509002_bpc,37.75,33.75,4.0,6.0,0.7561410792028928
25424,38505,514301_mpc,514401_mpc,65.0,86.75,-21.75,-4.0,0.9779116046607739
12357,27098,504903_mec,503302_bpc,8.75,18.75,-10.0,33.0,0.9360404046659716
21496,31746,506702_bpc,507302_bpc,25.0,26.25,-1.25,5.0,0.9144570068380444
23325,9795,503301_mpc,503601_mpc,40.25,45.0,-4.75,-18.0,0.7028942849840835
12240,28715,506001_mpc,505802_bpc,20.5,21.25,-0.75,-1.0,0.8977000237110948
10403,6380,506001_mpc,505401_mpc,16.75,8.75,8.0,22.0,0.9516098104182139
15181,7575,506404_cec,506903_mec,8.25,3.75,4.5,4.0,0.9634868045520637
5486,37263,504701_mpc,504702_bpc,48.25,56.25,-8.0,3.0,0.8741604662206699
764,27848,514402_bpc,514601_mpc,78.75,91.75,-13.0,8.0,0.9352159201324524
35904,27301,513904_cec,514202_bpc,22.5,13.75,8.75,12.0,0.7664953150009124
22307,13995,514201_mpc,513601_mpc,18.75,14.5,4.25,26.0,0.9667940342692021
3621,21041,504401_mpc,504903_mec,35.25,25.0,10.25,21.0,0.6915335421318224
24514,34794,505203_mec,505602_bpc,56.75,79.5,-22.75,-8.0,0.9089124874760818
3959,9932,508302_bpc,509202_bpc,68.5,64.0,4.5,-3.0,0.9880778219618098
3385,13138,513103_mec,511303_mec,19.5,20.0,-0.5,15.0,0.8725575334072128
9230,10209,509301_mpc,508701_mpc,38.75,40.75,-2.0,-4.0,0.7996864064781914
13457,21851,502202_bpc,501602_bpc,52.25,52.25,0.0,9.0,0.9681943218065464
38271,3043,508802_bpc,509502_bpc,38.75,46.75,-8.0,14.0,0.712500999150456
25151,9200,511401_mpc,511402_bpc,21.25,26.25,-5.0,9.0,0.8154421258625814
29988,15614,508702_bpc,509202_bpc,47.5,43.5,4.0,-12.0,0.8468768255691792
28117,11608,511201_mpc,511202_bpc,45.0,45.5,-0.5,9.0,0.8621336891116739
12784,820,505802_bpc,506002_bpc,55.75,52.5,3.25,-34.0,0.9359362537650773
28292,24050,513403_mec,511304_cec,36.5,41.75,-5.25,-10.0,0.7201101340742547
29849,4677,507301_mpc,506602_bpc,19.25,0.75,18.5,-5.0,0.9304041437760726
4732,12645,505802_bpc,505502_bpc,33.75,35.25,-1.5,1.0,0.864251342484173
4656,3627,504201_mpc,503301_mpc,32.5,33.25,-0.75,-2.0,0.7456977301396022
7944,20150,501502_bpc,501802_bpc,27.75,22.75,5.0,4.0,0.9129121945498168
7372,14656,504504_cec,504201_mpc,16.25,11.5,4.75,-32.0,0.8565125455052475
4348,29807,506102_bpc,506302_bpc,45.75,48.0,-2.25,0.0,0.9607802440001537
3955,3829,503302_bpc,507601_mpc,36.0,28.0,8.0,-15.0,0.5380391750117636
24412,13014,506302_bpc,506202_bpc,56.75,50.25,6.5,2.0,0.9603931431807589
5299,38121,505901_mpc,506801_mpc,26.75,18.25,8.5,-1.0,0.8807458991661749
30540,38759,503302_bpc,503301_mpc,56.5,66.5,-10.0,-7.0,0.861342795345226
31181,7847,513602_bpc,511202_bpc,10.0,20.25,-10.25,-1.0,0.9287045546538576
11339,10884,511702_bpc,511802_bpc,26.5,16.5,10.0,-32.0,0.9410500876859673
16835,2050,507802_bpc,507702_bpc,28.5,27.75,0.75,11.0,0.9748488188798407
10088,21681,501802_bpc,501502_bpc,39.0,38.5,0.5,-15.0,0.8322366213976046
34221,31822,508701_mpc,509401_mpc,53.75,73.75,-20.0,0.0,0.9173313875869862
21273,25517,506404_cec,506702_bpc,21.5,18.75,2.75,3.0,0.9200573600786807
12836,9997,506201_mpc,506502_bpc,13.25,19.25,-6.0,-20.0,0.9474098115925652
968,3603,514801_mpc,514401_mpc,10.0,4.0,6.0,57.0,0.8689364731388137
16796,35567,506701_mpc,506501_mpc,50.0,66.25,-16.25,8.0,0.8566071007258835
29200,6797,503302_bpc,504201_mpc,26.5,24.75,1.75,1.0,0.8599072902231
17297,18655,513903_mec,513504_cec,0.0,13.75,-13.75,-6.0,0.9453238077892795
39190,25132,507201_mpc,506701_mpc,28.75,25.25,3.5,20.0,0.7795403536560196
11153,109,507002_bpc,506502_bpc,62.5,72.5,-10.0,-3.0,0.9173875903578266
21614,7185,504701_mpc,504904_cec,28.75,23.75,5.0,-9.0,0.857627346277594
33864,25936,505204_cec,505902_bpc,32.5,23.75,8.75,1.0,0.7691865676007111
30170,17173,506501_mpc,506502_bpc,42.0,50.75,-8.75,2.0,0.7209810225469939
21751,21360,505102_bpc,505701_mpc,57.5,61.5,-4.0,6.0,0.9269572180228697
5820,17859,507201_mpc,506404_cec,28.75,21.5,7.25,-10.0,0.7775312061776674
34321,25379,512702_bpc,511304_cec,26.75,21.25,5.5,-6.0,0.8534132498668625
13172,5938,512402_bpc,510102_bpc,22.5,21.25,1.25,-24.0,0.8220824846150485
20050,27954,502701_mpc,502802_bpc,47.5,71.75,-24.25,-14.0,0.7434170568002948
28303,23246,505602_bpc,505102_bpc,30.5,25.25,5.25,-48.0,0.8501520082978928
23647,17522,508903_mec,508402_bpc,15.0,10.0,5.0,-17.0,0.8976311240574267
34677,4468,505802_bpc,505602_bpc,77.25,59.0,18.25,5.0,0.9530134311705681
21958,10391,502201_mpc,501801_mpc,53.75,48.0,5.75,5.0,0.9605210508788691
21243,26865,509401_mpc,508502_bpc,40.25,39.0,1.25,-11.0,0.7305390289864883
7124,37530,513903_mec,513904_cec,20.0,21.75,-1.75,1.0,0.9510567246608034
4171,6460,513601_mpc,508101_mpc,3.5,1.25,2.25,-2.0,0.8898730590382862
15526,22740,503001_mpc,502701_mpc,30.5,29.25,1.25,6.0,0.9594826805345851
2208,3784,507702_bpc,507502_bpc,25.0,23.75,1.25,-1.0,0.9119580792314524
18037,30469,504001_mpc,503801_mpc,43.75,38.75,5.0,2.0,0.7776545508877752
13773,8506,505901_mpc,506001_mpc,23.75,11.25,12.5,-25.0,0.8974757289456406
38752,17759,502004_cec,501601_mpc,29.75,28.75,1.0,31.0,0.8631794889680472
2036,1999,505702_bpc,505102_bpc,40.0,42.5,-2.5,-2.0,0.8921325976363931
37008,4759,513903_mec,514202_bpc,20.25,24.25,-4.0,0.0,0.886975323696389
6041,3705,504504_cec,504401_mpc,50.75,50.0,0.75,-26.442871,0.8936867873069465
32743,1604,505302_bpc,505702_bpc,36.0,33.75,2.25,8.442871,0.9094341849424253
32298,32473,510102_bpc,514002_bpc,23.75,8.75,15.0,8.0,0.8699667380657906
4013,4174,503301_mpc,504503_mec,16.25,13.25,3.0,0.0,0.9595224921482508
27075,12815,511401_mpc,511402_bpc,57.25,50.0,7.25,9.0,0.891471826985848
4974,21865,513103_mec,512901_mpc,39.5,35.5,4.0,3.0,0.7396141978848831
14770,13420,506502_bpc,507301_mpc,50.0,49.0,1.0,12.0,0.9027559295453451
30530,4056,503301_mpc,503201_mpc,62.5,66.25,-3.75,-9.0,0.9602057986541566
6094,12934,509001_mpc,509401_mpc,35.0,39.0,-4.0,-2.0,0.8991230257197383
6885,29846,502201_mpc,501904_cec,37.5,35.25,2.25,3.0,0.8246152277605173
11640,13384,513201_mpc,514301_mpc,95.5,97.75,-2.25,4.0,0.9629079819754051
3058,839,505801_mpc,505302_bpc,36.25,35.0,1.25,24.0,0.5680239884957083
12863,7164,504002_bpc,503904_cec,30.0,23.0,7.0,5.0,0.7698857447840517
7027,5509,503302_bpc,503802_bpc,30.0,24.0,6.0,-21.0,0.8036035124234273
12247,6276,503905_hec,503801_mpc,17.5,22.5,-5.0,-6.0,0.8224191169509869
11740,3264,505701_mpc,505702_bpc,37.25,40.5,-3.25,14.0,0.8622514051356142
2578,3122,507402_bpc,507702_bpc,23.75,15.0,8.75,-6.0,0.9276036829348101
4842,32816,509105_hec,504202_bpc,13.75,11.5,2.25,-30.0,0.8957026581835698
752,35437,514502_bpc,513504_cec,21.25,17.5,3.75,-44.55713,0.9304932699466008
14346,31395,502504_cec,501904_cec,28.75,19.0,9.75,18.442871,0.771123141943952
6419,4012,507701_mpc,507802_bpc,15.25,13.75,1.5,-2.0,0.9646360997861695
22387,5419,502701_mpc,503001_mpc,33.75,31.25,2.5,13.0,0.8450133436064454
31295,11105,509001_mpc,508302_bpc,22.5,16.5,6.0,-7.0,0.9388581016877655
27610,33011,512201_mpc,511902_bpc,18.75,14.0,4.75,-4.0,0.9199430831678328
17611,29433,511401_mpc,511402_bpc,46.25,54.0,-7.75,4.0,0.8969083441642601
24340,14362,514402_bpc,511402_bpc,25.0,26.5,-1.5,17.0,0.895881150471916
22065,24304,503102_bpc,509202_bpc,65.25,95.0,-29.75,-2.0,0.8952046716805765
2171,8042,506302_bpc,504402_bpc,37.75,46.5,-8.75,-11.0,0.5522792106700679
19196,13585,505502_bpc,505101_mpc,28.75,15.0,13.75,25.0,0.6948051455418089
20269,15883,507002_bpc,507302_bpc,22.5,9.0,13.5,10.0,0.9305852769246301
28351,31642,509402_bpc,508401_mpc,30.0,27.75,2.25,27.0,0.8187233925190928
27171,18601,509201_mpc,508301_mpc,71.25,72.5,-1.25,2.0,0.9780499302289211
11360,3327,508402_bpc,509402_bpc,87.75,72.0,15.75,-22.0,0.9782831418802941
18459,12742,502801_mpc,502701_mpc,37.5,50.0,-12.5,0.0,0.6500019996323592
3041,30374,502802_bpc,503002_bpc,40.5,32.5,8.0,-14.0,0.8031135942294804
4328,17981,503302_bpc,503202_bpc,38.75,39.25,-0.5,4.0,0.7340637849525101
8252,23105,514301_mpc,514401_mpc,10.0,19.25,-9.25,-1.0,0.9239095850235625
7236,2524,506601_mpc,508101_mpc,27.5,27.5,0.0,-18.0,0.7721417496552982
3883,14999,509402_bpc,508502_bpc,50.0,57.5,-7.5,9.0,0.9099629231716594
1752,25919,506602_bpc,507202_bpc,35.0,42.5,-7.5,-5.0,0.7702453323676267
19451,14059,502801_mpc,501601_mpc,89.25,105.25,-16.0,4.0,0.9589205465302175
15048,3729,506301_mpc,506302_bpc,46.25,56.5,-10.25,-24.0,0.7324750706592751
28661,11175,514801_mpc,514902_bpc,31.75,30.75,1.0,-5.0,0.8941683943774084
7194,38965,514201_mpc,513704_cec,31.75,17.5,14.25,30.0,0.56107769905779
4207,33967,509501_mpc,508701_mpc,27.5,23.25,4.25,-1.0,0.9209645207579373
5535,8068,504903_mec,504504_cec,26.25,23.75,2.5,4.0,0.8788622086234201
11993,12433,504201_mpc,503801_mpc,47.5,56.5,-9.0,-20.0,0.7817499936925898
20862,2783,515002_bpc,508802_bpc,36.25,42.25,-6.0,-6.0,0.8238844049405383
4710,4381,507602_bpc,507402_bpc,24.25,23.0,1.25,-4.0,0.9919601934359525
2885,5964,502201_mpc,501502_bpc,38.75,43.5,-4.75,-7.0,0.8016810745834425
38217,14653,513503_mec,513403_mec,7.75,4.0,3.75,67.0,0.963764031634979
35650,16464,511801_mpc,511701_mpc,34.25,32.5,1.75,2.0,0.6162016031271023
3556,2288,508002_bpc,508201_mpc,23.75,20.25,3.5,-26.0,0.9564730299521379
14421,10604,512104_cec,513904_cec,17.5,11.25,6.25,-27.0,0.9319245187642009
37806,37804,504504_cec,504701_mpc,48.75,47.25,1.5,-28.0,0.913481179041313
34703,17981,503302_bpc,503202_bpc,41.75,39.25,2.5,-14.0,0.7433016794923176
3571,7054,514901_mpc,514801_mpc,44.75,55.0,-10.25,-12.0,0.8049835853253854
4249,12745,512201_mpc,512401_mpc,45.75,70.0,-24.25,-8.0,0.7868503740557328
285,4972,505602_bpc,505902_bpc,34.0,38.75,-4.75,-1.0,0.8189171600575282
20150,9938,501802_bpc,501502_bpc,22.75,30.0,-7.25,-4.0,0.9186517181118283
4138,10112,508002_bpc,506904_cec,29.0,22.5,6.5,-3.0,0.7791716597931675
21477,16676,502102_bpc,501602_bpc,45.0,51.0,-6.0,-15.442871,0.8255262481896981
15249,16566,506702_bpc,507904_cec,41.25,57.5,-16.25,-17.0,0.597887746782051
23032,7017,503904_cec,503801_mpc,41.5,40.0,1.5,1.0,0.6210089890155761
501,11135,503801_mpc,503802_bpc,43.0,68.75,-25.75,33.0,0.6368315414639738
32209,3903,514601_mpc,514801_mpc,21.75,16.5,5.25,29.0,0.8829854348114868
17611,28117,511401_mpc,511201_mpc,46.25,45.0,1.25,-9.0,0.9405874548588781
27397,20677,503905_hec,502801_mpc,17.25,12.5,4.75,10.0,0.9041030091707134
13127,27329,501802_bpc,501602_bpc,33.5,40.0,-6.5,0.0,0.8104840106107143
38582,31340,505302_bpc,505902_bpc,43.5,39.5,4.0,-9.0,0.851727302242512
11306,27848,514901_mpc,514601_mpc,70.75,91.75,-21.0,12.0,0.9269640035221298
27477,20241,512601_mpc,512602_bpc,44.5,46.25,-1.75,-16.0,0.806656529986884
11328,28480,511303_mec,511202_bpc,30.0,28.75,1.25,-12.0,0.8811606956064237
29041,8338,511802_bpc,514601_mpc,73.75,86.25,-12.5,19.0,0.9274330256005319
27801,24949,514401_mpc,514301_mpc,45.0,59.25,-14.25,4.0,0.8562506726098309
4212,11076,503801_mpc,503904_cec,19.75,19.75,0.0,20.0,0.8904206046921406
13516,25197,505501_mpc,505204_cec,26.25,28.0,-1.75,-11.0,0.8580184141536682
3925,3220,502802_bpc,502702_bpc,34.0,32.75,1.25,-2.0,0.9636003725851089
5021,10780,509002_bpc,508402_bpc,33.5,30.0,3.5,0.0,0.8214526799459722
4466,30982,511801_mpc,511701_mpc,56.0,52.5,3.5,1.0,0.8800000333021559
9032,2972,515002_bpc,509402_bpc,31.5,26.25,5.25,-4.0,0.8127146890637527
11740,2271,505701_mpc,505702_bpc,37.25,33.75,3.5,27.0,0.8457715604104137
6650,17103,507302_bpc,506802_bpc,31.5,37.25,-5.75,-10.0,0.8963367465817249
14828,233,506801_mpc,505701_mpc,31.25,23.75,7.5,28.0,0.9093870971146314
24029,8757,508502_bpc,509002_bpc,39.5,36.5,3.0,-45.0,0.8161811293989909
36422,15892,502702_bpc,502802_bpc,39.0,38.75,0.25,3.0,0.8587473511506944
20609,38960,503202_bpc,503102_bpc,28.75,30.0,-1.25,-4.0,0.7316438202908973
9553,19565,505502_bpc,505101_mpc,83.5,96.5,-13.0,-6.0,0.9494387390013982
18555,11631,505401_mpc,505101_mpc,75.25,60.0,15.25,9.0,0.9621466216722512
35469,4616,509104_cec,509105_hec,21.25,2.0,19.25,0.0,0.8539533350450242
10504,1530,511304_cec,511603_mec,21.25,23.75,-2.5,-34.0,0.8738431282212936
24360,35272,512202_bpc,512201_mpc,56.25,62.0,-5.75,-1.0,0.9570241636112934
30806,23498,512902_bpc,513404_cec,27.5,27.25,0.25,-19.0,0.8424427024844624
31920,28715,505204_cec,505802_bpc,25.0,21.25,3.75,13.0,0.8806678006034674
12012,27084,503802_bpc,504002_bpc,36.25,38.0,-1.75,29.0,0.8232990944527004
38784,16462,514702_bpc,512601_mpc,70.0,98.75,-28.75,-4.0,0.9167137735976298
10538,21727,505801_mpc,505901_mpc,53.75,65.75,-12.0,-28.0,0.9034563693927755
6854,8736,512501_mpc,512701_mpc,36.25,38.0,-1.75,-13.0,0.9589483493891187
4967,12148,504702_bpc,504503_mec,38.0,30.0,8.0,-23.0,0.7425065575103721
31340,390,505902_bpc,505602_bpc,39.5,35.25,4.25,15.0,0.8318372326059735
11904,27955,503601_mpc,503801_mpc,46.25,47.25,-1.0,-5.0,0.8140262638874605
14650,31407,514202_bpc,513903_mec,47.5,50.0,-2.5,-17.0,0.913031307044661
23509,1341,513704_cec,514902_bpc,3.75,3.75,0.0,2.0,0.979112660869511
36279,15905,514501_mpc,511603_mec,50.25,47.5,2.75,22.0,0.8281277575209687
33375,15299,508801_mpc,508501_mpc,16.25,16.5,-0.25,0.0,0.9287932342862919
4096,20019,508301_mpc,508501_mpc,50.0,57.5,-7.5,-1.0,0.9413074714442252
21321,24491,512501_mpc,512502_bpc,32.5,31.5,1.0,-29.0,0.8783957543923295
18144,25585,505902_bpc,505702_bpc,39.75,43.75,-4.0,4.0,0.8125075135848854
34804,38232,505101_mpc,505501_mpc,27.5,26.5,1.0,-11.0,0.9800990093990288
22017,12065,507002_bpc,506702_bpc,31.0,32.25,-1.25,12.0,0.8726186769188037
11593,17380,514901_mpc,514601_mpc,53.0,61.25,-8.25,-1.0,0.9537225157077241
409,17928,515002_bpc,508302_bpc,32.75,27.5,5.25,18.0,0.8555881825015867
6095,24139,507702_bpc,507602_bpc,26.25,17.5,8.75,39.0,0.9246368435081086
1836,7336,513404_cec,512104_cec,18.75,6.0,12.75,28.0,0.9268702814398788
9892,21452,514902_bpc,514802_bpc,31.25,35.0,-3.75,-5.0,0.8621755262952919
24009,20181,502504_cec,506904_cec,32.5,26.25,6.25,-19.0,0.8055187514932727
32164,3366,507601_mpc,507402_bpc,51.25,52.5,-1.25,-3.0,0.9003870834177018
28092,28510,511802_bpc,511801_mpc,43.75,53.25,-9.5,1.0,0.6922093499627149
11714,8417,501802_bpc,501602_bpc,34.0,28.75,5.25,3.0,0.8607852961583538
25721,28334,510101_mpc,512401_mpc,51.75,50.25,1.5,14.0,0.93830764950969
10824,13848,513503_mec,511801_mpc,35.0,35.0,0.0,-7.0,0.7569497766125682
10552,27849,501801_mpc,502101_mpc,85.5,64.25,21.25,-4.0,0.9796864231561634
8706,22068,508501_mpc,508301_mpc,54.25,52.5,1.75,-2.0,0.9587526415037502
7988,28529,511202_bpc,511402_bpc,41.25,51.25,-10.0,6.0,0.8066454079394032
5176,15299,509401_mpc,508501_mpc,20.5,16.5,4.0,2.0,0.9286736227548328
8274,26936,505902_bpc,505602_bpc,57.5,68.75,-11.25,26.442871,0.9507498097599647
17758,8398,505401_mpc,505101_mpc,44.75,43.25,1.5,-17.0,0.9550561001463825
9992,2511,507402_bpc,508002_bpc,46.25,43.75,2.5,24.0,0.7355956580339263
5267,6610,507202_bpc,506201_mpc,15.0,23.75,-8.75,-2.0,0.8605552025319396
17101,35755,506903_mec,506404_cec,13.25,14.25,-1.0,-9.0,0.9387868522122442
3324,18668,508101_mpc,508001_mpc,37.5,38.75,-1.25,5.0,0.9089728902676826
8301,4154,505801_mpc,505402_bpc,40.75,47.0,-6.25,-10.0,0.8359976954298305
25922,17049,503202_bpc,503101_mpc,26.5,21.25,5.25,27.0,0.8240074638366849
30452,7028,508702_bpc,508502_bpc,30.5,30.0,0.5,1.0,0.9596615057230747
35829,1529,513403_mec,513104_cec,82.5,91.25,-8.75,19.0,0.9475436144460376
30001,12121,507201_mpc,506101_mpc,72.25,108.75,-36.5,3.0,0.9311285891949853
22820,6290,502701_mpc,503001_mpc,42.5,39.0,3.5,19.0,0.9307245620674035
19228,28116,502505_hec,502702_bpc,31.25,25.25,6.0,14.0,0.6702833173541403
17658,12860,512902_bpc,512901_mpc,56.25,82.5,-26.25,-5.0,0.9366575370151502
22316,691,508301_mpc,509201_mpc,43.75,43.0,0.75,-25.0,0.8561138354719342
4052,5714,504202_bpc,503102_bpc,37.5,30.0,7.5,3.0,0.7716379641278464
7862,6594,503601_mpc,505701_mpc,39.5,53.75,-14.25,6.0,0.5620984529457117
11087,32794,511201_mpc,511202_bpc,53.25,66.25,-13.0,-16.0,0.8287060984531449
8852,6870,505204_cec,506001_mpc,26.25,25.5,0.75,5.0,0.9380057986771155
22154,28985,509202_bpc,509502_bpc,29.25,27.75,1.5,-11.0,0.9402218643121922
17173,5345,506502_bpc,507002_bpc,50.75,65.0,-14.25,5.0,0.8816923518634514
22627,35515,509501_mpc,509302_bpc,25.25,22.5,2.75,-9.0,0.8704129197983219
10148,23184,503002_bpc,502801_mpc,19.5,21.0,-1.5,-32.0,0.9205404818442385
10323,1762,506601_mpc,506501_mpc,73.0,70.5,2.5,4.0,0.9666803685216904
35829,25572,513403_mec,503001_mpc,82.5,98.75,-16.25,-8.0,0.9424819822698802
3329,4196,508101_mpc,507401_mpc,44.5,48.75,-4.25,0.0,0.7721901841929089
32008,16462,512801_mpc,512601_mpc,69.0,98.75,-29.75,-27.0,0.9160389064634681
33533,20334,511702_bpc,513704_cec,35.25,23.75,11.5,-16.0,0.6558227085626707
22509,8031,506903_mec,502801_mpc,56.75,55.75,1.0,-6.0,0.8824451867182097
30203,12041,503602_bpc,504202_bpc,47.5,50.0,-2.5,30.0,0.8480587920200279
9881,25461,511802_bpc,513103_mec,84.5,100.0,-15.5,17.0,0.9498197235719131
39133,18303,510101_mpc,514901_mpc,42.75,46.75,-4.0,-19.0,0.9000588566416354
30821,25307,514502_bpc,514302_bpc,32.5,20.75,11.75,7.0,0.8307291436240242
18811,15299,508301_mpc,508501_mpc,27.5,16.5,11.0,-20.0,0.891090109059816
22303,31920,505601_mpc,505204_cec,24.0,25.0,-1.0,-47.0,0.9119199468779101
19261,22074,503301_mpc,505102_bpc,58.75,58.75,0.0,15.0,0.9228908925647714
14555,8427,502201_mpc,501601_mpc,58.75,57.5,1.25,-4.0,0.967947511751529
37237,29580,514202_bpc,514001_mpc,26.25,22.5,3.75,4.0,0.9280147927090434
11137,19809,505102_bpc,513602_bpc,6.25,-5.0,11.25,21.0,0.8924176869492693
28574,25579,508702_bpc,508502_bpc,49.5,59.0,-9.5,7.0,0.9416504489879726
13781,3646,506101_mpc,505203_mec,15.0,9.75,5.25,26.0,0.9077137354884331
5155,24593,506801_mpc,506903_mec,28.75,18.0,10.75,14.0,0.8544908026762539
14730,18912,513504_cec,513403_mec,28.75,27.25,1.5,-3.0,0.824582935600428
1830,25074,513404_cec,510102_bpc,52.75,71.5,-18.75,22.0,0.8630977719009588
11610,6441,503301_mpc,502505_hec,12.0,12.5,-0.5,-39.0,0.899078749876247
19812,19527,508701_mpc,509501_mpc,46.25,53.25,-7.0,-3.0,0.8694294842305931
38676,8323,513104_cec,512802_bpc,31.75,1.25,30.5,53.0,0.5798455119135209
16550,33337,501801_mpc,502202_bpc,35.25,33.0,2.25,18.0,0.8177607557593898
37124,27623,514002_bpc,514001_mpc,28.75,9.0,19.75,-0.5571289,0.7449017089111637
16321,16117,513103_mec,513104_cec,32.5,26.25,6.25,-17.0,0.6644614395071919
4263,6954,508903_mec,508501_mpc,26.5,28.75,-2.25,11.0,0.911773231292248
22886,11087,511402_bpc,511201_mpc,56.25,53.25,3.0,20.0,0.8660325096567978
14184,17467,511202_bpc,511603_mec,43.75,50.0,-6.25,-23.0,0.5924864742002899
8455,24751,514501_mpc,514401_mpc,36.5,28.75,7.75,-35.0,0.863142104942309
20890,18051,511901_mpc,512201_mpc,57.5,52.75,4.75,13.0,0.9584793105683544
13985,15822,508201_mpc,507501_mpc,51.25,54.0,-2.75,15.0,0.9611106088902756
28256,4952,512702_bpc,512602_bpc,34.0,28.75,5.25,-18.0,0.796708058214328
20183,12851,514701_mpc,514902_bpc,37.5,43.75,-6.25,-1.0,0.7946589985349912
13602,19485,506404_cec,506904_cec,20.25,21.5,-1.25,26.442871,0.989135116702844
20391,8653,505801_mpc,505301_mpc,43.0,37.0,6.0,19.0,0.8000135824977422
26300,7875,512901_mpc,513103_mec,17.75,15.0,2.75,21.0,0.9637928927700035
8601,5104,508202_bpc,507701_mpc,23.75,21.0,2.75,17.0,0.9120341536162674
21436,24054,501903_mec,502004_cec,16.25,16.25,0.0,-10.557129,0.8876285451599196
32033,30792,509001_mpc,509301_mpc,39.0,40.0,-1.0,-13.0,0.7323746079303408
10241,19864,508701_mpc,509401_mpc,14.75,20.75,-6.0,3.0,0.9672782255493508
18303,9416,514901_mpc,514702_bpc,46.75,42.75,4.0,31.0,0.8234964450150376
27692,10824,511801_mpc,513503_mec,37.5,35.0,2.5,6.0,0.6834334615077271
4435,600,512702_bpc,512601_mpc,33.75,35.0,-1.25,-7.0,0.777974011916111
30441,24434,504701_mpc,504904_cec,31.25,29.0,2.25,-4.0,0.8306685930595122
6740,23713,504503_mec,508903_mec,22.75,19.0,3.75,13.0,0.826424998298441
9271,2007,511902_bpc,512402_bpc,50.0,61.0,-11.0,28.0,0.8873845525736073
5091,15023,507904_cec,507502_bpc,41.5,52.75,-11.25,8.0,0.7189943191973652
7239,18835,514302_bpc,514002_bpc,25.0,23.0,2.0,20.0,0.9295569439066029
4865,15480,507002_bpc,506501_mpc,16.5,25.75,-9.25,-8.0,0.8366518676840053
33422,14399,511202_bpc,511304_cec,26.5,7.5,19.0,-1.0,0.8444234187315385
19021,2249,509402_bpc,509202_bpc,48.25,44.0,4.25,3.0,0.8996984998067034
23192,3687,514901_mpc,514602_bpc,28.75,27.5,1.25,-63.0,0.9270541280378187
30540,15086,503302_bpc,503102_bpc,56.5,55.5,1.0,-4.0,0.9239080743322992
3541,14952,503904_cec,503202_bpc,20.0,21.0,-1.0,-39.0,0.8647679261566873
23668,11541,512202_bpc,512402_bpc,44.5,48.5,-4.0,5.0,0.752965224819976
20424,3478,503002_bpc,502505_hec,1.25,4.5,-3.25,-15.0,0.9559621679999554
25906,14605,510101_mpc,512201_mpc,70.0,74.5,-4.5,6.0,0.984340754177762
13524,18282,515001_mpc,508401_mpc,28.75,22.75,6.0,13.0,0.8506164138143941
33536,24339,512401_mpc,511902_bpc,83.25,70.0,13.25,45.0,0.9695627292598471
8640,16985,502005_hec,501602_bpc,58.25,87.25,-29.0,-7.0,0.8721269240565903
2655,26865,508401_mpc,508502_bpc,39.75,39.0,0.75,-23.0,0.8016351276693905
6295,5977,507904_cec,509501_mpc,63.75,101.25,-37.5,-1.0,0.8842618369973855
5085,2254,508402_bpc,509002_bpc,47.5,41.5,6.0,18.0,0.8167368078234769
16146,8396,501602_bpc,501802_bpc,53.75,57.5,-3.75,-29.0,0.9705009559901958
21927,28876,506701_mpc,507302_bpc,24.5,19.0,5.5,42.0,0.9022219357008469
29641,25604,506302_bpc,507001_mpc,59.25,72.5,-13.25,4.0,0.9438951194907897
29874,35080,506404_cec,507001_mpc,21.25,23.75,-2.5,2.0,0.8307186255726446
5611,14425,506802_bpc,506502_bpc,67.5,73.5,-6.0,7.0,0.9151498379457981
37508,8044,510102_bpc,513903_mec,11.75,15.0,-3.25,0.0,0.9687458895086618
15315,18448,505204_cec,503904_cec,31.25,26.5,4.75,19.0,0.8513712597828055
1335,755,504702_bpc,504401_mpc,59.0,66.25,-7.25,-5.0,0.9321030888010026
14319,19267,512201_mpc,510101_mpc,61.25,52.5,8.75,-26.0,0.9498428658771013
37999,5468,506702_bpc,506602_bpc,45.0,43.0,2.0,-6.0,0.8784503014774072
16626,22374,507201_mpc,506501_mpc,51.25,51.25,0.0,-1.0,0.9579785544284918
16931,812,511604_cec,511402_bpc,31.25,17.5,13.75,1.0,0.7500659812240037
597,7539,503801_mpc,503202_bpc,58.75,90.0,-31.25,3.0,0.887398922199781
11391,24369,512402_bpc,510102_bpc,46.5,68.0,-21.5,-1.0,0.8099152453567562
15323,7386,503802_bpc,503101_mpc,52.25,63.0,-10.75,11.0,0.8224252698228685
2159,9055,503302_bpc,503202_bpc,44.5,57.5,-13.0,-5.0,0.7348532540022168
32008,13810,512801_mpc,512802_bpc,69.0,55.0,14.0,-7.0,0.9469817327348062
5478,24151,514902_bpc,514802_bpc,22.5,18.75,3.75,-22.0,0.967439957259309
38271,23960,508802_bpc,509502_bpc,38.75,52.75,-14.0,25.0,0.618243519709982
31627,37905,514802_bpc,514702_bpc,30.0,13.75,16.25,56.0,0.8267906097965536
19962,24034,514301_mpc,514302_bpc,34.25,31.25,3.0,8.0,0.7284324335811363
6766,7386,503601_mpc,503101_mpc,57.0,63.0,-6.0,-12.0,0.9142556403336051
16886,1432,501904_cec,501903_mec,26.25,16.0,10.25,6.0,0.8142421310207544
2069,33044,509201_mpc,509202_bpc,52.5,48.5,4.0,15.0,0.8859925023140962
30792,24261,509301_mpc,515001_mpc,40.0,39.25,0.75,8.0,0.8599298048826324
4371,6050,507802_bpc,507602_bpc,27.75,13.75,14.0,32.0,0.8487787210816561
8480,4076,507601_mpc,507904_cec,21.25,15.75,5.5,-6.0,0.953522688483787
9954,34804,505501_mpc,505101_mpc,35.25,27.5,7.75,12.0,0.8659382256857321
27070,3946,512601_mpc,512501_mpc,36.25,28.75,7.5,-2.0,0.8265547966868656
6752,3521,508101_mpc,507802_bpc,7.5,11.75,-4.25,-35.0,0.981067620606738
23974,8517,512801_mpc,513103_mec,8.25,18.75,-10.5,5.0,0.9428574125143083
7773,18258,510102_bpc,513202_bpc,21.25,24.25,-3.0,3.0,0.9608512574381246
4149,21647,504702_bpc,504402_bpc,46.25,60.0,-13.75,-12.0,0.8210896817082718
13662,3093,505501_mpc,505701_mpc,55.0,80.0,-25.0,6.0,0.9276271105253102
5313,4074,507601_mpc,507701_mpc,17.0,15.0,2.0,11.0,0.9857300704549581
2214,27324,503302_bpc,503102_bpc,40.0,46.25,-6.25,-21.0,0.626706265948214
20376,2026,505901_mpc,505602_bpc,12.75,14.25,-1.5,-21.0,0.8597199072298208
24305,5440,512901_mpc,512801_mpc,26.75,9.75,17.0,-14.0,0.8675292123688707
8444,18878,505902_bpc,505102_bpc,37.75,35.75,2.0,-14.0,0.8363623378526527
20914,18842,507401_mpc,502101_mpc,50.0,66.5,-16.5,-1.0,0.738099004820902
39035,4975,509001_mpc,515001_mpc,39.0,37.5,1.5,-13.0,0.7890631113809843
23497,23151,503904_cec,503602_bpc,30.0,29.75,0.25,-11.0,0.718707043978221
7495,5470,507801_mpc,508101_mpc,32.5,28.5,4.0,-2.0,0.8509185204862278
19431,5818,504504_cec,504503_mec,30.0,25.0,5.0,36.0,0.6818456083888161
19518,24954,504201_mpc,502505_hec,26.25,11.25,15.0,-32.0,0.7708321992867394
36633,5640,503802_bpc,503102_bpc,34.25,28.75,5.5,-3.0,0.7555571729456022
8674,24651,514802_bpc,514902_bpc,17.5,7.75,9.75,-5.0,0.9567746565977702
10612,22263,505601_mpc,505501_mpc,46.25,47.25,-1.0,-4.0,0.8673570461174794
12452,31911,505702_bpc,505401_mpc,72.5,75.0,-2.5,-11.0,0.9382708741145246
9540,10021,514501_mpc,514301_mpc,38.75,46.25,-7.5,-6.0,0.7826924054715455
20129,37315,514802_bpc,511402_bpc,13.75,1.25,12.5,22.0,0.8451017134426752
27358,17844,511304_cec,512201_mpc,37.25,38.5,-1.25,7.0,0.6616071769233396
20493,13545,513104_cec,512901_mpc,77.5,102.5,-25.0,6.0,0.9404361410674029
25551,12064,508101_mpc,507501_mpc,61.25,58.75,2.5,-5.0,0.9222713295305145
18801,5874,509401_mpc,509001_mpc,16.25,18.75,-2.5,-14.0,0.9373617185066788
20607,23852,512902_bpc,512702_bpc,58.75,57.5,1.25,-11.0,0.949484570528558
19401,1757,508001_mpc,508101_mpc,34.5,36.25,-1.75,4.0,0.8377753374238748
13348,5005,505701_mpc,505301_mpc,46.25,37.5,8.75,11.0,0.8083946538247525
32038,4819,506202_bpc,506302_bpc,51.25,58.75,-7.5,0.0,0.8716464850500175
28605,27753,508302_bpc,508701_mpc,63.0,65.5,-2.5,-19.0,0.9414425097977505
34556,3276,504002_bpc,503802_bpc,36.25,42.5,-6.25,2.0,0.729637248575221
22069,11800,507002_bpc,506602_bpc,24.25,15.5,8.75,-15.0,0.7709599999923425
3468,35502,507002_bpc,507202_bpc,39.5,37.5,2.0,-3.0,0.8375225644810227
16864,6280,504001_mpc,506101_mpc,39.0,50.0,-11.0,-23.0,0.5117488651304103
34960,9134,511801_mpc,511802_bpc,34.5,25.0,9.5,-35.0,0.7179531269363774
21104,6008,504202_bpc,503202_bpc,33.5,39.0,-5.5,-4.0,0.805560095315614
12382,3318,505301_mpc,505801_mpc,40.75,38.75,2.0,33.0,0.8370287722253753
2219,10634,506701_mpc,507001_mpc,50.0,58.75,-8.75,-30.0,0.9350601609290001
6451,16276,508802_bpc,509502_bpc,48.75,45.5,3.25,5.0,0.8995828990584169
1690,21416,506404_cec,506702_bpc,4.0,19.75,-15.75,4.0,0.9346168074668846
4815,10519,503905_hec,503302_bpc,13.5,27.0,-13.5,9.0,0.8718260277315778
3012,3675,508102_bpc,507802_bpc,32.5,27.5,5.0,0.0,0.8362691955000321
14354,4633,514402_bpc,514501_mpc,41.5,39.0,2.5,28.0,0.7242250994305105
9711,3729,506202_bpc,506302_bpc,68.5,56.5,12.0,7.0,0.9663325022336545
20562,4479,504002_bpc,503102_bpc,35.0,26.25,8.75,4.0,0.7313644184228758
20011,24701,514202_bpc,513601_mpc,35.25,43.75,-8.5,-5.0,0.678421382474673
3182,25904,501904_cec,501502_bpc,35.25,36.75,-1.5,-20.0,0.8041412401661038
13428,21638,508302_bpc,508502_bpc,28.75,31.5,-2.75,17.0,0.8347125318270249
18650,26681,514902_bpc,514702_bpc,32.25,32.75,-0.5,22.0,0.8120329002422912
31516,7769,512104_cec,514602_bpc,40.0,46.25,-6.25,13.0,0.7440291549840882
19757,14191,506904_cec,506404_cec,22.5,11.25,11.25,1.0,0.910437246342458
22332,21212,512701_mpc,512501_mpc,51.25,58.5,-7.25,8.0,0.8312275715388384
28594,27989,514901_mpc,514601_mpc,56.25,76.25,-20.0,-24.0,0.9293614636771508
7057,3431,515002_bpc,506102_bpc,43.25,49.75,-6.5,-10.0,0.8966486491773915
3605,11781,508102_bpc,508202_bpc,30.0,34.75,-4.75,6.0,0.9215248903388037
38731,6954,508801_mpc,508501_mpc,32.5,28.75,3.75,-17.0,0.8583146375353001
6578,18825,511902_bpc,512402_bpc,17.75,8.0,9.75,-12.0,0.9765267328434416
34556,36633,504002_bpc,503802_bpc,36.25,34.25,2.0,7.0,0.8036897330850052
22550,13086,502801_mpc,503001_mpc,30.0,31.25,-1.25,-7.0,0.9605295537657593
34556,19432,504002_bpc,503602_bpc,36.25,40.25,-4.0,-2.0,0.6918444892962444
7438,31761,505501_mpc,506302_bpc,10.0,3.75,6.25,-3.0,0.9460768250726042
26349,20582,507801_mpc,507601_mpc,26.5,13.75,12.75,56.0,0.9100802248708411
5470,34088,508101_mpc,507701_mpc,28.5,20.0,8.5,32.0,0.8873315514962891
6006,6933,512502_bpc,512701_mpc,26.25,31.5,-5.25,-15.0,0.8797243901496319
15822,4980,507501_mpc,507401_mpc,54.0,60.25,-6.25,-15.0,0.954244505426746
19000,39002,513602_bpc,514002_bpc,8.75,-2.25,11.0,53.0,0.9777287908550918
15271,26618,504904_cec,504503_mec,26.5,29.75,-3.25,40.0,0.8405044346769196
11039,13822,509301_mpc,508501_mpc,27.75,30.0,-2.25,15.0,0.8713358515067481
10864,37207,513903_mec,514002_bpc,22.5,20.0,2.5,-13.0,0.9341785593397236
34282,5456,513103_mec,512901_mpc,31.25,17.0,14.25,-13.0,0.7779143431891256
33967,20038,508701_mpc,509104_cec,23.25,23.25,0.0,-2.0,0.8902547106606775
23324,9032,508802_bpc,515002_bpc,30.0,31.5,-1.5,9.0,0.8995412818111855
19215,7840,501802_bpc,501502_bpc,45.75,49.5,-3.75,-12.0,0.9131183812608588
15099,38921,504903_mec,504504_cec,22.5,26.75,-4.25,9.0,0.9351679877213929
29972,11039,508801_mpc,509301_mpc,33.75,27.75,6.0,-11.0,0.6562681793038561
1604,8962,505702_bpc,505302_bpc,33.75,35.0,-1.25,-8.442871,0.8380745508662948
37573,19527,515001_mpc,509501_mpc,55.5,53.25,2.25,-6.0,0.9229285395667687
8870,536,514402_bpc,514502_bpc,10.25,8.75,1.5,37.0,0.9162413655417629
19558,5851,509105_hec,508401_mpc,2.0,10.0,-8.0,-8.0,0.9728335794613714
3627,15803,503301_mpc,504001_mpc,33.25,35.0,-1.75,-3.0,0.7150236271090835
10027,3487,505702_bpc,505602_bpc,55.75,54.25,1.5,-4.0,0.9171611655681383
279,10362,509402_bpc,509001_mpc,39.25,36.25,3.0,24.0,0.7552028978240262
3960,19068,506904_cec,506404_cec,7.5,17.75,-10.25,-14.0,0.9534455695524231
15514,8502,509301_mpc,515002_bpc,44.0,47.0,-3.0,5.0,0.8016043702862132
30764,23575,505402_bpc,505401_mpc,35.0,37.5,-2.5,-14.0,0.7405227122978927
28769,2271,505701_mpc,505702_bpc,30.0,33.75,-3.75,-10.0,0.8700729510831939
5207,10423,505902_bpc,505501_mpc,28.0,30.0,-2.0,-12.0,0.8678848565116559
19541,6781,502202_bpc,501602_bpc,54.5,54.25,0.25,-2.0,0.959250299910321
20302,22156,507302_bpc,507002_bpc,28.5,25.0,3.5,15.0,0.9183731729780897
12934,6653,509401_mpc,508301_mpc,39.0,36.25,2.75,23.0,0.7379612206256061
18187,10401,513104_cec,513503_mec,15.0,9.75,5.25,-25.0,0.8525703721735115
11779,31,505802_bpc,505302_bpc,48.75,50.0,-1.25,13.0,0.9310016195122407
13326,14555,502101_mpc,502201_mpc,51.25,58.75,-7.5,-9.0,0.882069558354978
5955,12324,507801_mpc,508904_cec,25.0,18.75,6.25,10.0,0.7983192703361942
27523,16651,508903_mec,502505_hec,11.25,11.5,-0.25,24.0,0.8804697724496513
10780,5021,508402_bpc,509002_bpc,30.0,33.5,-3.5,0.0,0.8214526799459722
15822,13511,507501_mpc,508101_mpc,54.0,71.25,-17.25,-10.0,0.9449219435583301
31194,4171,513504_cec,513601_mpc,15.0,3.5,11.5,13.0,0.9726980384003607
7286,19681,509302_bpc,508402_bpc,54.75,50.25,4.5,3.0,0.9224075987350964
9035,12152,504202_bpc,503905_hec,32.0,22.75,9.25,-20.0,0.7495205600321744
20366,4171,513704_cec,513601_mpc,14.5,3.5,11.0,-3.0,0.8702358496260104
4320,31859,504002_bpc,503202_bpc,25.5,12.75,12.75,-33.0,0.9048951086376613
6481,2047,508202_bpc,508102_bpc,33.75,29.0,4.75,1.0,0.9115272420885785
13043,17988,506002_bpc,505601_mpc,26.25,26.25,0.0,1.0,0.8928446258866212
16526,7413,513601_mpc,513404_cec,40.25,48.75,-8.5,-8.0,0.5162400443432783
29431,16651,501904_cec,502505_hec,21.25,11.5,9.75,17.0,0.8313837790375567
24214,12744,508302_bpc,509202_bpc,36.0,33.0,3.0,-14.0,0.9089550256063309
5234,18989,512702_bpc,514902_bpc,38.75,42.0,-3.25,-6.0,0.5489623428461236
5491,30902,512202_bpc,512201_mpc,53.25,52.75,0.5,-6.557129,0.9171816083759377
8900,6129,513601_mpc,511801_mpc,46.25,57.0,-10.75,-10.0,0.9080408037744245
17065,30464,508502_bpc,508302_bpc,66.75,58.75,8.0,22.0,0.9789261560736162
35878,29349,514301_mpc,514501_mpc,45.0,66.25,-21.25,12.0,0.7485241913994769
13986,6644,501602_bpc,501801_mpc,18.25,27.5,-9.25,2.0,0.9098986667934245
30249,7414,501602_bpc,501802_bpc,28.5,25.75,2.75,-16.0,0.9110461031444583
8800,20395,505802_bpc,505602_bpc,15.5,26.25,-10.75,19.0,0.9243771617885823
18488,3389,507904_cec,507701_mpc,41.25,48.25,-7.0,10.0,0.6225222817384397
20072,15096,507301_mpc,506601_mpc,29.75,18.0,11.75,-18.0,0.8701230702566889
2752,764,514501_mpc,514402_bpc,86.25,78.75,7.5,-17.0,0.979683688308486
14848,21487,506302_bpc,506904_cec,30.0,25.5,4.5,9.0,0.5861352660515318
6982,16863,502202_bpc,501602_bpc,46.0,42.25,3.75,-4.0,0.9490402373731011
3917,19152,509104_cec,508904_cec,21.25,16.25,5.0,-7.0,0.8586538277622446
20188,23324,515002_bpc,508802_bpc,37.75,30.0,7.75,0.0,0.7868180670308704
16662,3484,506404_cec,506904_cec,12.75,6.25,6.5,21.0,0.9331560368015419
4036,7318,508502_bpc,508402_bpc,72.5,62.5,10.0,12.0,0.9517144841294184
8178,5509,503302_bpc,503802_bpc,23.25,24.0,-0.75,-15.0,0.8759538404630823
12038,29953,505101_mpc,509105_hec,30.0,12.5,17.5,20.0,0.7072719789586285
5196,18801,508401_mpc,509401_mpc,28.0,16.25,11.75,14.0,0.8244894294001517
31049,23843,505203_mec,502005_hec,30.25,11.75,18.5,8.442871,0.6703341469645928
12343,7209,514202_bpc,514201_mpc,35.0,30.0,5.0,-21.0,0.8677449456004764
3853,4847,503904_cec,507904_cec,14.25,17.5,-3.25,-11.0,0.9190251034289793
81,27477,512701_mpc,512601_mpc,42.5,44.5,-2.0,-6.0,0.8121656563000975
20016,11159,504904_cec,505402_bpc,23.25,5.0,18.25,5.0,0.8723265566343277
10027,34794,505702_bpc,505602_bpc,55.75,79.5,-23.75,-2.0,0.9149252483220822
14350,13302,512202_bpc,512104_cec,30.0,26.5,3.5,11.0,0.7739581636984493
24865,1250,508501_mpc,504002_bpc,33.75,26.25,7.5,12.0,0.790818871326038
14372,19607,502102_bpc,501502_bpc,41.25,38.75,2.5,12.0,0.9077206125850097
4154,820,505402_bpc,506002_bpc,47.0,52.5,-5.5,9.0,0.9153760445899946
20400,37124,513602_bpc,514002_bpc,32.75,28.75,4.0,17.0,0.6982250078516037
33274,4690,509201_mpc,515001_mpc,65.5,57.0,8.5,9.0,0.971246697854197
27683,1355,506801_mpc,506802_bpc,33.75,36.5,-2.75,-9.0,0.6867706061052763
15435,882,509104_cec,506102_bpc,60.0,60.0,0.0,-2.0,0.9425164580097466
15047,30343,509201_mpc,509301_mpc,22.5,6.25,16.25,22.0,0.9026402996241113
24054,31395,502004_cec,501904_cec,16.25,19.0,-2.75,0.0,0.9311214073652074
38692,12511,505204_cec,505401_mpc,21.5,20.75,0.75,-23.0,0.9163039196129253
13985,4405,508201_mpc,507501_mpc,51.25,61.25,-10.0,4.0,0.8942382386780654
20914,8409,507401_mpc,501502_bpc,50.0,44.0,6.0,0.0,0.7554497272820657
39360,1930,503202_bpc,505802_bpc,82.5,93.75,-11.25,5.0,0.9441727799104787
22662,12742,502801_mpc,502701_mpc,51.25,50.0,1.25,5.0,0.9474455546603437
12090,16989,510102_bpc,512201_mpc,38.75,42.25,-3.5,23.0,0.8005716174897256
15490,4472,502702_bpc,503002_bpc,43.75,44.0,-0.25,6.0,0.8192170484286388
12940,5087,514602_bpc,514802_bpc,26.25,16.25,10.0,35.0,0.8981937805597981
10516,18555,505601_mpc,505401_mpc,65.0,75.25,-10.25,-23.0,0.980031280907576
18616,4977,511701_mpc,512802_bpc,25.0,17.75,7.25,13.0,0.7748648875049757
13585,36641,505101_mpc,505701_mpc,15.0,6.75,8.25,25.0,0.8862225310401604
1930,31563,505802_bpc,505501_mpc,93.75,72.5,21.25,-5.0,0.964349451994808
4536,35593,509301_mpc,508701_mpc,48.75,75.0,-26.25,-15.0,0.7536470186263213
3312,21273,506801_mpc,506404_cec,17.5,21.5,-4.0,14.0,0.9367650410298555
22620,16953,506301_mpc,506201_mpc,69.0,55.0,14.0,-1.0,0.968293528461711
2558,8217,505101_mpc,505102_bpc,52.5,49.75,2.75,4.0,0.8752324822382793
7899,20183,514801_mpc,514701_mpc,36.25,37.5,-1.25,-1.0,0.9217016973887199
8734,30770,506802_bpc,507202_bpc,22.5,10.75,11.75,1.0,0.9168238458161808
19621,111,511304_cec,511202_bpc,18.0,4.25,13.75,-18.0,0.8663310781113839
28786,5000,512901_mpc,507501_mpc,76.25,100.25,-24.0,-6.0,0.9354275658539767
1432,6441,501903_mec,502505_hec,16.0,12.5,3.5,3.0,0.9198718228800025
10025,17611,511201_mpc,511401_mpc,45.0,46.25,-1.25,4.0,0.897027445304107
8271,21251,507001_mpc,506801_mpc,31.25,30.0,1.25,-14.0,0.7636858116254239
12012,38667,503802_bpc,503202_bpc,36.25,38.75,-2.5,-5.0,0.8461213225348845
30844,35080,506601_mpc,507001_mpc,32.25,23.75,8.5,14.0,0.7907156596666228
27753,3809,508701_mpc,508401_mpc,65.5,65.0,0.5,6.0,0.9484071133401982
5179,6050,507904_cec,507602_bpc,15.0,13.75,1.25,16.0,0.9293144627082245
12115,20497,507302_bpc,506502_bpc,51.5,43.75,7.75,15.0,0.8800085946910897
33287,1534,513704_cec,514602_bpc,24.25,8.75,15.5,-18.0,0.8973831738672442
33471,15404,506301_mpc,506101_mpc,14.25,8.75,5.5,0.0,0.9586471983268351
10338,4525,503301_mpc,503101_mpc,40.0,45.25,-5.25,-4.0,0.9097551838713251
5231,15280,503001_mpc,502504_cec,20.25,22.5,-2.25,4.0,0.91091745021036
23585,12440,505101_mpc,506001_mpc,10.0,19.25,-9.25,12.0,0.9245763779943954
7862,7792,503601_mpc,502505_hec,39.5,39.5,0.0,10.0,0.8850929515313628
28733,7958,512104_cec,511901_mpc,25.25,28.75,-3.5,-3.0,0.8671501536155308
28437,3585,512802_bpc,514402_bpc,6.5,1.0,5.5,-3.0,0.8937309215693073
6849,9881,511801_mpc,511802_bpc,48.75,84.5,-35.75,-8.0,0.8183623000119145
21715,2524,506701_mpc,508101_mpc,26.75,27.5,-0.75,12.0,0.8767262701030418
2377,10516,506001_mpc,505601_mpc,76.25,65.0,11.25,18.0,0.9672233162210431
15789,6933,512601_mpc,512701_mpc,35.25,31.5,3.75,5.0,0.9200773645796927
1433,6876,507904_cec,507701_mpc,11.25,15.5,-4.25,-37.0,0.9332001670908626
3512,39140,508201_mpc,507801_mpc,46.25,61.25,-15.0,-14.0,0.8431465207696327
10900,23181,511303_mec,511604_cec,14.0,16.25,-2.25,36.0,0.9177959845887933
25096,2170,503201_mpc,508702_bpc,39.0,47.5,-8.5,16.0,0.6287805003351311
1259,19517,502801_mpc,502505_hec,12.25,25.25,-13.0,-18.0,0.8649770576279234
4328,11097,503302_bpc,503602_bpc,38.75,41.75,-3.0,16.0,0.6872239573702323
31143,14059,513104_cec,501601_mpc,60.5,105.25,-44.75,-21.0,0.8613003448014767
19864,12324,509401_mpc,508904_cec,20.75,18.75,2.0,-20.0,0.894051468782795
3396,22548,513504_cec,512104_cec,7.5,8.75,-1.25,30.0,0.9273322932356026
28400,2755,507801_mpc,507401_mpc,34.25,31.25,3.0,-4.0,0.8481587932027915
2733,3605,507602_bpc,508102_bpc,32.5,30.0,2.5,-3.0,0.6801842436521027
24214,15218,508302_bpc,508502_bpc,36.0,30.0,6.0,-21.0,0.861585387930437
34937,21121,511603_mec,511401_mpc,24.25,16.25,8.0,-5.0,0.8035057351463594
38,33944,505204_cec,506002_bpc,17.5,10.0,7.5,-42.0,0.8522530225821514
10195,27084,503102_bpc,504002_bpc,46.0,38.0,8.0,7.0,0.8317028061646631
34791,28605,508802_bpc,508302_bpc,54.25,63.0,-8.75,17.0,0.8941077086581033
27801,10021,514401_mpc,514301_mpc,45.0,46.25,-1.25,24.0,0.9220881600600132
9751,4069,508202_bpc,507802_bpc,31.25,28.25,3.0,-14.0,0.9494105313788304
14441,23682,506201_mpc,506202_bpc,55.0,61.0,-6.0,-5.0,0.9556540807054537
32288,19809,506302_bpc,513602_bpc,8.75,-5.0,13.75,42.0,0.8812506214120424
30673,24853,508301_mpc,509401_mpc,84.75,63.75,21.0,9.0,0.9685721172627735
16222,21470,511402_bpc,511401_mpc,56.25,56.25,0.0,5.0,0.9153753291464289
32224,14103,511604_cec,510102_bpc,47.75,50.0,-2.25,15.0,0.7620065221191646
17065,5372,508502_bpc,508802_bpc,66.75,81.75,-15.0,-13.0,0.9673893827065589
2669,23998,507002_bpc,506602_bpc,37.5,30.25,7.25,-20.0,0.784632547106654
30154,15225,508201_mpc,507401_mpc,45.0,46.5,-1.5,-11.0,0.8727371043502694
27174,20986,505502_bpc,505902_bpc,72.5,71.25,1.25,-10.0,0.9914990083119353
19570,5602,505602_bpc,505502_bpc,63.75,85.5,-21.75,-4.0,0.9564178902756262
33036,6514,509502_bpc,509302_bpc,48.75,65.25,-16.5,-47.0,0.8774863681433868
5079,15213,505801_mpc,505601_mpc,71.25,85.75,-14.5,3.0,0.9830371839657047
33533,15767,511702_bpc,511802_bpc,35.25,25.0,10.25,2.0,0.779126570500168
17557,14555,502101_mpc,502201_mpc,48.25,58.75,-10.5,8.0,0.9125367932041866
6752,3449,508101_mpc,507904_cec,7.5,15.0,-7.5,-23.0,0.9753048551967172
10349,8662,508201_mpc,508001_mpc,68.5,52.5,16.0,0.0,0.9168781886882525
2418,3725,507602_bpc,508002_bpc,41.0,38.75,2.25,4.0,0.812464496612845
27329,33717,501602_bpc,501801_mpc,40.0,40.0,0.0,-3.0,0.8157262143424644
16524,3616,514201_mpc,511702_bpc,20.0,20.0,0.0,-8.0,0.8961298338810827
10387,9526,513403_mec,513704_cec,21.25,20.0,1.25,13.0,0.9120233845047043
30553,36356,511401_mpc,513201_mpc,65.0,100.25,-35.25,-6.0,0.9061214082313069
6452,7125,508402_bpc,509401_mpc,42.0,41.25,0.75,1.0,0.797711718558826
7935,2270,504904_cec,504504_cec,23.75,16.25,7.5,4.0,0.8533767158248164
16475,10511,507801_mpc,507602_bpc,45.0,57.0,-12.0,-26.442871,0.7408361855420252
3237,9415,502004_cec,502201_mpc,29.5,31.75,-2.25,4.0,0.8565852277028307
2853,8908,508501_mpc,508701_mpc,30.0,31.5,-1.5,31.0,0.8804556953207885
17520,17891,505901_mpc,506001_mpc,36.25,32.5,3.75,11.0,0.7320352436120781
3086,11035,507501_mpc,508102_bpc,27.5,22.75,4.75,-10.0,0.8772585958017719
10110,6507,505204_cec,506904_cec,8.75,10.0,-1.25,-22.0,0.9016431287900128
5601,2661,504504_cec,507904_cec,24.0,4.75,19.25,11.0,0.8097766672100898
8166,882,506101_mpc,506102_bpc,54.0,60.0,-6.0,-10.0,0.9212291534717351
15180,17522,504001_mpc,508402_bpc,4.5,10.0,-5.5,-17.0,0.9203938483177088
6242,23470,501802_bpc,502102_bpc,28.5,32.25,-3.75,11.0,0.9018039320817727
4128,10280,502505_hec,501903_mec,8.75,17.0,-8.25,12.0,0.9376340317378012
28905,4184,505802_bpc,505601_mpc,59.0,80.0,-21.0,-15.0,0.9296629691346896
24600,4624,507401_mpc,503802_bpc,38.75,35.0,3.75,13.0,0.6751030840892542
29115,4331,509202_bpc,508502_bpc,57.5,65.0,-7.5,-3.0,0.9697448907952322
12916,7166,502802_bpc,502702_bpc,32.5,29.0,3.5,0.0,0.9567630849872713
10280,1927,501903_mec,502505_hec,17.0,11.25,5.75,-32.0,0.9242400952749728
19076,35873,508802_bpc,508801_mpc,53.75,85.75,-32.0,5.0,0.8938949873551743
29052,34284,505802_bpc,506002_bpc,44.75,46.25,-1.5,-15.0,0.8745588581396098
29555,28594,514801_mpc,514901_mpc,65.25,56.25,9.0,20.0,0.9232628598375544
3243,36417,502802_bpc,503002_bpc,43.75,53.75,-10.0,26.0,0.8024261568658279
4504,24048,505204_cec,505203_mec,32.25,27.75,4.5,15.0,0.7924720050246233
6897,9015,503905_hec,504201_mpc,1.0,17.75,-16.75,25.0,0.9116031482511098
24261,27029,515001_mpc,508801_mpc,39.25,40.5,-1.25,0.0,0.8164007232462142
14282,5851,508501_mpc,508401_mpc,3.75,10.0,-6.25,-67.0,0.900261107627217
12144,5704,511201_mpc,511701_mpc,65.25,71.25,-6.0,0.0,0.9231031031949066
19418,9398,505302_bpc,505802_bpc,49.0,45.0,4.0,1.4428711,0.8984298141947246
17771,37478,508101_mpc,507801_mpc,27.5,25.25,2.25,-12.0,0.972058927285225
32775,7415,506404_cec,503001_mpc,30.25,19.0,11.25,-12.0,0.749056525322425
4946,3749,504401_mpc,504701_mpc,57.5,79.0,-21.5,9.0,0.9335302918510936
16571,13128,511702_bpc,511802_bpc,35.25,40.0,-4.75,14.0,0.8089358215081361
5773,2030,505402_bpc,505801_mpc,60.75,81.25,-20.5,-6.0,0.9333920024599224
13545,11201,512901_mpc,512902_bpc,102.5,76.75,25.75,-4.0,0.9774464024324734
16321,19563,513103_mec,514801_mpc,32.5,26.5,6.0,-22.0,0.6552638156113902
5849,17240,514302_bpc,514501_mpc,23.25,19.75,3.5,36.0,0.9608500070875088
14980,35339,503302_bpc,503905_hec,32.5,20.0,12.5,8.0,0.582918462125366
14706,35480,511701_mpc,511702_bpc,43.0,43.75,-0.75,-17.0,0.8008986241059395
16274,8653,506001_mpc,505301_mpc,31.5,37.0,-5.5,-21.0,0.7327374061085835
30619,28389,511202_bpc,511402_bpc,28.75,26.5,2.25,22.0,0.8527873686288687
3970,32466,504904_cec,504402_bpc,52.5,63.75,-11.25,2.0,0.9240462938243251
249,5715,504904_cec,504903_mec,22.25,22.75,-0.5,-7.0,0.9005912939416185
38042,18199,511902_bpc,512201_mpc,40.75,40.25,0.5,-11.0,0.780000192742251
4719,10567,503201_mpc,504001_mpc,40.5,37.5,3.0,-2.0,0.8665325276609834
22194,14998,511901_mpc,513704_cec,42.5,39.75,2.75,-10.0,0.6448762090157082
3220,23940,502702_bpc,503002_bpc,32.75,27.75,5.0,5.0,0.9139831553606443
7033,6863,505203_mec,504503_mec,16.75,21.5,-4.75,-9.0,0.8538521830059196
5065,1725,514902_bpc,514801_mpc,32.5,31.75,0.75,4.0,0.8413394544605636
27301,19809,514202_bpc,513602_bpc,13.75,-5.0,18.75,25.0,0.9062235400133883
2561,16786,508002_bpc,507402_bpc,40.0,41.0,-1.0,-9.0,0.8612900606860886
25032,37508,513602_bpc,510102_bpc,23.75,11.75,12.0,19.0,0.9401889552057827
37580,8653,505701_mpc,505301_mpc,38.75,37.0,1.75,-7.0,0.9065121342270412
16863,6597,501602_bpc,501502_bpc,42.25,38.75,3.5,-4.0,0.9338466446309972
21982,29552,511201_mpc,511202_bpc,40.0,41.25,-1.25,32.0,0.7695505974278982
5538,36978,514702_bpc,514902_bpc,55.0,65.75,-10.75,-12.0,0.959459463708429
16276,33420,509502_bpc,508802_bpc,45.5,44.0,1.5,6.0,0.8080261115495025
20155,8347,505102_bpc,505203_mec,19.5,20.0,-0.5,43.0,0.9197824291662503
1713,293,508802_bpc,508402_bpc,31.25,31.25,0.0,-35.0,0.8054148341785392
2544,5635,507904_cec,508001_mpc,18.0,22.5,-4.5,11.442871,0.9369755877320312
3549,21923,505301_mpc,505801_mpc,65.0,91.75,-26.75,-14.0,0.9680847413138391
32103,5627,502201_mpc,501801_mpc,41.25,48.75,-7.5,-33.0,0.8544339990787785
13986,10531,501602_bpc,501601_mpc,18.25,22.75,-4.5,8.0,0.9502125862352324
1318,5018,505602_bpc,505902_bpc,39.5,36.5,3.0,-5.0,0.8185748548446712
5357,5243,503202_bpc,504002_bpc,51.5,57.25,-5.75,-1.0,0.8289388659348409
20307,30713,504701_mpc,504903_mec,28.75,23.25,5.5,-9.0,0.8970929436488049
20329,2878,514301_mpc,514402_bpc,41.25,46.25,-5.0,12.0,0.7545698811195242
33428,15114,507802_bpc,507702_bpc,22.5,24.0,-1.5,-1.0,0.9445229341176559
357,1160,502702_bpc,511401_mpc,74.25,105.0,-30.75,7.0,0.9290148859607102
9425,14308,508001_mpc,507401_mpc,68.75,90.25,-21.5,2.0,0.9794254785150193
6422,13529,506602_bpc,506702_bpc,46.75,45.0,1.75,-1.0,0.911698854828764
15218,4806,508502_bpc,508702_bpc,30.0,22.75,7.25,-1.0,0.8861130414465926
1958,33481,503904_cec,503905_hec,11.5,15.0,-3.5,-11.0,0.962612701023225
33349,5000,509105_hec,507501_mpc,53.75,100.25,-46.5,-4.0,0.7773923087532549
1209,16425,503601_mpc,504001_mpc,23.25,25.0,-1.75,12.0,0.9100540641696844
5414,2520,513503_mec,511901_mpc,83.5,91.25,-7.75,-5.0,0.9530585681428503
17928,6576,508302_bpc,508502_bpc,27.5,28.75,-1.25,-13.0,0.9324506848771702
22740,12079,502701_mpc,502505_hec,29.25,10.0,19.25,-28.0,0.7875818787666754
14750,8042,506301_mpc,504402_bpc,46.5,46.5,0.0,-7.0,0.8852149541578194
16147,4624,504202_bpc,503802_bpc,32.5,35.0,-2.5,1.0,0.8873324393918686
13451,20603,506702_bpc,506802_bpc,32.5,36.5,-4.0,12.0,0.9305601914804268
15152,37435,506904_cec,506404_cec,24.0,20.0,4.0,6.0,0.9023649868518365
16147,38960,504202_bpc,503102_bpc,32.5,30.0,2.5,-1.0,0.8249185198445446
34849,17072,508402_bpc,515002_bpc,54.75,72.5,-17.75,-5.0,0.8943639133578273
21967,29482,511902_bpc,510101_mpc,50.5,62.0,-11.5,36.0,0.9224540768972306
10349,3418,508201_mpc,507501_mpc,68.5,52.5,16.0,-3.0,0.9238195837234751
755,23406,504401_mpc,504402_bpc,66.25,62.5,3.75,15.0,0.9302414117835709
12629,34290,501904_cec,501802_bpc,35.0,35.0,0.0,24.0,0.818048721199293
4321,4571,507502_bpc,508002_bpc,43.75,40.0,3.75,10.0,0.9338575574433069
36641,39019,505701_mpc,505501_mpc,6.75,11.5,-4.75,-36.0,0.9370863764772212
17193,14779,510102_bpc,512402_bpc,36.0,27.25,8.75,40.0,0.772864295707094
10884,29847,511802_bpc,513504_cec,16.5,21.5,-5.0,7.0,0.9646338706500763
20921,12148,504903_mec,504503_mec,21.5,30.0,-8.5,1.0,0.9117711328914041
6227,21867,502005_hec,502004_cec,38.25,33.0,5.25,-7.442871,0.790813208943636
17962,11093,514701_mpc,514901_mpc,42.5,38.75,3.75,-10.0,0.8867565464315522
8769,13713,511401_mpc,511303_mec,36.75,30.0,6.75,28.0,0.8140131553849547
5091,6322,507904_cec,507602_bpc,41.5,43.75,-2.25,39.0,0.8139414127393716
319,10577,508101_mpc,508201_mpc,56.25,60.75,-4.5,10.0,0.9374617386249718
37598,38201,505901_mpc,505802_bpc,36.25,33.25,3.0,7.442871,0.8612256035330892
6025,12174,505102_bpc,505502_bpc,35.0,41.25,-6.25,-21.0,0.8899366617852976
17570,1365,504402_bpc,504504_cec,35.75,27.5,8.25,38.0,0.7549832166736651
2680,32473,514202_bpc,514002_bpc,14.5,8.75,5.75,-5.0,0.9557014326855857
3276,5357,503802_bpc,503202_bpc,42.5,51.5,-9.0,-6.0,0.7560891210472589
18166,34843,504701_mpc,504903_mec,31.25,29.25,2.0,-7.0,0.9083015246436634
4331,4887,508502_bpc,508801_mpc,65.0,54.25,10.75,3.0,0.9359722188903411
18429,5714,503602_bpc,503102_bpc,27.75,30.0,-2.25,3.0,0.8175555453590511
9308,14099,511801_mpc,511802_bpc,20.25,16.25,4.0,28.557129,0.9444666135197867
28605,38866,508302_bpc,509201_mpc,63.0,87.5,-24.5,-19.0,0.9481727592582908
3876,15016,502802_bpc,503002_bpc,50.0,41.25,8.75,-5.0,0.8313769262336203
33906,2477,505501_mpc,507701_mpc,53.75,66.25,-12.5,-2.0,0.8786699666394981
25217,1989,508302_bpc,508501_mpc,16.25,20.0,-3.75,17.0,0.926825313324938
34693,2047,508002_bpc,508102_bpc,35.0,29.0,6.0,-5.0,0.8770744021674904
23843,9172,502005_hec,503002_bpc,11.75,7.5,4.25,20.557129,0.9043736168480581
6428,10489,505302_bpc,505601_mpc,47.5,47.5,0.0,0.0,0.8308665194797024
24834,38435,512701_mpc,512602_bpc,64.0,57.5,6.5,-24.0,0.925173831754767
24302,17040,508401_mpc,509001_mpc,30.0,33.75,-3.75,-6.0,0.8218639687932432
10278,4958,505401_mpc,506002_bpc,45.25,50.25,-5.0,8.0,0.8585723663258266
3032,14828,505801_mpc,506801_mpc,30.75,31.25,-0.5,6.0,0.8519475153254708
13265,5411,505601_mpc,506001_mpc,27.5,10.0,17.5,13.0,0.8045806192039908
35911,28940,506404_cec,507402_bpc,47.25,63.75,-16.5,-1.0,0.7562366431578011
1796,28351,509302_bpc,509402_bpc,22.5,30.0,-7.5,-36.0,0.882828539075163
14554,19844,508401_mpc,508701_mpc,47.25,51.25,-4.0,5.0,0.8243622416903512
2999,36440,508101_mpc,508202_bpc,72.75,71.5,1.25,-2.0,0.963788777965711
2524,22510,508101_mpc,501904_cec,27.5,21.0,6.5,-11.0,0.7655843571021511
16666,38838,505401_mpc,506001_mpc,45.0,53.0,-8.0,-9.0,0.8876751122785073
26959,2125,511802_bpc,513504_cec,16.25,7.5,8.75,15.0,0.9421738382663393
32909,10706,506001_mpc,505101_mpc,42.5,38.75,3.75,-2.0,0.7891901362712948
21376,20002,511304_cec,514902_bpc,44.25,43.0,1.25,-9.0,0.6538960183880159
14594,25700,512201_mpc,512402_bpc,64.0,70.0,-6.0,-38.0,0.9145596452011859
1336,37306,504401_mpc,504701_mpc,48.75,67.25,-18.5,-12.0,0.8694403201821488
21865,1718,512901_mpc,512801_mpc,35.5,42.5,-7.0,-12.0,0.7455301800148489
27096,21052,512104_cec,510101_mpc,27.5,24.5,3.0,38.0,0.8846137006462295
21034,20334,512104_cec,513704_cec,28.75,23.75,5.0,10.0,0.8542380261819802
20890,28095,511901_mpc,512202_bpc,57.5,70.0,-12.5,-15.0,0.8886933870082664
24054,3960,502004_cec,506904_cec,16.25,7.5,8.75,-8.442871,0.8561854482017544
4142,3146,504903_mec,504503_mec,27.5,20.0,7.5,43.0,0.8619319934672105
21360,4831,505701_mpc,505602_bpc,61.5,64.75,-3.25,-5.0,0.9515598055471005
13666,9613,509401_mpc,508401_mpc,36.25,36.25,0.0,-8.0,0.7294684227482299
37963,285,505302_bpc,505602_bpc,35.75,34.0,1.75,-10.0,0.8602976295699664
11781,3358,508202_bpc,507602_bpc,34.75,31.25,3.5,9.0,0.9284977140600575
22642,21601,509302_bpc,509402_bpc,13.25,22.5,-9.25,3.0,0.9037993415106642
3255,21500,506801_mpc,506701_mpc,60.0,74.75,-14.75,-5.0,0.9522915682679918
25604,17652,507001_mpc,506102_bpc,72.5,62.25,10.25,0.0,0.9549600861669668
3162,4568,507701_mpc,507802_bpc,22.5,26.5,-4.0,11.442871,0.9105322197931768
18802,27685,501904_cec,502005_hec,28.75,15.25,13.5,33.0,0.8192600577952174
5145,27401,512502_bpc,512702_bpc,17.5,17.75,-0.25,29.0,0.9703911767526433
2419,21872,503801_mpc,503904_cec,23.0,17.5,5.5,30.0,0.8254637085048847
13670,2754,505902_bpc,505102_bpc,38.75,43.25,-4.5,-3.0,0.8233441825985879
33717,19691,501801_mpc,502101_mpc,40.0,48.25,-8.25,16.0,0.8446072107363419
39002,24665,514002_bpc,514001_mpc,-2.25,13.0,-15.25,-67.0,0.9462077995207313
21293,17747,515002_bpc,508702_bpc,54.0,75.0,-21.0,-5.0,0.9339375901144765
4090,6970,512602_bpc,512502_bpc,31.25,31.25,0.0,47.0,0.8205382818337862
2676,14448,508201_mpc,507904_cec,17.5,16.0,1.5,7.0,0.9366515519837906
20118,28268,507301_mpc,506404_cec,10.0,1.0,9.0,2.0,0.8754817893090616
31370,38585,511401_mpc,511201_mpc,50.25,66.0,-15.75,-8.0,0.8926195323374447
1486,12744,508701_mpc,509202_bpc,36.5,33.0,3.5,12.0,0.8300924367006239
29109,18315,511304_cec,513704_cec,18.75,17.5,1.25,19.0,0.8889056557406679
25287,19893,509501_mpc,506601_mpc,37.5,40.5,-3.0,2.0,0.857237874428821
20977,18445,503602_bpc,503601_mpc,30.0,30.0,0.0,-1.0,0.697166790523001
19021,34428,509402_bpc,509202_bpc,48.25,45.0,3.25,-14.0,0.8835583551103607
2568,2109,505501_mpc,505204_cec,30.0,28.75,1.25,-13.0,0.9010456201741612
23242,24889,508402_bpc,508302_bpc,51.0,62.5,-11.5,-10.0,0.9066255894000945
5942,12805,514601_mpc,514701_mpc,57.25,48.75,8.5,0.0,0.9423190731344454
35675,38581,505602_bpc,505502_bpc,33.75,34.25,-0.5,-6.0,0.8441540168791597
5031,4495,502802_bpc,503002_bpc,32.5,26.25,6.25,11.442871,0.8189675295924288
39162,23249,512901_mpc,512902_bpc,49.0,80.0,-31.0,-15.0,0.7864794853971011
8662,38392,508001_mpc,507401_mpc,52.5,66.5,-14.0,-1.0,0.9524772110446049
35911,10323,506404_cec,506601_mpc,47.25,73.0,-25.75,-1.0,0.646479298516539
16489,3735,506102_bpc,505101_mpc,24.75,10.0,14.75,8.0,0.8765733236049988
26141,36036,506404_cec,506602_bpc,17.25,2.5,14.75,4.0,0.9402904770317488
15086,4286,503102_bpc,503302_bpc,55.5,48.75,6.75,27.0,0.8822127035939185
6903,4596,509401_mpc,509301_mpc,75.0,86.25,-11.25,-3.0,0.9801991923900866
1363,16835,507602_bpc,507802_bpc,30.25,28.5,1.75,-17.0,0.9435638741065606
29978,7694,505602_bpc,505802_bpc,44.75,40.0,4.75,-1.0,0.8809996598632032
37990,5267,506301_mpc,507202_bpc,13.75,15.0,-1.25,-15.0,0.9433830559581962
5206,25461,505302_bpc,513103_mec,64.0,100.0,-36.0,22.0,0.8842045027823611
17630,35039,506702_bpc,506802_bpc,23.75,24.5,-0.75,70.0,0.9242547260358993
10341,20031,503102_bpc,503904_cec,26.0,23.25,2.75,-17.0,0.929096121131322
3865,37733,513601_mpc,513903_mec,27.5,21.25,6.25,8.0,0.7172751100220166
37589,10759,506201_mpc,506101_mpc,51.75,63.75,-12.0,-4.0,0.9507611968825079
34033,7605,506602_bpc,507301_mpc,30.0,28.5,1.5,4.0,0.8404446924227181
8415,5831,507602_bpc,507502_bpc,36.25,40.75,-4.5,6.0,0.9254209035132628
3056,6460,502701_mpc,508101_mpc,15.0,1.25,13.75,23.0,0.8311575665978131
9503,18611,508802_bpc,509502_bpc,47.25,48.75,-1.5,-20.0,0.9485427614396111
4190,23498,513504_cec,513404_cec,30.0,27.25,2.75,-2.0,0.8205780948203196
17790,36499,513104_cec,512104_cec,16.25,1.5,14.75,13.0,0.8460445323457814
2226,9975,507602_bpc,507502_bpc,40.0,40.25,-0.25,-3.0,0.8268382842955594
23897,17792,505802_bpc,505302_bpc,43.75,47.5,-3.75,2.0,0.9065757252907592
6716,960,502801_mpc,503001_mpc,52.5,46.75,5.75,13.0,0.8094992000004447
31992,26331,513201_mpc,513202_bpc,63.75,68.75,-5.0,-15.0,0.9739313384901301
629,16241,509002_bpc,509402_bpc,35.0,33.75,1.25,32.0,0.9256091460321934
6253,6507,506404_cec,506904_cec,21.25,10.0,11.25,-40.0,0.8813904665754875
19749,18166,504504_cec,504701_mpc,25.0,31.25,-6.25,4.0,0.8396271513852238
15715,14784,504201_mpc,503801_mpc,31.5,22.5,9.0,-13.0,0.7297734099282974
21629,19504,512701_mpc,512601_mpc,65.5,57.25,8.25,4.0,0.9316310109177963
14102,14613,508701_mpc,508501_mpc,31.25,28.75,2.5,53.0,0.9037912237128516
16636,38086,513104_cec,513704_cec,21.25,18.0,3.25,-12.0,0.9204571725391334
18932,8340,502202_bpc,502004_cec,13.75,17.75,-4.0,-9.0,0.8661716127232721
29912,11892,514802_bpc,514902_bpc,25.25,30.0,-4.75,-3.442871,0.9385280440837612
2911,14778,503102_bpc,502504_cec,27.5,16.25,11.25,8.0,0.7472975223655165
5665,1419,503601_mpc,503101_mpc,22.25,22.5,-0.25,-25.0,0.8457675228922603
33722,33381,514301_mpc,503002_bpc,6.5,10.0,-3.5,-13.0,0.890746495359235
147,3726,507501_mpc,507502_bpc,70.0,86.75,-16.75,-1.0,0.9262367684327839
9509,14481,508001_mpc,507401_mpc,36.5,35.0,1.5,2.0,0.9863167884949932
11223,14028,513403_mec,513202_bpc,43.75,66.25,-22.5,-2.0,0.6749031985147239
19518,14142,504201_mpc,505401_mpc,26.25,23.75,2.5,-32.0,0.774026524898509
20090,6627,509201_mpc,509001_mpc,26.25,22.5,3.75,-44.0,0.9792702769362751
5285,3719,506201_mpc,509301_mpc,41.0,39.5,1.5,-9.0,0.7731551269993987
37315,6676,511402_bpc,505302_bpc,1.25,-1.0,2.25,14.0,0.9013770519178755
10531,28590,501601_mpc,507201_mpc,22.75,17.5,5.25,10.0,0.9428796351036578
35873,18998,508801_mpc,508301_mpc,85.75,69.75,16.0,-1.0,0.9650786825397617
9075,1171,507801_mpc,507601_mpc,26.5,17.5,9.0,10.0,0.8490600499699246
23951,1573,511304_cec,512702_bpc,15.0,20.5,-5.5,8.0,0.904156127989678
21715,25141,506701_mpc,507702_bpc,26.75,14.5,12.25,47.0,0.8697840759071779
35191,37899,502101_mpc,505501_mpc,1.25,4.25,-3.0,-20.0,0.8980515190832865
6398,508,505204_cec,505602_bpc,30.5,33.75,-3.25,-11.0,0.8478607152429511
12803,8166,506201_mpc,506101_mpc,43.75,54.0,-10.25,-16.0,0.8723390450886254
37642,18199,511901_mpc,512201_mpc,36.25,40.25,-4.0,8.0,0.8959949893705156
12634,14482,502701_mpc,502802_bpc,38.75,45.25,-6.5,18.0,0.746095059816892
492,21169,514801_mpc,514602_bpc,31.25,27.75,3.5,16.0,0.8954508395099574
5095,14062,508702_bpc,508502_bpc,31.25,21.25,10.0,-8.0,0.818777840001517
2282,11097,504002_bpc,503602_bpc,35.5,41.75,-6.25,-10.0,0.767329223335496
3762,32466,504702_bpc,504402_bpc,72.5,63.75,8.75,2.0,0.9738283775495368
39394,700,503202_bpc,503905_hec,27.5,23.25,4.25,-9.0,0.7833838304058547
24665,7124,514001_mpc,513903_mec,13.0,20.0,-7.0,14.0,0.9458823221178545
37008,18905,513903_mec,513601_mpc,20.25,21.0,-0.75,5.0,0.9079295667666857
7881,6746,504202_bpc,503602_bpc,32.25,23.25,9.0,13.0,0.7257740535448489
35272,25802,512201_mpc,510101_mpc,62.0,65.0,-3.0,4.0,0.9943693192592856
21267,7249,513704_cec,514202_bpc,16.0,10.0,6.0,3.0,0.931004834013495
29978,9496,505602_bpc,505502_bpc,44.75,41.25,3.5,15.0,0.9149302672203585
20991,25135,509104_cec,508801_mpc,23.25,6.25,17.0,9.0,0.8439237460011961
24338,19566,501502_bpc,502202_bpc,68.0,54.0,14.0,15.0,0.9388558740362893
21292,19085,512901_mpc,512801_mpc,48.75,42.75,6.0,27.0,0.9321449195875056
6894,1347,502802_bpc,503002_bpc,48.0,80.0,-32.0,4.0,0.7709722400565885
9194,4989,506904_cec,506601_mpc,22.0,13.25,8.75,4.0,0.9164578272302597
27753,31977,508701_mpc,509201_mpc,65.5,58.75,6.75,13.0,0.9226941836849266
14853,20573,506601_mpc,507301_mpc,27.5,28.75,-1.25,4.0,0.9328422822909719
27128,3205,506404_cec,503904_cec,18.75,20.0,-1.25,-8.442871,0.897623869962117
20031,8841,503904_cec,504202_bpc,23.25,11.5,11.75,11.0,0.9096251633934647
30914,18824,511801_mpc,512802_bpc,43.75,56.25,-12.5,10.0,0.6719287317412252
16489,35218,506102_bpc,505203_mec,24.75,25.25,-0.5,24.442871,0.8671187349834084
19748,17101,507302_bpc,506903_mec,15.5,13.25,2.25,-4.0,0.9536307810484118
36665,25715,506602_bpc,507202_bpc,26.5,28.0,-1.5,16.0,0.9769711047357108
21416,2678,506702_bpc,506602_bpc,19.75,26.0,-6.25,-7.0,0.9548339487773654
5115,10019,508001_mpc,507904_cec,51.25,60.25,-9.0,1.0,0.9028122346322714
11018,7679,512402_bpc,512401_mpc,2.5,5.0,-2.5,16.0,0.9208053946054954
5611,11116,506802_bpc,506502_bpc,67.5,69.25,-1.75,-4.0,0.9063645154132303
23509,33296,513704_cec,513904_cec,3.75,17.5,-13.75,-21.0,0.9596158957498828
6444,7560,501801_mpc,502101_mpc,37.5,38.75,-1.25,11.0,0.7765836012360513
23421,17562,505402_bpc,506002_bpc,32.5,34.0,-1.5,-30.0,0.9444938302616377
29970,10083,503102_bpc,504002_bpc,1.5,20.75,-19.25,-11.0,0.9142162275090434
4320,32551,504002_bpc,503302_bpc,25.5,28.75,-3.25,-1.0,0.8655434880129075
6948,14528,507501_mpc,507801_mpc,46.25,50.0,-3.75,-1.0,0.8923669837093239
34908,39003,511304_cec,513904_cec,20.25,11.25,9.0,-17.0,0.8970607151142556
10474,20686,514301_mpc,514501_mpc,37.75,37.5,0.25,32.0,0.7521472560626454
37774,4876,507702_bpc,508102_bpc,17.5,17.5,0.0,25.0,0.9356908186321284
4572,13574,508802_bpc,509502_bpc,53.75,79.25,-25.5,4.0,0.8800160552467559
30919,25403,507302_bpc,506802_bpc,33.75,36.5,-2.75,-29.0,0.8310046696374589
3039,13952,507001_mpc,503201_mpc,77.5,95.0,-17.5,0.0,0.9366491265715063
6523,24337,501802_bpc,501502_bpc,44.0,43.25,0.75,7.0,0.7219410567471091
14126,9466,507904_cec,508001_mpc,3.25,17.5,-14.25,-2.0,0.9130058977662198
14457,8452,501802_bpc,502202_bpc,29.25,29.25,0.0,14.0,0.9009774736132303
34991,5938,511902_bpc,510102_bpc,33.75,21.25,12.5,1.0,0.7545875878417166
34703,26997,503302_bpc,504002_bpc,41.75,45.0,-3.25,-5.0,0.8227165777266059
15312,3946,512502_bpc,512501_mpc,31.25,28.75,2.5,-40.0,0.7928872238310577
16950,19068,506904_cec,506404_cec,17.75,17.75,0.0,1.0,0.9179400391482843
29147,5658,508101_mpc,507801_mpc,27.5,20.0,7.5,34.0,0.9148498406740071
20708,8839,514701_mpc,514901_mpc,64.5,73.75,-9.25,2.0,0.9717250181997057
8637,5206,501602_bpc,505302_bpc,67.5,64.0,3.5,-6.0,0.9229214642512822
4882,18998,508401_mpc,508301_mpc,62.25,69.75,-7.5,-4.0,0.9426254884187505
5514,21614,504904_cec,504701_mpc,27.5,28.75,-1.25,15.0,0.7975444994534895
31831,12452,505402_bpc,505702_bpc,55.75,72.5,-16.75,10.0,0.9348617063376584
10554,16320,502505_hec,507002_bpc,20.75,13.75,7.0,-17.0,0.8522731617688877
10040,14356,514801_mpc,514901_mpc,75.0,75.75,-0.75,-3.0,0.986778359428785
1963,24034,514502_bpc,514302_bpc,32.5,31.25,1.25,1.0,0.8243233433078082
37159,34662,505802_bpc,506002_bpc,41.25,41.25,0.0,0.0,0.649038355571934
19563,27182,514801_mpc,512902_bpc,26.5,21.25,5.25,18.0,0.8533748697945975
5826,21689,512602_bpc,512502_bpc,37.25,32.75,4.5,48.0,0.8693709450214966
21820,11693,511201_mpc,511401_mpc,60.0,48.75,11.25,4.0,0.8929936228123271
16341,9032,509302_bpc,515002_bpc,30.0,31.5,-1.5,4.0,0.8047390661857265
17072,11360,515002_bpc,508402_bpc,72.5,87.75,-15.25,18.0,0.9619463412410632
32654,16325,508401_mpc,509001_mpc,30.75,32.5,-1.75,-21.0,0.9080374614689484
14077,32909,505801_mpc,506001_mpc,43.5,42.5,1.0,5.0,0.8576357197267076
10824,21894,513503_mec,511701_mpc,35.0,29.5,5.5,-5.0,0.7488975075051427
8905,22030,504001_mpc,503201_mpc,35.0,30.0,5.0,-15.0,0.7464435661733961
32705,6501,505901_mpc,505302_bpc,25.0,12.5,12.5,-16.0,0.8021847214806876
19893,6096,506601_mpc,506201_mpc,40.5,45.0,-4.5,4.0,0.8796669938648705
25938,36856,512802_bpc,513103_mec,55.0,84.0,-29.0,2.0,0.9167586475028092
22860,5851,509105_hec,508401_mpc,6.5,10.0,-3.5,-15.0,0.9649600302550491
12597,4233,515001_mpc,509501_mpc,52.75,55.25,-2.5,0.0,0.9124421683672926
14850,6665,506801_mpc,506802_bpc,29.0,21.0,8.0,2.0,0.8706160241021219
13985,36440,508201_mpc,508202_bpc,51.25,71.5,-20.25,0.0,0.8906515119122923
33141,23618,513504_cec,513704_cec,15.25,12.5,2.75,-1.0,0.9734480082363121
4277,9711,506102_bpc,506202_bpc,61.5,68.5,-7.0,0.0,0.9856829400006949
2419,39303,503801_mpc,504202_bpc,23.0,22.5,0.5,4.0,0.9190734919987149
25074,9881,510102_bpc,511802_bpc,71.5,84.5,-13.0,-28.0,0.9173021667524675
2330,8341,504903_mec,504503_mec,23.0,7.5,15.5,26.0,0.8507137998819013
21251,12365,506801_mpc,506701_mpc,30.0,26.75,3.25,-8.0,0.9167601339978456
14810,3815,509002_bpc,508802_bpc,16.25,3.0,13.25,10.0,0.9260136952558957
4571,2833,508002_bpc,507402_bpc,40.0,46.75,-6.75,-3.0,0.8683496948860108
7263,17274,509401_mpc,505601_mpc,46.25,56.75,-10.5,0.0,0.8343076251811609
17183,20770,505402_bpc,505302_bpc,61.5,67.0,-5.5,-16.0,0.9419814297857021
10474,1200,514301_mpc,514401_mpc,37.75,26.25,11.5,-4.0,0.6438082190565309
16617,7497,506301_mpc,506201_mpc,46.25,52.5,-6.25,0.0,0.8514050218847631
17931,1147,505702_bpc,505902_bpc,41.5,38.75,2.75,3.0,0.9572721333031685
4931,2596,507401_mpc,508001_mpc,40.0,36.25,3.75,-4.0,0.7782636026222157
14383,5981,509302_bpc,515002_bpc,59.25,78.75,-19.5,-2.0,0.9292996120130319
14812,37520,513903_mec,513403_mec,10.0,14.75,-4.75,-10.0,0.9015154982130485
23713,27702,508903_mec,501904_cec,19.0,21.75,-2.75,11.0,0.8670661607715173
13086,29633,503001_mpc,502505_hec,31.25,13.75,17.5,19.0,0.6677934028734718
21290,21169,514801_mpc,514602_bpc,29.25,27.75,1.5,13.0,0.88265461615074
19271,3565,506904_cec,506404_cec,13.0,20.0,-7.0,0.0,0.9599194310814457
2104,13171,507502_bpc,507402_bpc,57.5,61.25,-3.75,6.0,0.9124103900945824
12655,20258,505401_mpc,505402_bpc,30.0,32.5,-2.5,-8.0,0.8470397564897769
4863,27098,504903_mec,503302_bpc,17.0,18.75,-1.75,34.0,0.9061850485201283
15920,4806,509105_hec,508702_bpc,16.0,22.75,-6.75,-11.0,0.9130464820430303
21136,37263,504701_mpc,504702_bpc,57.75,56.25,1.5,5.0,0.8860895397104231
21927,17630,506701_mpc,506702_bpc,24.5,23.75,0.75,5.0,0.9069871305564491
18289,12121,514201_mpc,506101_mpc,65.25,108.75,-43.5,1.0,0.9009653888058092
9081,3431,506302_bpc,506102_bpc,58.0,49.75,8.25,-3.0,0.9495738806493429
2474,8855,502702_bpc,502505_hec,24.5,6.75,17.75,19.0,0.8568188020015691
17185,26362,507601_mpc,508202_bpc,18.75,18.75,0.0,16.0,0.9717606723436242
20573,12875,507301_mpc,506701_mpc,28.75,28.75,0.0,7.0,0.9270570629537191
30491,12955,507301_mpc,506802_bpc,5.25,6.25,-1.0,39.0,0.9811696831407484
8311,23016,502801_mpc,503001_mpc,45.0,64.5,-19.5,-3.0,0.7760490552741047
2571,10323,507001_mpc,506601_mpc,81.25,73.0,8.25,-3.0,0.9949768157164414
229,2653,508402_bpc,509502_bpc,48.0,64.0,-16.0,0.0,0.8600252014110226
12115,16796,507302_bpc,506701_mpc,51.5,50.0,1.5,4.0,0.8470058204355859
29370,29603,512701_mpc,512502_bpc,57.75,52.5,5.25,6.0,0.9533127987816213
13500,4525,503301_mpc,503101_mpc,46.25,45.25,1.0,-8.0,0.8654986662627975
30487,946,508202_bpc,507502_bpc,48.75,52.75,-4.0,1.0,0.8918755961758604
27610,28733,512201_mpc,512104_cec,18.75,25.25,-6.5,26.0,0.8605038447056212
33060,23795,505802_bpc,505702_bpc,63.75,59.0,4.75,22.0,0.9480690940637803
12632,39109,511701_mpc,512104_cec,34.5,25.0,9.5,27.0,0.7582830284132579
13957,15688,505801_mpc,505901_mpc,50.0,66.25,-16.25,-4.0,0.8926773808428626
11590,37802,507001_mpc,506601_mpc,28.75,29.0,-0.25,6.0,0.9186181090812924
17684,15025,502505_hec,502202_bpc,12.5,3.75,8.75,-55.0,0.8979721190403016
29536,20618,502202_bpc,502201_mpc,77.5,79.75,-2.25,-1.0,0.9873269294706676
19739,29752,514902_bpc,514602_bpc,45.0,36.5,8.5,-30.0,0.7677858960235016
26288,11638,503001_mpc,502801_mpc,36.0,32.5,3.5,6.0,0.7732026049445785
904,8769,511201_mpc,511401_mpc,42.0,36.75,5.25,-9.0,0.7513720726640315
9919,5244,507301_mpc,506601_mpc,60.0,69.75,-9.75,-6.0,0.9224034200233081
14778,4409,502504_cec,503101_mpc,16.25,26.25,-10.0,2.0,0.8432352220790713
39279,29998,511303_mec,511604_cec,27.0,13.0,14.0,15.0,0.7690076652609724
12565,30154,508101_mpc,508201_mpc,44.0,45.0,-1.0,15.0,0.8369058608127977
31988,36903,502504_cec,502005_hec,37.25,38.75,-1.5,12.0,0.6076144240461424
4624,22649,503802_bpc,503202_bpc,35.0,42.75,-7.75,-11.0,0.7747228165754274
5227,25014,507001_mpc,507201_mpc,42.5,51.25,-8.75,-9.0,0.8084891100539707
4303,6677,507601_mpc,507701_mpc,23.75,25.75,-2.0,-47.0,0.9160081980119102
33459,10991,513904_cec,514002_bpc,16.25,26.25,-10.0,11.0,0.8930223514304803
965,17821,506404_cec,506802_bpc,20.0,14.25,5.75,-6.0,0.9168736049223296
4863,20016,504903_mec,504904_cec,17.0,23.25,-6.25,-4.0,0.8576148164804698
18394,4154,505702_bpc,505402_bpc,46.0,47.0,-1.0,-9.0,0.837197961153709
12478,6799,504503_mec,504904_cec,28.25,22.5,5.75,-6.0,0.8814040099969227
12686,11867,509202_bpc,508501_mpc,51.25,55.0,-3.75,14.0,0.9033062339013369
29970,9015,503102_bpc,504201_mpc,1.5,17.75,-16.25,-11.0,0.9157038760458034
293,33211,508402_bpc,509002_bpc,31.25,22.75,8.5,11.442871,0.8829078063214639
2402,6234,508102_bpc,507602_bpc,37.5,38.75,-1.25,14.0,0.7851788684379744
3324,5108,508101_mpc,507401_mpc,37.5,43.5,-6.0,-10.0,0.8522000460059092
10027,1323,505702_bpc,505204_cec,55.75,70.25,-14.5,-3.0,0.9210419590389793
32230,219,506301_mpc,506202_bpc,48.75,44.0,4.75,-4.0,0.8715037061328272
10067,38598,503601_mpc,503302_bpc,20.75,6.25,14.5,55.0,0.84293996779475
28876,17810,507302_bpc,506404_cec,19.0,20.0,-1.0,-18.0,0.9635360416226957
4989,17101,506601_mpc,506903_mec,13.25,13.25,0.0,-22.0,0.9390617535392223
6740,10110,504503_mec,505204_cec,22.75,8.75,14.0,23.0,0.8266686258619514
10436,8302,508202_bpc,507402_bpc,47.0,45.0,2.0,-15.0,0.8380782057620526
8905,22321,504001_mpc,504201_mpc,35.0,31.25,3.75,8.0,0.7232139773586584
15445,15452,512202_bpc,512401_mpc,18.5,17.75,0.75,22.0,0.8720007710728391
20031,34425,503904_cec,503905_hec,23.25,22.5,0.75,-5.0,0.8606784205257867
14316,6441,502005_hec,502505_hec,5.75,12.5,-6.75,-1.0,0.9296765790061018
29302,14035,514202_bpc,513602_bpc,41.5,33.75,7.75,1.5571289,0.6836922072626481
81,27070,512701_mpc,512601_mpc,42.5,36.25,6.25,-2.0,0.8453013772253877
8391,25217,508802_bpc,508302_bpc,11.25,16.25,-5.0,17.0,0.8977622956231394
6713,1252,507904_cec,508001_mpc,1.25,6.0,-4.75,-72.0,0.9481942130877511
27909,12324,507904_cec,508904_cec,29.0,18.75,10.25,10.0,0.7097379868287
27673,32852,514701_mpc,514601_mpc,32.5,24.5,8.0,-30.0,0.8629645622001041
11093,29463,514901_mpc,514702_bpc,38.75,32.5,6.25,0.0,0.7942277068601113
28733,30622,512104_cec,510101_mpc,25.25,21.25,4.0,-32.0,0.9087845654756372
5115,8843,508001_mpc,507401_mpc,51.25,66.25,-15.0,-3.0,0.9317234957616785
32103,14525,502201_mpc,501801_mpc,41.25,47.5,-6.25,-26.0,0.9144675783568947
21371,2940,504701_mpc,504401_mpc,57.75,66.75,-9.0,-23.0,0.8959135856533748
14840,32149,513601_mpc,514201_mpc,15.5,11.25,4.25,-4.0,0.9875123750602808
1775,23184,503001_mpc,502801_mpc,26.25,21.0,5.25,-37.0,0.9476732673410468
26869,7657,512402_bpc,510101_mpc,41.0,38.5,2.5,5.0,0.772024036828054
16328,18154,513904_cec,512401_mpc,43.75,62.75,-19.0,-10.0,0.659555419702265
33536,25572,512401_mpc,503001_mpc,83.25,98.75,-15.5,-6.0,0.9472713342619868
11878,3867,512601_mpc,512501_mpc,35.75,33.75,2.0,6.0,0.9231375703227211
17380,487,514601_mpc,514901_mpc,61.25,52.5,8.75,20.0,0.9577238010189632
5983,4171,512601_mpc,513601_mpc,21.25,3.5,17.75,13.0,0.7832746383659683
5703,20582,507501_mpc,507601_mpc,5.0,13.75,-8.75,18.0,0.9457386572478069
5371,8637,507601_mpc,501602_bpc,47.75,67.5,-19.75,-31.0,0.7032546045595126
3694,13138,511901_mpc,511303_mec,32.75,20.0,12.75,1.0,0.5291985797714949
22795,5460,508904_cec,508501_mpc,25.0,27.5,-2.5,-14.0,0.9094520805146724
5139,5196,509302_bpc,508401_mpc,29.5,28.0,1.5,-1.0,0.8716336014985674
23073,6492,506903_mec,502505_hec,13.0,4.5,8.5,47.0,0.8430339725377242
2300,14682,505601_mpc,505701_mpc,61.75,68.75,-7.0,2.0,0.9741247954111636
1835,1727,514001_mpc,513601_mpc,36.5,42.5,-6.0,2.0,0.6705833538232826
26624,22391,501601_mpc,514801_mpc,81.25,98.25,-17.0,-2.0,0.9451620541064139
7408,16926,512702_bpc,511802_bpc,38.75,33.75,5.0,-22.0,0.7575235992401522
19451,1160,502801_mpc,511401_mpc,89.25,105.0,-15.75,8.0,0.9580851127396371
19308,14450,509402_bpc,509302_bpc,37.75,42.0,-4.25,-7.0,0.8234420630125003
26713,25461,511702_bpc,513103_mec,54.5,100.0,-45.5,13.0,0.8255300170038562
9181,16341,508402_bpc,509302_bpc,30.5,30.0,0.5,-7.0,0.8396453707859091
17520,4703,505901_mpc,505801_mpc,36.25,40.5,-4.25,-4.0,0.7000398232961321
24019,29785,505301_mpc,505801_mpc,43.5,49.0,-5.5,17.0,0.8565562429087653
27699,29898,512202_bpc,511902_bpc,39.75,31.25,8.5,8.0,0.7762308688707249
24879,31363,504202_bpc,503802_bpc,37.75,43.0,-5.25,-20.0,0.8112959451771946
18091,28095,511902_bpc,512202_bpc,47.5,70.0,-22.5,-10.0,0.8416094699472404
36792,14059,506101_mpc,501601_mpc,92.5,105.25,-12.75,4.0,0.9624833766862599
18675,28529,511401_mpc,511402_bpc,57.0,51.25,5.75,41.0,0.9266073921002981
13938,17173,506801_mpc,506502_bpc,43.75,50.75,-7.0,-30.0,0.8584567274801592
5456,18187,512901_mpc,513104_cec,17.0,15.0,2.0,31.0,0.9141320303485612
16389,9308,511701_mpc,511801_mpc,33.75,20.25,13.5,9.442871,0.6436452780802937
22688,4504,505302_bpc,505204_cec,35.0,32.25,2.75,-2.0,0.7941661490386229
38344,18235,513202_bpc,513201_mpc,39.0,47.5,-8.5,31.0,0.7086186125340714
10803,36276,508102_bpc,508201_mpc,40.0,36.5,3.5,-10.0,0.7656233601149003
19928,12121,503001_mpc,506101_mpc,61.25,108.75,-47.5,-14.0,0.8793425741263231
3538,3775,506001_mpc,506701_mpc,18.75,15.0,3.75,8.0,0.947962261629387
7798,10349,507401_mpc,508201_mpc,85.0,68.5,16.5,-1.0,0.9782002828126436
8297,12666,509302_bpc,508502_bpc,46.5,57.5,-11.0,-10.0,0.8474780287969719
3588,26436,506002_bpc,505802_bpc,19.25,17.5,1.75,9.0,0.9499538441264884
8250,37634,507602_bpc,507702_bpc,32.5,26.25,6.25,1.0,0.9026449307358653
7551,14457,501502_bpc,501802_bpc,20.25,29.25,-9.0,0.0,0.895502139572024
21695,21987,512602_bpc,512701_mpc,77.25,72.25,5.0,12.0,0.9894557760790645
21196,15604,514602_bpc,514802_bpc,42.25,35.0,7.25,1.0,0.7906963308494833
27685,16651,502005_hec,502505_hec,15.25,11.5,3.75,13.0,0.9325834824936652
3058,15122,505801_mpc,505101_mpc,36.25,38.75,-2.5,-19.0,0.6742477469798877
11464,37960,508904_cec,502504_cec,45.0,73.75,-28.75,-3.0,0.6179978815359003
13397,11812,511902_bpc,512104_cec,27.75,26.25,1.5,28.0,0.8218878474856721
10900,9156,511303_mec,511304_cec,14.0,13.75,0.25,48.0,0.9072489929535227
25156,38692,505502_bpc,505204_cec,26.5,21.5,5.0,31.0,0.9159977516460737
4140,19795,507601_mpc,507401_mpc,53.0,67.0,-14.0,-8.0,0.9088498395276385
2116,37598,506002_bpc,505901_mpc,40.25,36.25,4.0,11.0,0.8257619672752182
13989,10341,503602_bpc,503102_bpc,25.0,26.0,-1.0,18.0,0.9134796395025498
20573,17385,507301_mpc,506404_cec,28.75,21.25,7.5,0.0,0.8739880030377957
38504,4468,505802_bpc,505602_bpc,52.5,59.0,-6.5,-19.0,0.9180150386015893
6805,13013,504504_cec,504503_mec,30.0,23.75,6.25,-5.0,0.7576124860667668
12213,5020,507701_mpc,508102_bpc,21.5,13.75,7.75,-21.0,0.9582913772591256
26997,16724,504002_bpc,503602_bpc,45.0,44.5,0.5,9.0,0.8984309589016877
6366,8137,507402_bpc,507801_mpc,25.0,25.0,0.0,-2.0,0.9353594234437944
18351,9360,501801_mpc,501602_bpc,47.5,45.0,2.5,-3.0,0.8932517406653075
3688,27401,512602_bpc,512702_bpc,26.25,17.75,8.5,24.0,0.7734206022267209
20799,33967,508903_mec,508701_mpc,16.5,23.25,-6.75,5.0,0.8952111209362507
7744,35191,501904_cec,502101_mpc,9.5,1.25,8.25,-13.0,0.9225620619819163
5271,32149,514001_mpc,514201_mpc,10.75,11.25,-0.5,-18.0,0.9577833564590876
1365,13963,504504_cec,504904_cec,27.5,15.75,11.75,-44.0,0.8803844162023016
13380,84,512701_mpc,512702_bpc,43.75,48.75,-5.0,23.0,0.842061615458635
28312,5683,511304_cec,511604_cec,35.5,34.5,1.0,21.0,0.9142304871835734
6781,13513,501602_bpc,501502_bpc,54.25,50.0,4.25,-9.0,0.9130295853957878
2267,33816,506002_bpc,505501_mpc,26.25,23.75,2.5,-28.0,0.9272799098614032
5000,7165,507501_mpc,508001_mpc,100.25,67.5,32.75,18.0,0.976393811950725
27215,28941,509301_mpc,508501_mpc,37.5,38.75,-1.25,-18.0,0.9021501877980255
22766,17259,509401_mpc,508401_mpc,38.75,40.5,-1.75,-13.0,0.8195700613025201
4162,35915,515002_bpc,509302_bpc,35.5,38.75,-3.25,26.0,0.8481798395090151
3556,3784,508002_bpc,507502_bpc,23.75,23.75,0.0,-11.0,0.9745792162364015
8250,36109,507602_bpc,508202_bpc,32.5,31.75,0.75,3.0,0.9594982754340033
2529,4301,508903_mec,508701_mpc,26.75,27.25,-0.5,-2.0,0.8282490226943474
23591,9496,505901_mpc,505502_bpc,36.5,41.25,-4.75,18.0,0.7609031524303568
16410,11789,506602_bpc,507002_bpc,25.25,25.0,0.25,19.0,0.9550103995726104
16942,21820,511401_mpc,511201_mpc,63.75,60.0,3.75,-11.0,0.9683037824339054
35833,1341,513503_mec,514902_bpc,8.75,3.75,5.0,3.0,0.902200945796317
15813,6192,508101_mpc,507801_mpc,26.5,28.75,-2.25,-15.0,0.9086452933679237
7899,11175,514801_mpc,514902_bpc,36.25,30.75,5.5,14.0,0.8213580431153277
3840,8410,503102_bpc,503802_bpc,61.25,71.0,-9.75,-4.0,0.8804516320011299
13957,13662,505801_mpc,505501_mpc,50.0,55.0,-5.0,0.0,0.9161357476216355
28669,38786,505102_bpc,505802_bpc,33.75,33.75,0.0,-22.0,0.9389678269234504
8406,16425,503905_hec,504001_mpc,10.5,25.0,-14.5,22.0,0.8668650493010183
11883,8427,502101_mpc,501601_mpc,62.5,57.5,5.0,-19.0,0.9549124378974039
3518,1341,513103_mec,514902_bpc,15.0,3.75,11.25,5.0,0.9404219539721359
11201,1024,512902_bpc,504701_mpc,76.75,99.25,-22.5,-9.0,0.9313889545904465
21484,6702,507202_bpc,506702_bpc,13.75,16.25,-2.5,0.4428711,0.9497168845534396
15702,32206,514802_bpc,514901_mpc,27.5,24.25,3.25,10.0,0.8526551810513288
37478,4412,507801_mpc,508201_mpc,25.25,18.75,6.5,16.0,0.9198992812398724
21243,32033,509401_mpc,509001_mpc,40.25,39.0,1.25,2.0,0.753775491131704
5721,11136,503801_mpc,503201_mpc,48.25,51.25,-3.0,3.0,0.8730751046181656
38294,12858,506701_mpc,507301_mpc,55.0,72.5,-17.5,-10.0,0.8944701856421322
17240,14845,514501_mpc,514302_bpc,19.75,17.0,2.75,-43.0,0.912802155959144
7935,27526,504904_cec,504503_mec,23.75,23.75,0.0,36.0,0.934915589047414
9868,33211,504202_bpc,509002_bpc,16.5,22.75,-6.25,2.442871,0.9238163435382823
2597,1045,512602_bpc,512702_bpc,30.0,25.25,4.75,26.0,0.8943179902490623
25386,29447,515002_bpc,508302_bpc,36.0,36.75,-0.75,5.0,0.8065756171259332
31920,32508,505204_cec,506002_bpc,25.0,14.25,10.75,44.0,0.9164826574800596
13898,3056,502702_bpc,502701_mpc,13.75,15.0,-1.25,-7.0,0.850883228127493
10531,3488,501601_mpc,502101_mpc,22.75,19.25,3.5,-4.0,0.8307600952154715
12927,22692,513903_mec,514202_bpc,21.0,19.5,1.5,9.0,0.9010291861886309
13451,27607,506702_bpc,506701_mpc,32.5,27.0,5.5,5.0,0.798557025934971
4405,4980,507501_mpc,507401_mpc,61.25,60.25,1.0,-4.0,0.9546034982501393
15898,16917,507001_mpc,506404_cec,18.75,20.0,-1.25,-22.442871,0.871763593057246
11706,10612,505701_mpc,505601_mpc,51.25,46.25,5.0,-14.0,0.944330782255953
21008,7353,503102_bpc,503202_bpc,48.25,61.25,-13.0,-13.0,0.7617218629939955
13156,3602,504904_cec,509105_hec,11.75,23.75,-12.0,-8.0,0.8847301687998005
21761,21713,508401_mpc,515001_mpc,27.0,32.5,-5.5,43.0,0.8387051724649357
3711,1606,514901_mpc,512902_bpc,32.75,34.75,-2.0,-36.0,0.7267107671001422
31332,25480,512601_mpc,512701_mpc,55.0,64.0,-9.0,19.0,0.9674159311908499
13116,4036,509402_bpc,508502_bpc,72.5,72.5,0.0,0.0,0.9847060949915182
29774,2888,514801_mpc,514701_mpc,60.0,64.0,-4.0,-4.0,0.9904437373496043
1451,14107,511701_mpc,514601_mpc,73.25,88.25,-15.0,10.0,0.9266466878817817
17434,27848,514401_mpc,514601_mpc,58.5,91.75,-33.25,8.0,0.8522469533940742
36786,17415,514402_bpc,514501_mpc,71.25,78.75,-7.5,2.0,0.9824353789640782
11912,13024,503001_mpc,502702_bpc,31.75,31.25,0.5,10.0,0.8372536098362107
3006,19316,513103_mec,512901_mpc,34.0,35.25,-1.25,-14.0,0.8781997484814229
3744,4527,509201_mpc,508301_mpc,47.5,45.25,2.25,-5.0,0.8893075798340067
33381,10604,503002_bpc,513904_cec,10.0,11.25,-1.25,6.0,0.956730434560269
13335,38505,511201_mpc,514401_mpc,63.5,86.75,-23.25,-6.0,0.9003656155621748
6242,27478,501802_bpc,501502_bpc,28.5,22.0,6.5,-4.0,0.9049623789148866
7444,31911,505302_bpc,505401_mpc,73.25,75.0,-1.75,-5.0,0.9371936562166638
18892,15181,506903_mec,506404_cec,21.5,8.25,13.25,70.0,0.8822803168290568
15016,3041,503002_bpc,502802_bpc,41.25,40.5,0.75,15.0,0.9489550127114987
21382,33296,513704_cec,513904_cec,29.0,17.5,11.5,-6.0,0.7700853948865237
35509,1529,514901_mpc,513104_cec,50.5,91.25,-40.75,1.0,0.7956120039009557
707,2641,509401_mpc,508701_mpc,4.25,16.5,-12.25,-21.442871,0.9181803913586958
31920,8214,505204_cec,505401_mpc,25.0,30.75,-5.75,6.0,0.8901305473722413
25567,36693,505301_mpc,506002_bpc,30.0,28.25,1.75,13.0,0.7864066913663746
32844,1727,514202_bpc,513601_mpc,47.5,42.5,5.0,18.0,0.7403003345968351
22716,30976,513704_cec,513503_mec,5.0,19.0,-14.0,-8.0,0.9252554815289814
7729,25426,503601_mpc,503101_mpc,44.75,54.25,-9.5,3.0,0.8544481323796345
38487,1691,509105_hec,508903_mec,20.0,15.5,4.5,-20.0,0.9488459417668766
8653,32498,505301_mpc,505801_mpc,37.0,33.5,3.5,11.0,0.7458621996123412
9143,2049,501802_bpc,501502_bpc,41.25,40.5,0.75,10.0,0.9175683428713395
501,11904,503801_mpc,503601_mpc,43.0,46.25,-3.25,6.0,0.6330943721534724
12934,14183,509401_mpc,508301_mpc,39.0,39.0,0.0,13.0,0.746461728441651
5329,20169,507904_cec,506904_cec,6.25,18.75,-12.5,-30.0,0.9178636436655878
7638,4156,501802_bpc,501602_bpc,39.0,36.25,2.75,2.0,0.9280943472635157
3784,4199,507502_bpc,507702_bpc,23.75,21.25,2.5,18.0,0.9877393892678316
35878,15311,514301_mpc,514502_bpc,45.0,38.0,7.0,10.0,0.7704704089636814
9160,25135,509105_hec,508801_mpc,20.0,6.25,13.75,-1.0,0.8526590593954299
3750,11781,508102_bpc,508202_bpc,30.0,34.75,-4.75,4.0,0.9135773700680453
928,26625,506302_bpc,506201_mpc,59.75,72.5,-12.75,9.0,0.8904846005372591
6148,12959,502102_bpc,501602_bpc,19.0,14.25,4.75,-13.0,0.9494594633582963
13445,557,514302_bpc,514502_bpc,33.25,32.5,0.75,-6.0,0.8399263925071344
17297,14653,513903_mec,513403_mec,0.0,4.0,-4.0,26.0,0.9692138467058825
31069,30491,506404_cec,507301_mpc,22.75,5.25,17.5,20.0,0.90436751545077
19118,13151,505501_mpc,505901_mpc,95.0,76.25,18.75,1.0,0.976421939399207
1687,12939,508101_mpc,507402_bpc,27.5,23.5,4.0,-22.0,0.920340401772724
7715,9003,512701_mpc,512601_mpc,48.5,45.0,3.5,-3.0,0.9299655957892247
20783,4237,505402_bpc,506002_bpc,53.75,48.75,5.0,9.0,0.9463973544830209
18984,8640,502201_mpc,502005_hec,61.25,58.25,3.0,-3.0,0.8753436382292162
11107,3502,505902_bpc,505203_mec,32.75,27.75,5.0,22.0,0.6281927495084546
5223,7205,509104_cec,508401_mpc,21.25,17.5,3.75,4.0,0.9230985154845619
14528,35611,507801_mpc,507802_bpc,50.0,66.25,-16.25,1.0,0.9055397832071834
12744,5095,509202_bpc,508702_bpc,33.0,31.25,1.75,0.0,0.8787549817638644
951,8901,511202_bpc,511201_mpc,54.25,70.0,-15.75,8.0,0.9136416731703993
2806,5375,508301_mpc,515001_mpc,66.25,73.75,-7.5,-8.0,0.9703758623709959
21966,8338,514702_bpc,514601_mpc,75.5,86.25,-10.75,7.0,0.9808849641729593
28726,11153,506502_bpc,507002_bpc,48.75,62.5,-13.75,-15.0,0.8743184626625903
33999,16506,512104_cec,511604_cec,31.25,27.5,3.75,-20.0,0.8913765427131077
21755,16302,506904_cec,506404_cec,24.25,27.5,-3.25,-13.0,0.8424156910317285
23816,7549,505701_mpc,505502_bpc,25.5,13.75,11.75,-5.0,0.8619239163997431
5964,7359,501502_bpc,501801_mpc,43.5,46.5,-3.0,10.0,0.8269708054799435
30061,5773,505901_mpc,505402_bpc,49.0,60.75,-11.75,4.0,0.8938954971184014
18666,4672,503201_mpc,504001_mpc,38.75,33.75,5.0,19.0,0.6549559293385339
1171,3772,507601_mpc,507801_mpc,17.5,14.75,2.75,0.0,0.986463149162137
21436,6441,501903_mec,502505_hec,16.25,12.5,3.75,-18.0,0.8816075411321849
3157,14139,503801_mpc,503101_mpc,41.25,43.75,-2.5,5.0,0.7083576031498492
37093,20012,505502_bpc,507002_bpc,24.25,18.0,6.25,3.0,0.9610060211056235
8450,35324,515002_bpc,508904_cec,28.75,25.0,3.75,-33.55713,0.9254247049398601
20988,2315,511802_bpc,511701_mpc,31.75,38.75,-7.0,-1.0,0.7457214613760728
2722,23974,513404_cec,512801_mpc,12.5,8.25,4.25,-33.0,0.9747384201739309
19557,3312,506701_mpc,506801_mpc,23.0,17.5,5.5,-22.0,0.9353371704265124
17072,33138,515002_bpc,508802_bpc,72.5,86.25,-13.75,-3.0,0.9903192989204447
8527,18611,509302_bpc,509502_bpc,43.0,48.75,-5.75,-6.0,0.807047698269667
4085,5050,506903_mec,504701_mpc,22.0,14.75,7.25,6.0,0.749525970545702
28165,28041,502201_mpc,502102_bpc,54.0,62.0,-8.0,10.0,0.9433090000579483
25260,23951,513403_mec,511304_cec,25.0,15.0,10.0,2.0,0.8535767755520711
20053,25215,509105_hec,502005_hec,26.75,16.0,10.75,-5.0,0.6467252740429849
2171,21247,506302_bpc,506102_bpc,37.75,50.75,-13.0,-6.0,0.5083261128694784
5298,13593,505203_mec,505401_mpc,25.75,20.0,5.75,14.0,0.9248640768667582
5460,31295,508501_mpc,509001_mpc,27.5,22.5,5.0,-9.0,0.8743929622311171
11631,13662,505101_mpc,505501_mpc,60.0,55.0,5.0,-8.0,0.9301422105465322
3276,8513,503802_bpc,503302_bpc,42.5,38.25,4.25,19.0,0.8267636647987073
7640,36356,511202_bpc,513201_mpc,57.0,100.25,-43.25,-1.0,0.8325257472638666
7886,36746,506301_mpc,505601_mpc,22.5,2.5,20.0,40.0,0.9166599698726626
5135,7371,512902_bpc,512901_mpc,45.25,43.75,1.5,-6.0,0.8015417737022629
18611,19324,509502_bpc,508402_bpc,48.75,57.75,-9.0,-5.0,0.9025400194086408
32354,14794,508201_mpc,507801_mpc,36.25,37.5,-1.25,-8.0,0.9395693962152808
30104,2669,506602_bpc,507002_bpc,31.5,37.5,-6.0,20.0,0.8249969463929627
15003,33384,506802_bpc,506502_bpc,21.25,24.0,-2.75,-13.0,0.9158841821427467
32981,7605,507302_bpc,507301_mpc,32.5,28.5,4.0,-12.0,0.8701167922721708
17858,3212,512701_mpc,512501_mpc,46.75,43.25,3.5,0.0,0.935711713355705
6949,29547,514602_bpc,513404_cec,29.25,26.75,2.5,14.0,0.8572313791610211
34794,5602,505602_bpc,505502_bpc,79.5,85.5,-6.0,-5.0,0.9945466582776024
4755,5977,507501_mpc,509501_mpc,85.0,101.25,-16.25,3.0,0.9509402454077482
28292,24392,513403_mec,512104_cec,36.5,33.0,3.5,27.0,0.6887206395626027
19660,2693,507904_cec,507701_mpc,11.25,15.0,-3.75,-8.0,0.9731402111614286
27797,17234,508202_bpc,507402_bpc,50.0,45.0,5.0,-11.0,0.8556521703138628
6206,14653,511603_mec,513403_mec,16.25,4.0,12.25,57.0,0.9647121779381453
11475,13781,505102_bpc,506101_mpc,10.0,15.0,-5.0,1.0,0.9548556437249187
8706,29232,508501_mpc,509501_mpc,54.25,58.75,-4.5,0.0,0.9242961173850485
35904,27629,513904_cec,514501_mpc,22.5,7.0,15.5,60.0,0.73986340821365
30640,1743,505203_mec,502505_hec,24.75,14.0,10.75,-20.0,0.8566328940245839
18835,6199,514002_bpc,514502_bpc,23.0,19.0,4.0,33.0,0.9749873140400306
18600,7539,511902_bpc,503202_bpc,71.5,90.0,-18.5,-2.0,0.91826500934726
11093,1725,514901_mpc,514801_mpc,38.75,31.75,7.0,20.0,0.8448515464273632
37767,15511,508702_bpc,509502_bpc,35.0,30.0,5.0,21.442871,0.8450869630328727
10598,28463,506801_mpc,506501_mpc,60.0,58.75,1.25,-1.0,0.8985470535007954
13578,1252,507802_bpc,508001_mpc,10.5,6.0,4.5,7.0,0.9292133160553705
7478,2157,505502_bpc,505602_bpc,27.0,27.5,-0.5,45.0,0.9243376919383542
11487,3125,505502_bpc,502504_cec,27.5,27.5,0.0,-9.0,0.7662470717410099
2878,5218,514402_bpc,514302_bpc,46.25,36.25,10.0,7.0,0.7447309920495213
6610,24939,506201_mpc,504201_mpc,23.75,25.0,-1.25,21.0,0.9386230891731815
14316,1927,502005_hec,502505_hec,5.75,11.25,-5.5,-10.0,0.9346406593958799
6627,31765,509001_mpc,508301_mpc,22.5,22.5,0.0,49.0,0.958095784947395
6360,9114,501602_bpc,501502_bpc,34.5,37.0,-2.5,-6.0,0.8834909239831938
26796,10089,501801_mpc,501601_mpc,46.25,57.75,-11.5,2.0,0.9208856206126972
20307,7277,504701_mpc,504903_mec,28.75,30.0,-1.25,-3.0,0.9043505970591394
4797,28338,505203_mec,505901_mpc,28.5,25.0,3.5,-5.0,0.8640960632248037
17072,25396,515002_bpc,508502_bpc,72.5,62.75,9.75,16.0,0.9450889114555446
17370,13771,504903_mec,506701_mpc,46.5,44.0,2.5,13.0,0.8583396675992937
4644,4558,505501_mpc,505601_mpc,46.0,46.75,-0.75,4.0,0.9436568516769108
23997,28531,505203_mec,505801_mpc,46.25,54.5,-8.25,-9.0,0.7844829979988939
38165,25990,513403_mec,512801_mpc,59.75,97.5,-37.75,4.0,0.9457061443545093
14743,19616,508201_mpc,507904_cec,18.75,10.25,8.5,7.0,0.9354524069306172
26223,29580,513601_mpc,514001_mpc,9.0,22.5,-13.5,-13.0,0.9166131966817936
12079,36198,502505_hec,502504_cec,10.0,17.5,-7.5,2.0,0.93619835512042
35036,6271,508904_cec,509104_cec,25.25,27.75,-2.5,-28.0,0.9387476705103844
29415,7444,506002_bpc,505302_bpc,61.0,73.25,-12.25,3.0,0.9535092895723527
25015,24304,509401_mpc,509202_bpc,78.0,95.0,-17.0,10.0,0.9404654411971392
26734,37947,508201_mpc,508001_mpc,38.75,36.0,2.75,-3.0,0.9039512171499715
27623,15564,514001_mpc,512104_cec,9.0,2.75,6.25,-12.442871,0.8980970467427961
691,2340,509201_mpc,508701_mpc,43.0,47.0,-4.0,0.0,0.9445753456221387
7907,13713,511201_mpc,511303_mec,28.75,30.0,-1.25,34.0,0.9228782108184923
20234,19734,513704_cec,513602_bpc,33.75,29.0,4.75,-1.0,0.768594705694954
5491,14594,512202_bpc,512201_mpc,53.25,64.0,-10.75,14.0,0.9029988671944615
7200,7054,514701_mpc,514801_mpc,70.5,55.0,15.5,8.0,0.957875820326872
7277,13008,504903_mec,504701_mpc,30.0,28.75,1.25,-1.0,0.8853948936718046
3125,27857,502504_cec,507201_mpc,27.5,10.75,16.75,50.0,0.7987763037062161
24587,4616,508904_cec,509105_hec,19.25,2.0,17.25,-10.557129,0.8648231725333686
22299,11837,513403_mec,513201_mpc,40.5,43.75,-3.25,-14.0,0.9080874673754472
15202,25572,503002_bpc,503001_mpc,57.5,98.75,-41.25,-18.0,0.853525136210838
11673,7414,502101_mpc,501802_bpc,29.0,25.75,3.25,-21.0,0.8710834538751043
37421,21293,508502_bpc,515002_bpc,45.0,54.0,-9.0,5.0,0.8171614530068011
16465,30992,507301_mpc,507202_bpc,31.0,22.5,8.5,1.0,0.7016551843925463
12985,25990,514201_mpc,512801_mpc,63.75,97.5,-33.75,2.0,0.8961211594027925
20430,21313,512601_mpc,514602_bpc,68.75,53.75,15.0,-3.0,0.9363864566067442
17129,23934,507301_mpc,506501_mpc,30.0,35.0,-5.0,-26.0,0.8530587481997921
10748,13524,509301_mpc,515001_mpc,29.75,28.75,1.0,1.0,0.7953480837713682
22767,12175,504903_mec,504701_mpc,26.25,15.0,11.25,1.0,0.8737364408825832
12451,22716,513904_cec,513704_cec,12.5,5.0,7.5,6.0,0.9720324370640533
16224,30992,507001_mpc,507202_bpc,27.75,22.5,5.25,-6.0,0.8100807905657305
17003,19032,504401_mpc,504503_mec,23.25,30.0,-6.75,43.0,0.8584773731231419
3435,36478,511801_mpc,511802_bpc,40.0,49.0,-9.0,3.0,0.7944152599075633
5714,7552,503102_bpc,503202_bpc,30.0,30.0,0.0,-5.0,0.8753704624440211
36122,11593,514702_bpc,514901_mpc,46.75,53.0,-6.25,3.0,0.7749850434844192
18829,5993,514601_mpc,514701_mpc,38.75,36.25,2.5,18.442871,0.8951442210140134
2282,2668,504002_bpc,504202_bpc,35.5,32.5,3.0,-25.0,0.823070674397171
33219,21134,511702_bpc,513704_cec,18.5,6.25,12.25,-41.0,0.9068441935120026
31851,566,505701_mpc,505602_bpc,35.0,35.0,0.0,-9.0,0.6287177655373734
33296,29966,513904_cec,511402_bpc,17.5,8.75,8.75,-3.0,0.9262600335829376
9182,5000,506501_mpc,507501_mpc,82.5,100.25,-17.75,-6.0,0.9481350256868667
22548,13390,512104_cec,511604_cec,8.75,8.25,0.5,-45.0,0.9466068620483724
1357,3127,507401_mpc,507601_mpc,24.0,18.75,5.25,6.0,0.8779095340804868
10416,39198,505902_bpc,505402_bpc,39.0,32.5,6.5,21.442871,0.8345523609433807
14109,15912,508501_mpc,509501_mpc,58.0,58.0,0.0,-15.0,0.9419557696689335
18350,25604,506202_bpc,507001_mpc,77.5,72.5,5.0,2.0,0.9411092072635028
18597,14059,503301_mpc,501601_mpc,63.5,105.25,-41.75,-2.0,0.8899429693494856
18375,6244,501602_bpc,502202_bpc,27.75,31.25,-3.5,10.0,0.9550770827105516
13160,26741,511202_bpc,513104_cec,49.75,48.75,1.0,-31.0,0.8279696560707087
10118,13045,514802_bpc,514902_bpc,31.25,12.75,18.5,-5.0,0.7799215057133266
11726,14817,501903_mec,502005_hec,20.75,14.75,6.0,13.0,0.7732466356423903
10896,26796,502101_mpc,501801_mpc,40.0,46.25,-6.25,3.0,0.839735254380203
1393,6854,512701_mpc,512501_mpc,30.0,36.25,-6.25,31.0,0.8597310115160661
12649,3668,505601_mpc,505701_mpc,72.5,68.75,3.75,15.0,0.992626149571267
7575,6676,506903_mec,505302_bpc,3.75,-1.0,4.75,-20.0,0.8865187909613699
15323,24897,503802_bpc,503201_mpc,52.25,70.0,-17.75,4.0,0.8151762235739249
1208,37589,506301_mpc,506201_mpc,49.0,51.75,-2.75,5.0,0.9694364621698149
23317,7715,512601_mpc,512701_mpc,50.0,48.5,1.5,13.0,0.9077944183460421
17297,23618,513903_mec,513704_cec,0.0,12.5,-12.5,10.0,0.9377905604453156
11410,23192,514801_mpc,514901_mpc,17.5,28.75,-11.25,27.0,0.8835794339970926
10033,6587,514301_mpc,514501_mpc,40.0,47.5,-7.5,-17.0,0.8208459728105014
23869,1584,504002_bpc,503601_mpc,54.5,72.5,-18.0,-9.0,0.8124979984189695
35833,7336,513503_mec,512104_cec,8.75,6.0,2.75,9.0,0.9171170667514819
1899,6318,509104_cec,509105_hec,18.75,12.5,6.25,-6.0,0.9010065505208174
26331,18278,513202_bpc,508501_mpc,68.75,99.75,-31.0,8.0,0.9073966138407712
29597,29858,506404_cec,508904_cec,22.5,11.5,11.0,9.442871,0.746670872923917
28261,16484,504401_mpc,504701_mpc,33.75,33.5,0.25,22.0,0.9200318455721137
5456,18616,512901_mpc,511701_mpc,17.0,25.0,-8.0,-2.0,0.8944611029790035
9009,18600,512201_mpc,511902_bpc,66.25,71.5,-5.25,-21.0,0.9306030729884852
2521,3167,503801_mpc,504001_mpc,26.25,29.25,-3.0,37.0,0.9036341913911498
7706,16283,502702_bpc,503002_bpc,32.75,35.25,-2.5,5.0,0.8696577864036871
35351,24284,505702_bpc,505701_mpc,27.5,25.0,2.5,-27.0,0.8998446858941225
36845,9538,512501_mpc,512601_mpc,33.75,26.25,7.5,-8.0,0.8638492033795386
28927,19566,501602_bpc,502202_bpc,45.0,54.0,-9.0,14.0,0.9078969282457078
24699,10819,512104_cec,512201_mpc,26.25,31.25,-5.0,39.0,0.8686853807392125
14518,22489,514001_mpc,513903_mec,25.0,10.0,15.0,-14.0,0.8630471785005887
6404,21851,501502_bpc,501602_bpc,43.5,52.25,-8.75,10.0,0.8810587473699725
33533,35510,511702_bpc,511802_bpc,35.25,34.0,1.25,-28.0,0.9000687509515155
6870,20395,506001_mpc,505602_bpc,25.5,26.25,-0.75,7.0,0.929868650690018
1749,1725,514901_mpc,514801_mpc,29.25,31.75,-2.5,11.0,0.9792506054325202
17224,3162,507904_cec,507701_mpc,18.0,22.5,-4.5,-40.0,0.9252758981638094
19226,17658,512802_bpc,512902_bpc,42.5,56.25,-13.75,-19.0,0.7337822796265909
23977,24048,505801_mpc,505203_mec,30.0,27.75,2.25,14.0,0.8918401753813029
30982,27816,511701_mpc,511802_bpc,52.5,48.75,3.75,4.0,0.7996209941866153
17579,1559,504001_mpc,505601_mpc,63.75,103.0,-39.25,-1.0,0.8903967238024532
13760,37644,506302_bpc,506602_bpc,45.75,48.75,-3.0,-34.0,0.9356518668863735
2384,26243,505601_mpc,505301_mpc,35.25,40.0,-4.75,3.442871,0.8118410820281442
18294,13045,514802_bpc,514902_bpc,28.75,12.75,16.0,-7.0,0.8461527419896222
3617,9626,502801_mpc,503001_mpc,49.75,50.0,-0.25,-2.0,0.7818240668112216
16607,7792,507702_bpc,502505_hec,37.5,39.5,-2.0,-4.0,0.817361210787453
5087,24816,514802_bpc,513103_mec,16.25,4.5,11.75,-27.0,0.8504369830315486
4412,2544,508201_mpc,507904_cec,18.75,18.0,0.75,-3.0,0.9122751960287361
38847,20379,513903_mec,511902_bpc,16.25,-2.5,18.75,42.0,0.9059565769678934
8174,4686,514302_bpc,514502_bpc,21.0,14.25,6.75,14.0,0.9230993075007092
28764,29056,504903_mec,504504_cec,27.5,26.5,1.0,15.0,0.7692238070879263
10933,10704,504504_cec,504503_mec,9.5,22.5,-13.0,-28.0,0.9191820038682053
22078,7814,511401_mpc,502201_mpc,20.0,20.0,0.0,0.0,0.9805063130343113
12172,18801,508801_mpc,509401_mpc,16.5,16.25,0.25,9.0,0.9120912271730168
26945,3774,508201_mpc,508102_bpc,35.0,28.75,6.25,-5.0,0.7973023013709281
10391,17007,501801_mpc,502201_mpc,48.0,56.25,-8.25,-10.0,0.9076129391132769
30059,12172,509104_cec,508801_mpc,19.0,16.5,2.5,-9.0,0.9061932207511743
12851,20183,514902_bpc,514701_mpc,43.75,37.5,6.25,1.0,0.7946589985349912
19804,11084,514302_bpc,511802_bpc,36.25,30.25,6.0,-25.0,0.7293294771122832
25697,16550,502101_mpc,501801_mpc,28.75,35.25,-6.5,3.0,0.8793961482678376
2828,10905,504002_bpc,503602_bpc,27.0,8.75,18.25,18.0,0.8155010468849724
16484,21041,504701_mpc,504903_mec,33.5,25.0,8.5,1.0,0.7702129236913464
492,3687,514801_mpc,514602_bpc,31.25,27.5,3.75,-1.0,0.8580231929135771
26843,9457,509302_bpc,508402_bpc,53.75,52.5,1.25,9.0,0.9407560757219079
16929,5660,507302_bpc,507002_bpc,33.5,25.5,8.0,0.0,0.7792410146787303
6452,629,508402_bpc,509002_bpc,42.0,35.0,7.0,9.0,0.7587806448634364
14012,22716,513503_mec,513704_cec,14.0,5.0,9.0,-10.0,0.9576965843753019
37427,3685,509105_hec,509104_cec,18.75,21.25,-2.5,0.0,0.8872238598663452
19539,5464,507802_bpc,508002_bpc,20.0,23.75,-3.75,-4.0,0.9775829842496723
1770,31789,505204_cec,505301_mpc,49.75,77.5,-27.75,15.0,0.7281996837807915
30022,10748,508801_mpc,509301_mpc,33.75,29.75,4.0,4.0,0.7912672853463697
21399,1800,506702_bpc,506602_bpc,23.75,26.25,-2.5,-7.0,0.873121386444191
10027,8274,505702_bpc,505902_bpc,55.75,57.5,-1.75,-7.0,0.9251947107568149
14546,8706,508701_mpc,508501_mpc,49.0,54.25,-5.25,-8.0,0.8654584698720705
3095,20053,508501_mpc,509105_hec,36.75,26.75,10.0,22.0,0.7174822224026196
17832,18708,513602_bpc,513601_mpc,23.75,29.5,-5.75,-31.0,0.8973940867516246
1584,20746,503601_mpc,503202_bpc,72.5,73.75,-1.25,17.0,0.9636365362917217
29874,21332,506404_cec,506702_bpc,21.25,18.75,2.5,37.0,0.8100209623944263
25595,24640,506302_bpc,506101_mpc,62.25,65.25,-3.0,4.0,0.9516350655011193
10112,21322,506904_cec,506404_cec,22.5,21.75,0.75,5.0,0.8471857750406756
16321,26517,513103_mec,513104_cec,32.5,20.0,12.5,40.0,0.649997694407456
12188,18675,511201_mpc,511401_mpc,51.0,57.0,-6.0,-10.0,0.9503733726304768
20890,15078,511901_mpc,512201_mpc,57.5,47.5,10.0,-5.0,0.897693808419134
3164,1365,504503_mec,504504_cec,24.5,27.5,-3.0,46.0,0.8417277676683856
23779,9833,513504_cec,513503_mec,6.25,6.25,0.0,-22.0,0.9189291245203249
15315,3880,505204_cec,507602_bpc,31.25,34.25,-3.0,19.0,0.8873573127976276
21135,2193,503904_cec,503301_mpc,22.5,13.5,9.0,14.0,0.8078172627651217
16730,15892,503002_bpc,502802_bpc,44.0,38.75,5.25,-2.0,0.8022564681351885
1029,3708,501903_mec,508201_mpc,18.75,16.75,2.0,-35.0,0.8342954495916993
10208,34168,511401_mpc,511201_mpc,48.75,45.0,3.75,6.0,0.9049843864685495
2267,6015,506002_bpc,505901_mpc,26.25,23.75,2.5,-30.0,0.874119975730496
17332,22722,505301_mpc,505901_mpc,28.75,29.0,-0.25,15.0,0.9665230491262656
36507,23232,513704_cec,514202_bpc,4.0,8.75,-4.75,-15.0,0.9677335936364807
5128,24019,505901_mpc,505301_mpc,40.0,43.5,-3.5,-1.0,0.662496218630066
2993,3661,508202_bpc,508102_bpc,22.5,12.5,10.0,40.0,0.9666882032498822
3543,12165,508102_bpc,507904_cec,26.25,11.25,15.0,20.0,0.8537137229324003
15029,22642,508903_mec,509302_bpc,26.5,13.25,13.25,-11.0,0.8451776745472688
11306,14107,514901_mpc,514601_mpc,70.75,88.25,-17.5,22.0,0.9248782860506868
5459,20634,506002_bpc,512901_mpc,15.25,15.0,0.25,-17.0,0.9192467781834905
23246,11476,505102_bpc,505802_bpc,25.25,7.5,17.75,17.0,0.8799401989187877
34390,9898,511303_mec,511202_bpc,21.75,27.5,-5.75,-24.0,0.909784609067649
11912,4210,503001_mpc,502504_cec,31.75,27.5,4.25,-6.0,0.8187368928018338
21821,13581,506702_bpc,506903_mec,31.25,30.25,1.0,-1.0,0.885007193084924
24572,1160,512501_mpc,511401_mpc,80.0,105.0,-25.0,0.0,0.9499734771895096
27104,8788,508801_mpc,507602_bpc,30.0,21.25,8.75,-2.0,0.6982647789044911
28145,14230,508702_bpc,509202_bpc,41.25,51.0,-9.75,8.0,0.6763488805302271
8819,12914,509201_mpc,508701_mpc,50.0,60.5,-10.5,-18.0,0.8923288957030948
5773,27121,505402_bpc,505401_mpc,60.75,86.25,-25.5,-9.0,0.9271362557654775
21251,10059,506801_mpc,506501_mpc,30.0,34.75,-4.75,2.0,0.8022970118192227
35480,33568,511702_bpc,511701_mpc,43.75,60.75,-17.0,7.0,0.7125987163668874
23930,5849,514402_bpc,514302_bpc,18.75,23.25,-4.5,-26.0,0.9166085461215631
26762,17326,512201_mpc,512401_mpc,32.5,25.0,7.5,1.0,0.8145018702278715
3871,11116,506602_bpc,506502_bpc,67.5,69.25,-1.75,-3.0,0.9696337055099398
27477,31717,512601_mpc,512502_bpc,44.5,52.0,-7.5,21.0,0.8463421014370356
4387,7200,514602_bpc,514701_mpc,58.75,70.5,-11.75,-5.0,0.9096546381150991
22744,28590,502005_hec,507201_mpc,8.0,17.5,-9.5,4.0,0.8836466524618782
2897,3855,509402_bpc,508302_bpc,22.75,7.75,15.0,10.0,0.8893961385275351
2500,18399,508801_mpc,509202_bpc,31.75,35.5,-3.75,-6.0,0.7456876115620148
16636,17027,513104_cec,511604_cec,21.25,15.0,6.25,-14.0,0.9371176698253497
14069,36022,505502_bpc,505802_bpc,48.0,46.25,1.75,6.0,0.9109540613582779
6302,3276,503602_bpc,503802_bpc,46.25,42.5,3.75,4.0,0.8324530539220572
6635,13227,503802_bpc,503801_mpc,64.0,90.0,-26.0,-3.0,0.888511109877368
5615,36978,514602_bpc,514902_bpc,50.0,65.75,-15.75,-21.0,0.9097141956648036
31048,31146,514001_mpc,514201_mpc,43.5,51.75,-8.25,9.0,0.7533233733405067
6603,16597,511802_bpc,511702_bpc,41.5,56.25,-14.75,-32.0,0.6282634472266866
29304,6252,508001_mpc,508002_bpc,73.75,93.75,-20.0,1.0,0.9514601838100613
30341,8503,505502_bpc,505102_bpc,45.0,40.0,5.0,3.0,0.8841382911337323
6822,6458,501904_cec,502505_hec,27.25,23.75,3.5,-11.0,0.7796786894063263
2064,438,508903_mec,508401_mpc,56.5,61.25,-4.75,-5.0,0.9273470714084184
6366,18940,507402_bpc,508101_mpc,25.0,25.75,-0.75,-4.0,0.877182726767515
484,12686,508302_bpc,509202_bpc,43.75,51.25,-7.5,-10.0,0.8423418543572285
15161,14952,503904_cec,503202_bpc,16.25,21.0,-4.75,-10.0,0.9160627675057629
2715,7740,512502_bpc,512601_mpc,48.25,51.25,-3.0,-19.0,0.897494157252701
3646,141,505203_mec,506002_bpc,9.75,7.5,2.25,7.0,0.9704135577796226
1529,13228,513104_cec,505301_mpc,91.25,94.0,-2.75,-14.0,0.9504426496797823
4249,5491,512201_mpc,512202_bpc,45.75,53.25,-7.5,12.0,0.8722080219504229
38927,25904,502004_cec,501502_bpc,38.75,36.75,2.0,-2.0,0.8630373599017872
38049,1930,508202_bpc,505802_bpc,76.0,93.75,-17.75,4.0,0.9327113771115341
5432,35593,509201_mpc,508701_mpc,91.25,75.0,16.25,0.0,0.977785980059
4073,35191,502701_mpc,502101_mpc,13.75,1.25,12.5,29.0,0.8391458883983967
23930,33915,514402_bpc,514302_bpc,18.75,18.75,0.0,-10.0,0.9844360684273199
21477,10391,502102_bpc,501801_mpc,45.0,48.0,-3.0,-17.442871,0.8149372817419249
7056,15225,507801_mpc,507401_mpc,42.5,46.5,-4.0,6.0,0.813603791760445
12731,33665,511801_mpc,513704_cec,17.5,5.5,12.0,12.0,0.9492593663823037
21321,6933,512501_mpc,512701_mpc,32.5,31.5,1.0,-24.0,0.9841509421348518
34908,31082,511304_cec,511604_cec,20.25,26.5,-6.25,-4.0,0.8973784693149207
22852,22118,506802_bpc,507002_bpc,38.75,37.25,1.5,5.557129,0.8033942354538275
30806,6949,512902_bpc,514602_bpc,27.5,29.25,-1.75,-23.0,0.8864735560874635
1311,12136,505204_cec,505101_mpc,29.75,30.25,-0.5,-33.0,0.8012337221185002
11631,36157,505101_mpc,505301_mpc,60.0,70.5,-10.5,2.0,0.9377911141759188
9155,4264,502504_cec,502505_hec,27.5,3.75,23.75,14.0,0.764420217044362
11105,4616,508302_bpc,509105_hec,16.5,2.0,14.5,11.442871,0.9237621050319167
7109,8604,502101_mpc,502201_mpc,51.25,47.0,4.25,-25.0,0.9580131630089989
11867,33274,508501_mpc,509201_mpc,55.0,65.5,-10.5,-16.0,0.9427507949389363
16591,17844,511702_bpc,512201_mpc,35.0,38.5,-3.5,-24.0,0.6653739207936791
3925,3173,502802_bpc,503002_bpc,34.0,34.75,-0.75,8.0,0.9018415657114068
7886,28048,506301_mpc,506101_mpc,22.5,10.0,12.5,4.0,0.9307776382009735
27301,19000,514202_bpc,513602_bpc,13.75,8.75,5.0,9.0,0.8799931069499263
3006,728,513103_mec,512901_mpc,34.0,35.0,-1.0,5.0,0.8941336970008291
18698,16506,511304_cec,511604_cec,29.0,27.5,1.5,-23.0,0.8064840576993053
28425,10401,513903_mec,513503_mec,12.5,9.75,2.75,8.0,0.8795928375130538
32423,19225,507502_bpc,507904_cec,51.25,53.75,-2.5,16.0,0.9275132714425514
13117,20150,501502_bpc,501802_bpc,28.25,22.75,5.5,7.0,0.7073533926934081
19225,30487,507904_cec,508202_bpc,53.75,48.75,5.0,-30.0,0.8982494172855582
37806,21707,504504_cec,504701_mpc,48.75,70.5,-21.75,-41.0,0.8269697617885423
38270,25141,503905_hec,507702_bpc,20.0,14.5,5.5,42.0,0.8794679006174864
29302,18966,514202_bpc,513602_bpc,41.5,35.0,6.5,-12.442871,0.6215787645609859
113,18101,509502_bpc,508904_cec,43.75,46.0,-2.25,27.0,0.7571528458005968
8630,6108,515002_bpc,509201_mpc,29.5,28.5,1.0,-3.0,0.8748168772603858
16288,21057,512601_mpc,512702_bpc,81.0,58.25,22.75,30.0,0.9444148142824103
19866,13128,511801_mpc,511802_bpc,37.25,40.0,-2.75,15.0,0.7176952732497566
11087,22886,511201_mpc,511402_bpc,53.25,56.25,-3.0,-20.0,0.8660325096567978
6883,505,509501_mpc,509001_mpc,73.75,78.0,-4.25,8.0,0.9473439809544499
24853,35593,509401_mpc,508701_mpc,63.75,75.0,-11.25,-11.0,0.9620091285079397
22499,8249,504002_bpc,503302_bpc,35.75,35.0,0.75,1.0,0.7305837879812942
39190,14417,507201_mpc,506801_mpc,28.75,29.0,-0.25,30.0,0.7566042392893615
37695,11812,512402_bpc,512104_cec,33.75,26.25,7.5,19.0,0.7155774023763845
2500,14613,508801_mpc,508501_mpc,31.75,28.75,3.0,49.0,0.7590399377235877
14464,18459,503001_mpc,502801_mpc,34.25,37.5,-3.25,-15.0,0.7953633508694454
38444,4237,505802_bpc,506002_bpc,43.0,48.75,-5.75,5.0,0.882612891180934
30153,3093,505901_mpc,505701_mpc,75.5,80.0,-4.5,6.0,0.9856448509399381
18695,19820,509402_bpc,508502_bpc,27.25,30.0,-2.75,-8.0,0.807509760226314
18473,17012,502801_mpc,502702_bpc,54.0,73.75,-19.75,-16.0,0.8328748930728356
4931,12891,507401_mpc,507601_mpc,40.0,33.75,6.25,31.0,0.715921013313814
37806,990,504504_cec,504401_mpc,48.75,78.75,-30.0,-51.0,0.8102639581882384
7438,11475,505501_mpc,505102_bpc,10.0,10.0,0.0,-10.0,0.956111233111184
11062,14743,507501_mpc,508201_mpc,22.5,18.75,3.75,23.0,0.9902890731105799
35904,28437,513904_cec,512802_bpc,22.5,6.5,16.0,30.0,0.7383829713469989
1999,17931,505102_bpc,505702_bpc,42.5,41.5,1.0,13.0,0.8484115635741212
4083,31024,507502_bpc,508001_mpc,38.75,36.25,2.5,18.0,0.6809457730336813
14664,33428,508202_bpc,507802_bpc,23.75,22.5,1.25,-1.0,0.97554016769392
1382,12597,509301_mpc,515001_mpc,41.25,52.75,-11.5,0.0,0.6759946512485716
7560,13378,502101_mpc,501502_bpc,38.75,43.25,-4.5,-17.0,0.8019737565802019
4221,19681,508302_bpc,508402_bpc,47.5,50.25,-2.75,-4.0,0.9019037647727293
26624,5000,501601_mpc,507501_mpc,81.25,100.25,-19.0,-18.0,0.9467606349352764
15824,20859,501801_mpc,501601_mpc,36.25,40.75,-4.5,-8.0,0.756623944940401
5431,6863,507802_bpc,504503_mec,32.5,21.5,11.0,11.0,0.6074060744200634
20357,21810,505204_cec,506404_cec,32.75,17.75,15.0,-5.0,0.7178351058399233
16277,28726,507002_bpc,506502_bpc,41.25,48.75,-7.5,1.0,0.81395374034395
18944,12724,514201_mpc,513904_cec,18.5,8.0,10.5,10.0,0.9611524377006873
2633,32083,505402_bpc,505204_cec,33.75,30.25,3.5,23.0,0.8338859880901272
9538,21321,512601_mpc,512501_mpc,26.25,32.5,-6.25,25.0,0.8995117588816117
3862,29474,513601_mpc,510101_mpc,1.25,-2.5,3.75,12.0,0.9056297978111135
19087,14525,502101_mpc,501801_mpc,51.25,47.5,3.75,2.0,0.9544659394762689
8422,9751,508102_bpc,508202_bpc,29.25,31.25,-2.0,30.0,0.9545081090791232
16790,25302,502701_mpc,506903_mec,26.25,17.75,8.5,15.0,0.8592806749126222
18091,25802,511902_bpc,510101_mpc,47.5,65.0,-17.5,1.0,0.6717739219497427
13574,24304,509502_bpc,509202_bpc,79.25,95.0,-15.75,4.0,0.9513821572843876
4376,6959,509401_mpc,502504_cec,37.25,33.75,3.5,-13.0,0.5494320376903823
7603,15,501502_bpc,502102_bpc,43.75,50.5,-6.75,-1.0,0.8605266875458474
32033,28941,509001_mpc,508501_mpc,39.0,38.75,0.25,-4.0,0.8209774738848185
3122,4012,507702_bpc,507802_bpc,15.0,13.75,1.25,2.0,0.9906528924608682
8105,5290,505401_mpc,505602_bpc,37.5,34.25,3.25,19.0,0.7850536368897879
29555,24413,514801_mpc,514601_mpc,65.25,82.75,-17.5,7.0,0.9801396160902269
11673,20150,502101_mpc,501802_bpc,29.0,22.75,6.25,-16.0,0.8760480129487259
12539,35868,505902_bpc,505102_bpc,38.75,34.75,4.0,-19.0,0.9365649236087081
3872,4310,508302_bpc,509402_bpc,33.75,32.25,1.5,7.0,0.9693397015169217
13086,11638,503001_mpc,502801_mpc,31.25,32.5,-1.25,-3.0,0.9356911014470284
14951,30713,504201_mpc,504903_mec,18.0,23.25,-5.25,-8.0,0.925761455804571
5941,34713,510102_bpc,511902_bpc,33.75,24.25,9.5,22.0,0.8132324586620548
9509,3892,508001_mpc,507401_mpc,36.5,40.0,-3.5,-5.0,0.8844670382852051
25592,13641,511603_mec,513602_bpc,23.0,16.25,6.75,12.0,0.9458402521838499
28940,19565,507402_bpc,505101_mpc,63.75,96.5,-32.75,2.0,0.8839963830985729
29928,16608,511304_cec,511201_mpc,28.75,31.25,-2.5,-31.0,0.8995299089216614
6678,24524,501602_bpc,502102_bpc,42.0,42.5,-0.5,-7.0,0.9453365898078067
5818,3587,504503_mec,508102_bpc,25.0,30.0,-5.0,-39.0,0.8160205909734837
16953,19080,506201_mpc,506302_bpc,55.0,67.5,-12.5,-11.0,0.9243897539663455
6095,3162,507702_bpc,507701_mpc,26.25,22.5,3.75,-3.0,0.9399337511862448
10241,11094,508701_mpc,509104_cec,14.75,21.25,-6.5,-7.0,0.9196244177564658
20292,23249,505701_mpc,512902_bpc,59.5,80.0,-20.5,-30.0,0.9390448873809394
27075,32794,511401_mpc,511202_bpc,57.25,66.25,-9.0,-1.0,0.9281012741779601
16304,33912,501904_cec,501903_mec,17.5,16.25,1.25,9.0,0.9136072577728896
1428,13505,506201_mpc,506101_mpc,37.75,48.75,-11.0,-19.0,0.7013648312553482
7318,17072,508402_bpc,515002_bpc,62.5,72.5,-10.0,-10.0,0.9467934515994239
22696,37712,508903_mec,508502_bpc,26.25,25.0,1.25,-24.0,0.8435053162099181
2641,30343,508701_mpc,509301_mpc,16.5,6.25,10.25,42.0,0.9378567858974285
25342,17091,511304_cec,511402_bpc,32.5,32.5,0.0,17.0,0.7760095438442022
37252,14613,509104_cec,508501_mpc,23.5,28.75,-5.25,45.0,0.8838381062524794
14130,7958,512104_cec,511901_mpc,30.0,28.75,1.25,19.0,0.7899120948897704
18258,10465,513202_bpc,513404_cec,24.25,7.5,16.75,18.0,0.7153407757313018
39003,9580,513904_cec,513103_mec,11.25,12.5,-1.25,-4.0,0.935309656704091
21572,1325,514201_mpc,514902_bpc,53.75,57.5,-3.75,7.0,0.8130232122797199
34088,11806,507701_mpc,508001_mpc,20.0,18.75,1.25,3.0,0.9990220830269382
27023,14817,501502_bpc,502005_hec,18.75,14.75,4.0,3.0,0.8691701878367402
12438,9919,506602_bpc,507301_mpc,43.75,60.0,-16.25,6.0,0.6830769638553373
15240,2982,514801_mpc,513403_mec,61.25,78.75,-17.5,9.0,0.9124164347548424
6318,3855,509105_hec,508302_bpc,12.5,7.75,4.75,2.0,0.9617978959485121
34924,14319,510102_bpc,512201_mpc,59.5,61.25,-1.75,26.0,0.8776376280971063
10891,27233,506201_mpc,506301_mpc,58.5,56.25,2.25,0.0,0.9956458388526375
16742,27075,511202_bpc,511401_mpc,52.75,57.25,-4.5,-30.0,0.9233075770824583
23258,37888,514002_bpc,513404_cec,38.5,44.25,-5.75,12.0,0.5194789340329937
8823,24378,507601_mpc,507701_mpc,70.0,67.5,2.5,1.0,0.9696382192381774
15180,26237,504001_mpc,508904_cec,4.5,14.5,-10.0,-28.0,0.9462042772088902
20395,6870,505602_bpc,506001_mpc,26.25,25.5,0.75,-7.0,0.929868650690018
10905,4735,503602_bpc,504201_mpc,8.75,15.5,-6.75,15.0,0.9127366926172661
19267,4275,510101_mpc,512401_mpc,52.5,64.0,-11.5,2.0,0.9332310243051555
20525,14142,507601_mpc,505401_mpc,30.0,23.75,6.25,-4.0,0.7695995458935425
18811,14613,508301_mpc,508501_mpc,27.5,28.75,-1.25,33.0,0.8130922793108344
14062,15920,508502_bpc,509105_hec,21.25,16.0,5.25,11.0,0.9487194718398708
27597,6740,504904_cec,504503_mec,28.75,22.75,6.0,2.0,0.755534801476288
3372,557,514302_bpc,514502_bpc,35.0,32.5,2.5,11.0,0.9547921176558983
1289,25661,509502_bpc,508302_bpc,81.5,65.5,16.0,-1.0,0.9646854635296118
16180,5409,507801_mpc,508001_mpc,0.75,11.75,-11.0,6.0,0.9880584283403916
17713,21967,512202_bpc,511902_bpc,40.0,50.5,-10.5,-23.0,0.7734509449659507
27023,24390,501502_bpc,502101_mpc,18.75,27.5,-8.75,-3.0,0.8842401953060745
19434,5163,508402_bpc,508904_cec,43.75,47.25,-3.5,-11.0,0.8448027760488459
18687,19271,506404_cec,506904_cec,16.75,13.0,3.75,-18.557129,0.922918030613705
15317,22204,507502_bpc,507402_bpc,58.0,61.25,-3.25,4.0,0.9807496438473536
17634,11108,504904_cec,504401_mpc,40.25,38.75,1.5,-7.0,0.8498125303856312
31992,7189,513201_mpc,513601_mpc,63.75,56.25,7.5,-1.0,0.9040300268851691
11858,11640,514301_mpc,513201_mpc,60.5,95.5,-35.0,-3.0,0.8769937020247018
30399,35799,502202_bpc,502201_mpc,50.0,52.5,-2.5,-7.0,0.9419803758616692
20993,11565,507501_mpc,507702_bpc,23.5,12.75,10.75,-38.0,0.9294596163242091
5874,14709,509001_mpc,509105_hec,18.75,17.75,1.0,22.442871,0.9047409056106233
14334,8012,506202_bpc,506201_mpc,92.75,84.75,8.0,-12.0,0.977828799148089
32571,23816,505702_bpc,505701_mpc,25.0,25.5,-0.5,-4.0,0.9321084110511255
6492,9172,502505_hec,503002_bpc,4.5,7.5,-3.0,-13.0,0.9080439671266377
23803,32202,513704_cec,512104_cec,30.0,15.0,15.0,23.0,0.8246310421689107
10759,10269,506101_mpc,506102_bpc,63.75,80.0,-16.25,0.0,0.9548341093241061
16210,487,514601_mpc,514901_mpc,52.75,52.5,0.25,-13.0,0.9335867997606653
15065,25073,504202_bpc,503802_bpc,42.5,35.0,7.5,-38.0,0.753508890683035
2334,24044,508903_mec,508301_mpc,13.75,16.75,-3.0,-22.0,0.8998201317456982
31420,13070,501801_mpc,501502_bpc,30.75,28.5,2.25,2.0,0.8205071609570986
10516,26493,505601_mpc,505301_mpc,65.0,63.75,1.25,-21.0,0.9682562138508395
14014,2568,505601_mpc,505501_mpc,36.25,30.0,6.25,18.0,0.7224982929389646
8761,29039,509104_cec,508903_mec,21.25,26.25,-5.0,14.0,0.8406117679519712
1803,4012,508101_mpc,507802_bpc,17.25,13.75,3.5,-10.0,0.9644340000494507
7271,20921,504402_bpc,504903_mec,25.0,21.5,3.5,2.0,0.9397510087840125
5313,4279,507601_mpc,507401_mpc,17.0,15.0,2.0,7.0,0.9903520121225792
38308,34483,502201_mpc,501601_mpc,75.0,101.25,-26.25,-16.0,0.9853872424444091
13572,11918,502004_cec,502102_bpc,33.75,34.5,-0.75,-1.0,0.7429989073715862
11576,8136,514401_mpc,514301_mpc,2.0,11.25,-9.25,-37.0,0.9672517575785937
867,13374,512501_mpc,512601_mpc,25.25,25.0,0.25,-38.0,0.8498269330384914
18015,25461,512202_bpc,513103_mec,58.75,100.0,-41.25,12.0,0.9004205183305923
22919,37589,506301_mpc,506201_mpc,40.75,51.75,-11.0,-32.0,0.7707698442554205
14129,25032,513601_mpc,513602_bpc,30.0,23.75,6.25,-22.0,0.7830814658601506
13713,28480,511303_mec,511202_bpc,30.0,28.75,1.25,-32.0,0.9227239725248095
5309,35593,509301_mpc,508701_mpc,61.25,75.0,-13.75,-3.0,0.9569693606507496
6947,12570,512201_mpc,512202_bpc,54.25,67.5,-13.25,22.0,0.9037873616553703
28155,13332,512401_mpc,511901_mpc,42.25,55.0,-12.75,-17.0,0.808580906569383
14142,19068,505401_mpc,506404_cec,23.75,17.75,6.0,-9.0,0.8662437399280479
5018,285,505902_bpc,505602_bpc,36.5,34.0,2.5,11.0,0.8366141242052814
19318,17101,506404_cec,506903_mec,17.5,13.25,4.25,-5.0,0.9318870966232813
8397,20634,505301_mpc,512901_mpc,28.75,15.0,13.75,-27.0,0.794752155638709
13234,29349,514302_bpc,514501_mpc,60.75,66.25,-5.5,20.0,0.9458664731565493
23585,5158,505101_mpc,505601_mpc,10.0,23.75,-13.75,-4.0,0.9116412869205789
28799,11360,503002_bpc,508402_bpc,73.5,87.75,-14.25,17.0,0.9228364119571435
5766,19539,507602_bpc,507802_bpc,26.0,20.0,6.0,5.0,0.9580032697348395
22627,2058,509501_mpc,508501_mpc,25.25,21.5,3.75,-19.0,0.8762193695529392
6478,6190,511701_mpc,513601_mpc,16.25,14.75,1.5,-31.0,0.9705473203928314
32887,32844,513601_mpc,514202_bpc,55.0,47.5,7.5,-4.0,0.8103122836270578
1896,37879,513103_mec,512902_bpc,35.25,43.75,-8.5,-16.0,0.5134008460316357
27933,37643,503301_mpc,503905_hec,33.75,36.25,-2.5,-28.0,0.7374657473233888
14906,6665,506903_mec,506802_bpc,22.5,21.0,1.5,-40.0,0.9245044451059934
337,7549,506002_bpc,505502_bpc,19.0,13.75,5.25,-1.0,0.8940687090180232
14421,21134,512104_cec,513704_cec,17.5,6.25,11.25,3.0,0.9431629815747317
9013,19152,501904_cec,508904_cec,20.5,16.25,4.25,31.0,0.8382889344018862
12010,19039,504401_mpc,504701_mpc,62.5,53.75,8.75,0.0,0.9207459440809613
6322,4809,507602_bpc,508002_bpc,43.75,40.0,3.75,-35.0,0.8934025693751058
38667,12204,503202_bpc,503905_hec,38.75,32.5,6.25,4.0,0.7365317407084132
13384,34483,514301_mpc,501601_mpc,97.75,101.25,-3.5,-9.0,0.9627136060400446
11008,18697,509105_hec,509002_bpc,24.0,11.25,12.75,-12.0,0.8244734456124029
25241,30519,507001_mpc,507201_mpc,33.25,34.0,-0.75,1.0,0.9449943146338858
34909,8630,509301_mpc,515002_bpc,32.5,29.5,3.0,-1.0,0.8182060815508858
15873,28927,502202_bpc,501602_bpc,41.25,45.0,-3.75,-4.0,0.9395467847259992
35218,2988,505203_mec,505401_mpc,25.25,15.25,10.0,-25.442871,0.8834501088328369
35904,22716,513904_cec,513704_cec,22.5,5.0,17.5,20.0,0.7473167848811317
19130,37958,514201_mpc,513602_bpc,55.0,62.5,-7.5,1.0,0.9598147445878078
240,8252,514401_mpc,514301_mpc,23.0,10.0,13.0,5.0,0.9268198552938911
2597,30999,512602_bpc,512501_mpc,30.0,27.5,2.5,8.0,0.885587920171662
28014,17739,513601_mpc,511801_mpc,23.75,30.0,-6.25,-14.0,0.779759894068879
6526,28274,506102_bpc,506202_bpc,53.75,64.0,-10.25,-15.0,0.9503665991893856
2678,2665,506602_bpc,507002_bpc,26.0,25.0,1.0,40.0,0.9079333192185217
3396,7844,513504_cec,511802_bpc,7.5,5.0,2.5,0.0,0.9507732536481655
7897,24572,512702_bpc,512501_mpc,58.75,80.0,-21.25,5.0,0.9289403250294227
11224,5486,504401_mpc,504701_mpc,54.0,48.25,5.75,-2.0,0.8972464984414059
5751,18555,505801_mpc,505401_mpc,61.25,75.25,-14.0,-19.0,0.9682951238374724
1182,3135,506001_mpc,505601_mpc,60.0,80.25,-20.25,3.0,0.945164011820921
21376,14998,511304_cec,513704_cec,44.25,39.75,4.5,6.0,0.6847589491614656
4207,37712,509501_mpc,508502_bpc,27.5,25.0,2.5,-26.0,0.8694726744154212
17046,21121,511402_bpc,511401_mpc,21.5,16.25,5.25,-6.0,0.9048856562841376
29785,10516,505801_mpc,505601_mpc,49.0,65.0,-16.0,-3.0,0.8691277740449951
32498,13773,505801_mpc,505901_mpc,33.5,23.75,9.75,-3.0,0.734524563313238
2998,7863,514802_bpc,514602_bpc,23.0,10.75,12.25,1.0,0.8703124545097605
30576,15527,507301_mpc,506701_mpc,27.75,27.5,0.25,-22.442871,0.9029809649532411
27670,5065,514901_mpc,514902_bpc,33.0,32.5,0.5,-10.0,0.8465723635755229
3973,1927,501903_mec,502505_hec,11.25,11.25,0.0,-30.0,0.854931904769574
16834,37767,509401_mpc,508702_bpc,32.5,35.0,-2.5,-1.0,0.7868604430384554
3093,39293,505701_mpc,505203_mec,80.0,73.75,6.25,-7.0,0.9659990189197789
11883,11799,502101_mpc,501502_bpc,62.5,58.75,3.75,-23.0,0.9299071372137167
14043,4058,502701_mpc,502504_cec,14.0,18.5,-4.5,-26.0,0.8778662926873915
37298,16575,511303_mec,511401_mpc,26.25,13.75,12.5,-18.0,0.8504754678485501
2334,6318,508903_mec,509105_hec,13.75,12.5,1.25,-17.0,0.8937510036169746
18144,26641,505902_bpc,505502_bpc,39.75,45.0,-5.25,9.0,0.8104098632724512
4090,53,512602_bpc,512502_bpc,31.25,31.25,0.0,51.0,0.9702785342470215
24792,14319,511901_mpc,512201_mpc,50.0,61.25,-11.25,21.0,0.9270414381039712
12858,958,507301_mpc,509301_mpc,72.5,93.75,-21.25,1.0,0.9229014053317571
37287,19423,501802_bpc,501602_bpc,48.25,41.5,6.75,8.0,0.8914611338948217
7057,6200,515002_bpc,506202_bpc,43.25,41.25,2.0,-7.0,0.965046104132351
1727,31407,513601_mpc,513903_mec,42.5,50.0,-7.5,-19.0,0.7143905588494283
6459,6578,512202_bpc,511902_bpc,29.25,17.75,11.5,23.0,0.8740844837018811
33502,27629,512801_mpc,514501_mpc,11.5,7.0,4.5,58.0,0.8685126873888812
4484,23540,511402_bpc,511401_mpc,36.25,27.75,8.5,-22.0,0.7148802276107002
18338,16462,513201_mpc,512601_mpc,70.75,98.75,-28.0,2.0,0.9355572477113986
23258,16803,514002_bpc,511702_bpc,38.5,38.25,0.25,21.0,0.5208636787927287
11310,28095,511902_bpc,512202_bpc,51.5,70.0,-18.5,4.0,0.8578173138263546
11789,37435,507002_bpc,506404_cec,25.0,20.0,5.0,-15.0,0.907124892271025
9162,2853,504001_mpc,508501_mpc,33.5,30.0,3.5,-28.0,0.7336788693591908
10884,15121,511802_bpc,511701_mpc,16.5,27.5,-11.0,4.0,0.8891316345158804
16306,235,515002_bpc,508402_bpc,12.5,9.25,3.25,9.0,0.8585813739311664
18787,29433,511201_mpc,511402_bpc,51.75,54.0,-2.25,-6.0,0.9088354494902972
7702,13196,514601_mpc,514702_bpc,28.75,19.0,9.75,33.0,0.856851195988894
28437,8517,512802_bpc,513103_mec,6.5,18.75,-12.25,-5.0,0.9460175316445409
15550,23105,514301_mpc,514401_mpc,10.0,19.25,-9.25,-2.0,0.9280407118241852
5941,24463,510102_bpc,512402_bpc,33.75,19.0,14.75,37.0,0.7111068204981055
24275,20807,508801_mpc,506101_mpc,70.25,72.75,-2.5,-5.0,0.982675598860566
7933,26307,504001_mpc,504201_mpc,23.25,21.25,2.0,22.557129,0.9093118067539774
22030,12863,503201_mpc,504002_bpc,30.0,30.0,0.0,-1.0,0.7866343490925043
8492,23803,511604_cec,513704_cec,30.0,30.0,0.0,28.0,0.73872532528398
4495,19103,503002_bpc,502504_cec,26.25,27.5,-1.25,-3.442871,0.8912317048513703
13792,22391,507501_mpc,514801_mpc,81.25,98.25,-17.0,14.0,0.9444279565446037
14663,2788,509301_mpc,508701_mpc,42.5,47.75,-5.25,-20.0,0.7555720247239579
9703,30622,512104_cec,510101_mpc,25.25,21.25,4.0,-14.0,0.9223268660735505
4069,1512,507802_bpc,507702_bpc,28.25,25.0,3.25,32.0,0.9491146735311743
25871,33981,501904_cec,502202_bpc,40.0,38.0,2.0,8.0,0.6256198817322901
36198,22550,502504_cec,502801_mpc,17.5,30.0,-12.5,9.0,0.8095176440168129
5084,16684,507904_cec,507601_mpc,19.25,23.75,-4.5,-15.0,0.9073031886018106
572,4623,509301_mpc,509501_mpc,47.5,57.5,-10.0,1.0,0.8860957879666144
16705,21751,505702_bpc,505102_bpc,52.5,57.5,-5.0,-13.0,0.9171577233006223
2539,39140,507502_bpc,507801_mpc,61.25,61.25,0.0,-20.0,0.9527632767691402
11187,24787,513104_cec,513103_mec,15.75,16.25,-0.5,-8.0,0.9760629403323792
12770,14536,515002_bpc,509402_bpc,37.5,34.0,3.5,11.0,0.9028186110591307
34950,18459,502701_mpc,502801_mpc,37.5,37.5,0.0,-21.0,0.8491011217062652
28597,5091,507602_bpc,507904_cec,41.25,41.5,-0.25,-5.0,0.8266760167998993
4799,20354,508701_mpc,508802_bpc,36.25,32.5,3.75,41.0,0.7867941003762968
14323,3167,503601_mpc,504001_mpc,33.75,29.25,4.5,28.0,0.7025330837291067
24600,3308,507401_mpc,503202_bpc,38.75,43.5,-4.75,-2.0,0.6491128606205921
17544,11640,506502_bpc,513201_mpc,86.0,95.5,-9.5,9.0,0.9448394794099647
38086,13240,513704_cec,513904_cec,18.0,21.25,-3.25,2.0,0.9308251559195944
33735,7679,512104_cec,512401_mpc,12.5,5.0,7.5,10.0,0.96987963164108
18910,22768,507302_bpc,506802_bpc,38.75,41.25,-2.5,5.0,0.829714796612541
17982,6716,503001_mpc,502801_mpc,58.75,52.5,6.25,0.0,0.866468140924573
20002,18824,514902_bpc,512802_bpc,43.0,56.25,-13.25,9.0,0.7256371683961464
15917,5021,509402_bpc,509002_bpc,35.0,33.5,1.5,-10.0,0.8907532452465009
1916,24388,515002_bpc,508802_bpc,36.25,29.5,6.75,8.557129,0.8697869094548656
2267,20155,506002_bpc,505102_bpc,26.25,19.5,6.75,-31.0,0.8361408445533474
28277,18940,507801_mpc,508101_mpc,33.75,25.75,8.0,-4.0,0.8503718051406064
15520,13346,508903_mec,506903_mec,68.75,58.5,10.25,-14.0,0.9238264395541402
11124,22766,515001_mpc,509401_mpc,41.25,38.75,2.5,12.0,0.7848846538611444
6643,22722,505301_mpc,505901_mpc,30.5,29.0,1.5,8.0,0.9497196950061149
4672,4656,504001_mpc,504201_mpc,33.75,32.5,1.25,18.0,0.8020188262882323
9308,15121,511801_mpc,511701_mpc,20.25,27.5,-7.25,-9.442871,0.921270380845812
10352,38882,502102_bpc,501802_bpc,41.5,45.0,-3.5,-1.0,0.8429776815601108
7814,19507,502201_mpc,511304_cec,20.0,16.25,3.75,10.0,0.9112097509471855
570,19768,508401_mpc,509401_mpc,32.5,32.5,0.0,-6.0,0.8561819756553581
5431,5050,507802_bpc,504701_mpc,32.5,14.75,17.75,15.0,0.5537018178990994
36267,34908,513904_cec,511304_cec,32.5,20.25,12.25,8.0,0.6760091861835524
5991,1620,508002_bpc,508202_bpc,22.75,20.25,2.5,1.0,0.9863351767269116
31789,27759,505301_mpc,505402_bpc,77.5,75.0,2.5,-11.0,0.9466584953586369
31285,22997,511702_bpc,513503_mec,22.5,17.5,5.0,-7.0,0.8726704174480745
19973,4167,506501_mpc,506701_mpc,76.75,78.5,-1.75,-3.0,0.965084455894817
34908,24830,511304_cec,512104_cec,20.25,17.5,2.75,-7.0,0.9136044799406141
23411,3277,504001_mpc,503801_mpc,34.25,36.75,-2.5,-4.0,0.6408440034562446
19149,9739,509402_bpc,509302_bpc,37.75,41.75,-4.0,11.0,0.8605961959451351
35515,22326,509302_bpc,515002_bpc,22.5,27.75,-5.25,10.0,0.8193664654414682
13524,18316,515001_mpc,509001_mpc,28.75,27.5,1.25,12.0,0.8329948538221015
18199,22824,512201_mpc,511902_bpc,40.25,37.0,3.25,-3.0,0.8126895479192412
18375,692,501602_bpc,501601_mpc,27.75,20.5,7.25,-9.0,0.910381684699152
6460,5475,508101_mpc,507904_cec,1.25,8.25,-7.0,7.0,0.9861863532835464
26832,10457,512501_mpc,512701_mpc,62.5,64.5,-2.0,-20.0,0.9404781796928868
27401,15312,512702_bpc,512502_bpc,17.75,31.25,-13.5,20.0,0.817574688293526
29641,20447,506302_bpc,506202_bpc,59.25,71.25,-12.0,6.0,0.9815569510859192
357,17638,502702_bpc,502801_mpc,74.25,77.25,-3.0,2.0,0.9376191411900999
29516,24369,512402_bpc,510102_bpc,42.5,68.0,-25.5,-18.0,0.6878771315119431
2600,8966,508001_mpc,508101_mpc,23.75,29.0,-5.25,-8.0,0.9206595126195425
2083,5849,514501_mpc,514302_bpc,7.75,23.25,-15.5,-34.0,0.914555010100612
2037,8581,502701_mpc,503001_mpc,38.75,49.0,-10.25,-5.0,0.6798047074603908
14513,28741,507802_bpc,508102_bpc,27.5,20.0,7.5,17.0,0.9487287122080867
10352,19423,502102_bpc,501602_bpc,41.5,41.5,0.0,0.0,0.8581141068921782
16545,27478,501903_mec,501502_bpc,20.0,22.0,-2.0,-12.0,0.932165860631417
3863,37910,507601_mpc,507701_mpc,17.5,21.25,-3.75,-37.0,0.9540227594005183
16955,5047,509202_bpc,508702_bpc,40.5,37.5,3.0,-25.0,0.8646138152339818
8689,11425,503002_bpc,502702_bpc,40.0,44.0,-4.0,-1.0,0.9335654422125834
11753,20395,506002_bpc,505602_bpc,17.25,26.25,-9.0,-4.442871,0.9246020237435378
38100,23889,504002_bpc,502504_cec,42.75,38.0,4.75,-7.0,0.6489297315229635
2026,6501,505602_bpc,505302_bpc,14.25,12.5,1.75,-18.0,0.9318163273531616
29581,15754,513404_cec,511801_mpc,48.5,62.5,-14.0,-22.0,0.8105231952714282
14894,6627,509104_cec,509001_mpc,12.0,22.5,-10.5,-16.442871,0.9310066138135944
5475,6460,507904_cec,508101_mpc,8.25,1.25,7.0,-7.0,0.9861863532835464
13196,423,514702_bpc,514602_bpc,19.0,7.5,11.5,-6.0,0.945633478501213
10488,1834,505901_mpc,505602_bpc,33.75,34.25,-0.5,-1.0,0.8055827119007923
33296,23861,513904_cec,511304_cec,17.5,10.0,7.5,21.0,0.930926888876825
14271,22305,509105_hec,508301_mpc,23.0,27.5,-4.5,8.557129,0.8384527720461746
20746,13384,503202_bpc,514301_mpc,73.75,97.75,-24.0,-7.0,0.9233258235285814
9156,22878,511304_cec,511603_mec,13.75,21.25,-7.5,-7.0,0.9465050142311754
4479,39394,503102_bpc,503202_bpc,26.25,27.5,-1.25,0.0,0.8538966248564968
15421,8365,514301_mpc,514501_mpc,30.0,34.25,-4.25,-8.0,0.9281190085802588
14028,25990,513202_bpc,512801_mpc,66.25,97.5,-31.25,9.0,0.9045243752427768
30417,7249,513904_cec,514202_bpc,21.25,10.0,11.25,-17.0,0.8871418719432379
34353,19864,509105_hec,509401_mpc,11.5,20.75,-9.25,-21.0,0.891753326402827
13323,16674,508102_bpc,507802_bpc,31.25,28.75,2.5,2.0,0.7858208389781529
15186,16387,513202_bpc,513504_cec,14.75,10.25,4.5,37.0,0.931089052774815
1438,6541,507602_bpc,507402_bpc,65.0,50.0,15.0,0.0,0.9036105016515794
18193,27128,508904_cec,506404_cec,29.0,18.75,10.25,-12.557129,0.796128650837279
3688,39176,512602_bpc,512601_mpc,26.25,23.0,3.25,0.0,0.8660392337917466
6718,24214,509402_bpc,508302_bpc,34.0,36.0,-2.0,10.0,0.7512283860608622
21108,17459,507801_mpc,508101_mpc,25.5,27.25,-1.75,-11.0,0.9184303988286535
37252,2641,509104_cec,508701_mpc,23.5,16.5,7.0,-10.0,0.9323554488541012
28294,31992,513403_mec,513201_mpc,47.5,63.75,-16.25,5.0,0.7846996110159895
6015,25539,505901_mpc,505701_mpc,23.75,9.75,14.0,35.0,0.8778222308129269
20150,5705,501802_bpc,501502_bpc,22.75,19.0,3.75,2.0,0.9709692136339395
35339,1418,503905_hec,503904_cec,20.0,10.0,10.0,19.0,0.921006779578596
9361,32631,511901_mpc,510101_mpc,27.5,17.0,10.5,13.0,0.8956570438131087
25551,9664,508101_mpc,508201_mpc,61.25,67.75,-6.5,-8.0,0.9470383387927994
10125,20536,507602_bpc,507402_bpc,17.5,17.5,0.0,25.0,0.896717318570835
31228,5942,514701_mpc,514601_mpc,67.75,57.25,10.5,-7.0,0.9751361923246545
9466,18384,508001_mpc,507701_mpc,17.5,24.0,-6.5,-21.0,0.9417330713124679
9032,19176,515002_bpc,508904_cec,31.5,26.25,5.25,4.0,0.8469840518163266
12733,17652,506302_bpc,506102_bpc,47.75,62.25,-14.5,1.0,0.8979325657138605
30095,10586,505902_bpc,505701_mpc,-1.75,11.75,-13.5,-4.0,0.9361371725674037
14007,14452,503801_mpc,504201_mpc,31.75,27.0,4.75,39.0,0.7878259573411299
641,13524,508401_mpc,515001_mpc,31.75,28.75,3.0,7.0,0.7706636609596436
13896,25507,502801_mpc,502701_mpc,35.0,24.5,10.5,12.0,0.7621257949380845
14556,13542,501801_mpc,502701_mpc,52.5,56.5,-4.0,7.0,0.9065436452707296
9963,2561,507502_bpc,508002_bpc,44.75,40.0,4.75,9.0,0.8310699493363168
31717,17432,512502_bpc,512602_bpc,52.0,50.25,1.75,-30.0,0.8389226041284978
3585,20381,514402_bpc,514302_bpc,1.0,8.75,-7.75,-17.0,0.972027728121856
34797,35829,512201_mpc,513403_mec,60.5,82.5,-22.0,-11.0,0.8799718651143895
35340,18877,511604_cec,513904_cec,38.75,40.0,-1.25,15.0,0.6999156960085339
3271,35878,514401_mpc,514301_mpc,45.0,45.0,0.0,-14.0,0.8566877168654239
8932,34428,508502_bpc,509202_bpc,53.75,45.0,8.75,0.0,0.8875031743862478
3657,37806,504701_mpc,504504_cec,47.5,48.75,-1.25,26.557129,0.8729582517547085
14482,2422,502802_bpc,502801_mpc,45.25,40.75,4.5,-13.0,0.7923624095551054
8548,6653,509001_mpc,508301_mpc,37.75,36.25,1.5,22.0,0.6882273410504511
18193,29294,508904_cec,509104_cec,29.0,25.0,4.0,0.0,0.8014708385789164
14929,17162,503601_mpc,503301_mpc,82.5,75.0,7.5,16.0,0.9689652426221933
15473,4522,505302_bpc,505101_mpc,25.75,21.75,4.0,-13.0,0.9362514670280156
6697,20830,503904_cec,506404_cec,20.0,10.75,9.25,12.0,0.9371658095418834
4865,18892,507002_bpc,506903_mec,16.5,21.5,-5.0,-19.0,0.9290498215705792
12618,12629,502004_cec,501904_cec,34.25,35.0,-0.75,-11.0,0.824759739960392
38927,12416,502004_cec,501602_bpc,38.75,42.5,-3.75,-8.0,0.8472592491114322
4617,39223,503802_bpc,503602_bpc,46.0,52.5,-6.5,11.0,0.8393322487825577
28312,12802,511304_cec,511201_mpc,35.5,26.25,9.25,28.0,0.7102995005825294
30162,32477,514702_bpc,514902_bpc,31.25,33.0,-1.75,11.0,0.9135939980215009
11107,10725,505902_bpc,506001_mpc,32.75,31.25,1.5,4.0,0.6201869411875485
17635,12755,506602_bpc,506302_bpc,21.5,24.25,-2.75,10.0,0.9618024234303784
9606,4119,512701_mpc,512501_mpc,41.25,38.25,3.0,-12.0,0.755313401045347
18695,28053,509402_bpc,509001_mpc,27.25,22.5,4.75,-11.0,0.9034988119669185
24719,7820,502004_cec,501502_bpc,22.75,17.5,5.25,-6.0,0.9022058300374284
1746,5713,511902_bpc,512104_cec,16.5,18.75,-2.25,40.0,0.9325309169581396
16321,5529,513103_mec,513403_mec,32.5,13.75,18.75,12.0,0.6500490177055258
10991,16037,514002_bpc,513602_bpc,26.25,10.5,15.75,13.0,0.8483629404097746
7935,18285,504904_cec,504903_mec,23.75,23.75,0.0,1.0,0.896738320723439
3973,4455,501903_mec,502504_cec,11.25,6.25,5.0,-36.0,0.8556113260374014
15944,222,509302_bpc,508402_bpc,51.75,58.5,-6.75,2.0,0.8662566815950985
27526,16529,504503_mec,504504_cec,23.75,20.0,3.75,-26.0,0.9153434602229416
26842,35191,502005_hec,502101_mpc,5.0,1.25,3.75,-17.0,0.8933615468929403
20896,13045,514901_mpc,514902_bpc,28.75,12.75,16.0,-10.0,0.8276701699379703
4451,11018,503202_bpc,512402_bpc,3.75,2.5,1.25,24.0,0.8881800065421835
10067,25896,503601_mpc,504002_bpc,20.75,18.75,2.0,2.0,0.9074014525501349
15249,28940,506702_bpc,507402_bpc,41.25,63.75,-22.5,-19.0,0.5810239985232293
9670,39002,513104_cec,514002_bpc,11.25,-2.25,13.5,48.0,0.8597363064493065
35340,11084,511604_cec,511802_bpc,38.75,30.25,8.5,-4.0,0.6440142311136898
4085,20118,506903_mec,507301_mpc,22.0,10.0,12.0,-12.0,0.7777370803131025
14056,13108,505102_bpc,505702_bpc,44.75,47.5,-2.75,20.0,0.8989222665046422
2177,6228,508402_bpc,508702_bpc,53.75,76.25,-22.5,-4.0,0.8881287452458815
787,24030,514301_mpc,514501_mpc,41.25,56.25,-15.0,10.0,0.737336536516913
3499,30294,505902_bpc,505502_bpc,32.0,34.0,-2.0,-12.0,0.8636497158629077
22939,11472,511304_cec,512104_cec,26.75,8.75,18.0,30.0,0.8398070326255188
15,17116,502102_bpc,501502_bpc,50.5,55.75,-5.25,3.0,0.9417782129980511
23794,3845,504701_mpc,504504_cec,25.75,30.0,-4.25,2.0,0.8293931886158583
3601,11806,507401_mpc,508001_mpc,8.75,18.75,-10.0,34.0,0.9694672040021233
1713,24865,508802_bpc,508501_mpc,31.25,33.75,-2.5,-47.0,0.8019562667844494
24412,9711,506302_bpc,506202_bpc,56.75,68.5,-11.75,0.0,0.9672765012961554
27996,1320,511901_mpc,510101_mpc,35.0,32.25,2.75,29.0,0.9542089149863718
5280,35437,514401_mpc,513504_cec,23.75,17.5,6.25,17.442871,0.8898864217710848
13511,14308,508101_mpc,507401_mpc,71.25,90.25,-19.0,-5.0,0.9903215940268867
11536,14018,506904_cec,506404_cec,25.25,5.0,20.25,24.442871,0.8190418516584297
31877,25074,511603_mec,510102_bpc,62.25,71.5,-9.25,20.0,0.915850744891318
21290,2998,514801_mpc,514802_bpc,29.25,23.0,6.25,1.0,0.8498360585923466
34465,12443,503302_bpc,503602_bpc,40.0,38.0,2.0,-10.0,0.683888226497576
24054,18709,502004_cec,502005_hec,16.25,5.0,11.25,10.557129,0.8777221930891439
33816,20155,505501_mpc,505102_bpc,23.75,19.5,4.25,-3.0,0.8554101534078586
7623,10183,503102_bpc,503302_bpc,50.5,72.75,-22.25,-3.0,0.8284014098461806
6967,3493,508102_bpc,507502_bpc,9.25,8.75,0.5,-20.0,0.9598601271392229
6576,17928,508502_bpc,508302_bpc,28.75,27.5,1.25,13.0,0.9324506848771702
36641,6380,505701_mpc,505401_mpc,6.75,8.75,-2.0,-16.0,0.9337689530251714
2814,4052,503802_bpc,504202_bpc,38.5,37.5,1.0,11.0,0.8113621172284479
19630,20394,506101_mpc,506904_cec,51.25,91.25,-40.0,16.0,0.7752598638013536
1382,34221,509301_mpc,508701_mpc,41.25,53.75,-12.5,5.0,0.668498774802669
8660,19451,503001_mpc,502801_mpc,55.0,89.25,-34.25,-17.0,0.9078514494287868
22961,16227,506102_bpc,506801_mpc,26.0,17.5,8.5,32.0,0.9098214314869819
16628,29656,506501_mpc,507301_mpc,42.0,37.5,4.5,13.0,0.7556536765427314
8725,5448,506101_mpc,506102_bpc,54.5,65.0,-10.5,2.0,0.8868645681528623
19563,28437,514801_mpc,512802_bpc,26.5,6.5,20.0,36.0,0.8243816038702644
35868,1850,505102_bpc,505401_mpc,34.75,37.0,-2.25,-2.0,0.8175037982185428
17089,29050,505402_bpc,505702_bpc,68.0,83.75,-15.75,18.0,0.9291346680382442
33428,2499,507802_bpc,508202_bpc,22.5,22.5,0.0,4.0,0.9291446969433567
19734,23232,513602_bpc,514202_bpc,29.0,8.75,20.25,32.0,0.7630387916859388
35480,30132,511702_bpc,511701_mpc,43.75,40.75,3.0,19.0,0.7678346355072728
35904,10887,513904_cec,513201_mpc,22.5,21.25,1.25,17.0,0.962020568486444
15362,12606,512104_cec,513904_cec,25.0,11.25,13.75,-26.0,0.8810982379977306
21958,26796,502201_mpc,501801_mpc,53.75,46.25,7.5,-1.0,0.952891174460601
21927,31069,506701_mpc,506404_cec,24.5,22.75,1.75,15.0,0.923194522957519
12725,17630,506601_mpc,506702_bpc,27.5,23.75,3.75,-6.0,0.8921787951471393
3389,5376,507701_mpc,508101_mpc,48.25,48.5,-0.25,-11.0,0.9133813824775844
37934,16109,506802_bpc,506502_bpc,55.0,48.0,7.0,-3.0,0.8895641775300884
9162,8970,504001_mpc,509401_mpc,33.5,35.5,-2.0,-32.0,0.8781788713346915
17352,15213,505401_mpc,505601_mpc,65.0,85.75,-20.75,1.0,0.9539943373944413
25661,25396,508302_bpc,508502_bpc,65.5,62.75,2.75,10.0,0.9504778102931951
16360,30148,508903_mec,508301_mpc,15.5,12.5,3.0,-14.442871,0.8958899906406356
5954,14056,505802_bpc,505102_bpc,43.0,44.75,-1.75,17.0,0.9302604973460813
13940,21113,504402_bpc,504904_cec,35.25,37.5,-2.25,16.0,0.834378937036585
17332,14159,505301_mpc,505204_cec,28.75,26.25,2.5,12.0,0.8999457982708822
5721,2931,503801_mpc,503601_mpc,48.25,79.5,-31.25,7.0,0.8018462376824838
23400,12728,505701_mpc,505101_mpc,46.25,47.5,-1.25,7.0,0.883739240634877
16328,39186,513904_cec,512104_cec,43.75,55.0,-11.25,-35.0,0.7449779771908457
4212,12247,503801_mpc,503905_hec,19.75,17.5,2.25,7.0,0.8915288238507806
29928,18782,511304_cec,511402_bpc,28.75,20.5,8.25,-13.0,0.8217597263750749
9540,12113,514501_mpc,514502_bpc,38.75,32.5,6.25,8.0,0.77479964975675
14230,3959,509202_bpc,508302_bpc,51.0,68.5,-17.5,-17.0,0.9070757775604871
3430,7195,507802_bpc,508002_bpc,27.25,21.25,6.0,-1.0,0.9471405542665773
18018,3043,515002_bpc,509502_bpc,53.25,46.75,6.5,10.0,0.8828395534636861
21894,29847,511701_mpc,513504_cec,29.5,21.5,8.0,10.0,0.8284767196248115
36563,17280,503101_mpc,503102_bpc,21.25,2.5,18.75,-12.0,0.8269158967627942
7413,28786,513404_cec,512901_mpc,48.75,76.25,-27.5,-15.0,0.731689443948272
16320,25141,507002_bpc,507702_bpc,13.75,14.5,-0.75,44.0,0.9209764848587676
6311,11819,507401_mpc,508102_bpc,21.25,21.75,-0.5,13.0,0.9547487884649507
25637,3705,504903_mec,504401_mpc,40.0,50.0,-10.0,-3.0,0.5936226363428708
8557,5223,509401_mpc,509104_cec,27.0,21.25,5.75,-15.0,0.8599877040217202
15435,547,509104_cec,506101_mpc,60.0,53.75,6.25,-3.0,0.9545976454779185
3767,5991,507702_bpc,508002_bpc,25.0,22.75,2.25,-19.0,0.9742397059710945
35146,7549,505204_cec,505502_bpc,25.75,13.75,12.0,0.0,0.8628019232070174
14828,2797,506801_mpc,505402_bpc,31.25,21.75,9.5,-19.0,0.841419686362269
1433,3127,507904_cec,507601_mpc,11.25,18.75,-7.5,-31.0,0.9205449302854446
1958,7885,503904_cec,503102_bpc,11.5,6.25,5.25,9.0,0.9269037631414403
25260,6884,513403_mec,511304_cec,25.0,25.5,-0.5,-16.0,0.8329470613638301
2241,2474,502701_mpc,502702_bpc,18.75,24.5,-5.75,-10.0,0.8703406898312631
26075,17981,504202_bpc,503202_bpc,38.75,39.25,-0.5,-18.0,0.6831959354874293
22393,29186,508301_mpc,509201_mpc,56.25,66.25,-10.0,-1.0,0.9352223477831983
20677,4556,502801_mpc,502504_cec,12.5,20.0,-7.5,-4.0,0.9040131531677752
11892,29752,514902_bpc,514602_bpc,30.0,36.5,-6.5,-18.0,0.8680798560389695
9893,5200,514902_bpc,514701_mpc,43.5,48.5,-5.0,-1.0,0.8857261529973885
38232,5158,505501_mpc,505601_mpc,26.5,23.75,2.75,1.0,0.8633093092959978
3006,14740,513103_mec,512802_bpc,34.0,33.0,1.0,4.0,0.7194178461510028
6743,24166,501502_bpc,502101_mpc,28.5,28.75,-0.25,13.0,0.7362429406205192
15317,13792,507502_bpc,507501_mpc,58.0,81.25,-23.25,0.0,0.9042241330551586
15740,22962,505901_mpc,509002_bpc,75.25,74.5,0.75,-8.0,0.9789762368082287
20670,12606,512104_cec,513904_cec,7.75,11.25,-3.5,-41.0,0.9528751578106298
8349,4867,505402_bpc,506002_bpc,43.75,42.5,1.25,6.0,0.8713980618800987
1182,3668,506001_mpc,505701_mpc,60.0,68.75,-8.75,20.0,0.954157868368476
31822,24249,509401_mpc,508904_cec,73.75,68.0,5.75,-7.0,0.9546961652611998
6178,8445,508002_bpc,507502_bpc,44.0,44.75,-0.75,2.0,0.9285995025579498
5313,3521,507601_mpc,507802_bpc,17.0,11.75,5.25,-3.0,0.9622173173830432
53,600,512502_bpc,512601_mpc,31.25,35.0,-3.75,-56.0,0.8602362117682391
26618,20921,504503_mec,504903_mec,29.75,21.5,8.25,-45.0,0.8997752210773787
18132,5329,508904_cec,507904_cec,17.5,6.25,11.25,20.0,0.8690151407588067
16306,2628,515002_bpc,509501_mpc,12.5,8.75,3.75,7.0,0.8950218594510606
39139,18327,509001_mpc,508401_mpc,42.0,43.75,-1.75,1.0,0.8506711099599825
27552,6736,508801_mpc,508401_mpc,50.0,49.0,1.0,24.0,0.8692844762237335
6435,3675,508102_bpc,507802_bpc,28.75,27.5,1.25,-1.0,0.8908177572377459
12631,5627,501502_bpc,501801_mpc,42.0,48.75,-6.75,-2.0,0.7908796826050966
6492,19988,502505_hec,503905_hec,4.5,7.75,-3.25,-35.0,0.954070258392851
38080,385,514801_mpc,514602_bpc,28.0,17.5,10.5,-1.0,0.8535607307485562
4524,17931,505902_bpc,505702_bpc,38.0,41.5,-3.5,1.0,0.47906640533457073
7862,33981,503601_mpc,502202_bpc,39.5,38.0,1.5,25.0,0.6534298564428165
3556,11186,508002_bpc,507402_bpc,23.75,23.75,0.0,-23.0,0.9700180311570601
26762,25626,512201_mpc,511901_mpc,32.5,21.25,11.25,-10.0,0.7830444305389901
10213,14543,508802_bpc,509105_hec,22.5,18.75,3.75,27.0,0.8775937766521289
10808,1024,512201_mpc,504701_mpc,82.5,99.25,-16.75,0.0,0.9464879484612492
23365,1529,512801_mpc,513104_cec,61.25,91.25,-30.0,1.0,0.8996924841253309
8503,12174,505102_bpc,505502_bpc,40.0,41.25,-1.25,3.0,0.9845857843402107
2377,18555,506001_mpc,505401_mpc,76.25,75.25,1.0,-5.0,0.9730641844785628
27858,20788,501904_cec,506404_cec,24.0,15.0,9.0,-18.0,0.8564006221188746
32689,17372,501904_cec,506904_cec,37.75,40.25,-2.5,-2.0,0.6943476738116955
16112,777,509502_bpc,509302_bpc,29.5,28.75,0.75,-3.0,0.8734812978277394
18137,10067,503201_mpc,503601_mpc,15.25,20.75,-5.5,-10.0,0.9181510032697389
31717,21954,512502_bpc,512702_bpc,52.0,67.25,-15.25,-24.0,0.8591264645120515
3601,6723,507401_mpc,507904_cec,8.75,9.25,-0.5,17.0,0.9391731748668177
7640,24304,511202_bpc,509202_bpc,57.0,95.0,-38.0,4.0,0.831482531790799
35469,24587,509104_cec,508904_cec,21.25,19.25,2.0,10.557129,0.8702306145410519
2330,8809,504903_mec,504503_mec,23.0,20.0,3.0,26.0,0.8195162962345888
4346,25564,506903_mec,506801_mpc,15.0,10.0,5.0,26.442871,0.9315338662292624
20366,19187,513704_cec,513504_cec,14.5,13.75,0.75,9.0,0.8764924239228266
14989,37478,507501_mpc,507801_mpc,21.0,25.25,-4.25,-10.0,0.9595018211100748
1502,11035,507702_bpc,508102_bpc,21.25,22.75,-1.5,-24.0,0.9839878176338829
38466,32008,512901_mpc,512801_mpc,51.25,69.0,-17.75,5.0,0.8795611832734344
31056,22744,501801_mpc,502005_hec,23.5,8.0,15.5,2.0,0.818407929441952
19261,2224,503301_mpc,504001_mpc,58.75,67.75,-9.0,-15.0,0.9423668716596877
5097,3127,508101_mpc,507601_mpc,26.25,18.75,7.5,10.0,0.9095660057956371
8898,1341,514302_bpc,514902_bpc,15.0,3.75,11.25,12.0,0.8729297070842641
38639,8167,503001_mpc,502701_mpc,47.5,48.0,-0.5,-19.0,0.9491650729966754
737,10612,505702_bpc,505601_mpc,42.75,46.25,-3.5,7.0,0.7228599917382592
6072,508,505902_bpc,505602_bpc,36.5,33.75,2.75,12.0,0.857403533744349
23435,19270,506302_bpc,506301_mpc,27.75,34.75,-7.0,-18.0,0.7841272190339249
5210,3809,509201_mpc,508401_mpc,53.5,65.0,-11.5,1.0,0.9518066990165578
1584,25572,503601_mpc,503001_mpc,72.5,98.75,-26.25,-1.0,0.926906925490133
32861,19261,503101_mpc,503301_mpc,65.0,58.75,6.25,13.0,0.9450604682662671
24009,11553,502504_cec,502005_hec,32.5,30.0,2.5,-8.0,0.8411312368865874
6319,11105,509302_bpc,508302_bpc,16.25,16.5,-0.25,6.0,0.9139558612505483
5420,19349,508701_mpc,508501_mpc,27.75,28.75,-1.0,10.0,0.8885500925732627
5100,29893,503301_mpc,504001_mpc,24.0,21.5,2.5,19.0,0.893457250416456
2111,36017,508001_mpc,507802_bpc,36.25,32.25,4.0,-1.0,0.8546092385780631
2348,18940,507601_mpc,508101_mpc,22.5,25.75,-3.25,-32.0,0.8669680730611313
5073,10487,503905_hec,502005_hec,12.5,14.75,-2.25,11.0,0.8859039536452404
18742,22244,505102_bpc,505802_bpc,33.25,21.75,11.5,-24.0,0.8270865086246829
12649,14682,505601_mpc,505701_mpc,72.5,68.75,3.75,0.0,0.994725282188035
7125,15163,509401_mpc,508402_bpc,41.25,44.5,-3.25,12.0,0.7369975940919157
9650,38062,501802_bpc,502202_bpc,43.75,46.75,-3.0,2.0,0.9465773672605461
29041,1529,511802_bpc,513104_cec,73.75,91.25,-17.5,30.0,0.9249384865859873
19103,12916,502504_cec,502802_bpc,27.5,32.5,-5.0,-20.0,0.8769295465525005
25572,5857,503001_mpc,504401_mpc,98.75,92.5,6.25,0.0,0.9584989687525568
6435,4069,508102_bpc,507802_bpc,28.75,28.25,0.5,10.0,0.8841099081098426
21810,21735,506404_cec,506903_mec,17.75,10.25,7.5,51.0,0.8865691200895821
23991,2206,503101_mpc,503201_mpc,42.5,48.0,-5.5,-38.0,0.8640901940779384
25139,24798,504401_mpc,504903_mec,20.0,10.25,9.75,36.0,0.9014394903194007
15136,14443,501601_mpc,502004_cec,35.0,33.0,2.0,1.0,0.8207193986736968
20073,2753,505502_bpc,505602_bpc,42.5,53.0,-10.5,2.0,0.8552577860365425
5287,39000,509502_bpc,509402_bpc,30.0,31.25,-1.25,-11.0,0.949122254048083
3556,11035,508002_bpc,508102_bpc,23.75,22.75,1.0,-10.0,0.9773561696766558
38723,6405,503201_mpc,503801_mpc,42.5,35.0,7.5,1.0,0.7906088189357107
17972,20403,514002_bpc,514001_mpc,44.75,60.75,-16.0,-2.0,0.6432537012493242
8415,2111,507602_bpc,508001_mpc,36.25,36.25,0.0,-1.0,0.8781396040917788
22872,18707,513602_bpc,511902_bpc,0.0,-2.75,2.75,-18.0,0.910047722245228
29597,36106,506404_cec,502801_mpc,22.5,21.75,0.75,20.0,0.9114229174791666
11159,10575,505402_bpc,504701_mpc,5.0,18.75,-13.75,-3.0,0.9235917199199777
10124,8422,508201_mpc,508102_bpc,32.75,29.25,3.5,-9.0,0.8319759958509181
35632,8500,509401_mpc,508701_mpc,32.5,33.75,-1.25,-12.0,0.8129521720249081
10277,3188,508202_bpc,507402_bpc,42.0,52.5,-10.5,0.0,0.6974517797729858
8850,257,509002_bpc,509105_hec,23.75,17.5,6.25,21.442871,0.8644570632074593
30992,12262,507202_bpc,506404_cec,22.5,17.25,5.25,-1.0,0.8010058907558766
13989,10083,503602_bpc,504002_bpc,25.0,20.75,4.25,16.0,0.851537245396655
22321,38115,504201_mpc,503201_mpc,31.25,26.25,5.0,-5.0,0.8457764069923053
24830,24806,512104_cec,513704_cec,17.5,11.5,6.0,23.0,0.9166190510090688
29912,24651,514802_bpc,514902_bpc,25.25,7.75,17.5,13.557129,0.8432118953367056
18315,20699,513704_cec,512104_cec,17.5,25.25,-7.75,-15.0,0.9477821213276777
27070,10881,512601_mpc,512701_mpc,36.25,35.5,0.75,0.0,0.8179158124007067
35878,4391,514301_mpc,514501_mpc,45.0,41.5,3.5,18.0,0.943854343146695
36140,28985,509002_bpc,509502_bpc,28.75,27.75,1.0,17.0,0.8212522372063935
3605,3635,508102_bpc,508002_bpc,30.0,28.0,2.0,33.0,0.9876722077872072
26936,31911,505602_bpc,505401_mpc,68.75,75.0,-6.25,-26.442871,0.9275847782890081
11107,14344,505902_bpc,505602_bpc,32.75,35.25,-2.5,5.0,0.6177599626317493
33259,33905,502004_cec,502102_bpc,23.75,12.5,11.25,-6.0,0.8771856183115275
24050,32224,511304_cec,511604_cec,41.75,47.75,-6.0,3.0,0.6767806240591063
5309,505,509301_mpc,509001_mpc,61.25,78.0,-16.75,4.0,0.9350853768839745
18394,2939,505702_bpc,505602_bpc,46.0,53.75,-7.75,-10.0,0.8738361334428436
21985,21830,512104_cec,513503_mec,33.75,20.5,13.25,-6.0,0.6976994932671015
27692,4247,511801_mpc,511701_mpc,37.5,46.25,-8.75,7.0,0.6698339014346328
18685,752,514402_bpc,514502_bpc,7.5,21.25,-13.75,57.0,0.9209558766380801
5216,25934,512201_mpc,510102_bpc,22.5,20.0,2.5,-18.0,0.7967301177853288
14730,26328,513504_cec,513704_cec,28.75,19.0,9.75,21.0,0.887278483319859
25896,4451,504002_bpc,503202_bpc,18.75,3.75,15.0,15.0,0.9581908554325188
6933,3867,512701_mpc,512501_mpc,31.5,33.75,-2.25,-10.0,0.9238729164533089
15033,38270,507601_mpc,503905_hec,33.75,20.0,13.75,-12.0,0.6793820659268623
10784,34425,504001_mpc,503905_hec,28.75,22.5,6.25,-15.0,0.7571215891532816
1880,2544,508201_mpc,507904_cec,17.75,18.0,-0.25,11.0,0.9511626573262026
8416,18058,502802_bpc,502701_mpc,66.0,82.75,-16.75,-21.0,0.9240598366356395
39369,3264,505302_bpc,505702_bpc,41.75,40.5,1.25,-8.0,0.8017825513848718
18709,15025,502005_hec,502202_bpc,5.0,3.75,1.25,-32.0,0.8993417099247324
39002,19000,514002_bpc,513602_bpc,-2.25,8.75,-11.0,-53.0,0.9777287908550918
13773,4797,505901_mpc,505203_mec,23.75,28.5,-4.75,-20.0,0.8207858757078386
6610,19182,506201_mpc,506101_mpc,23.75,7.75,16.0,12.0,0.8926849025406137
27171,24304,509201_mpc,509202_bpc,71.25,95.0,-23.75,7.0,0.9738963420366504
9967,37990,506102_bpc,506301_mpc,18.75,13.75,5.0,28.0,0.9399591345080256
6471,8170,503802_bpc,503102_bpc,41.0,42.75,-1.75,-10.0,0.624709797788477
18065,32922,507201_mpc,507701_mpc,28.75,21.25,7.5,16.0,0.9176543953094899
3557,9183,507602_bpc,507702_bpc,22.5,23.75,-1.25,-21.0,0.9851045941448148
20707,1793,502201_mpc,501601_mpc,35.5,36.25,-0.75,4.0,0.8990174420736565
17084,13333,501801_mpc,502201_mpc,37.25,40.0,-2.75,-4.0,0.9707523090333313
36498,22587,513704_cec,512104_cec,37.5,36.0,1.5,0.0,0.6252449948006841
28048,33471,506101_mpc,506301_mpc,10.0,14.25,-4.25,3.0,0.9828923442620727
38695,8719,509502_bpc,508701_mpc,10.5,14.25,-3.75,-3.0,0.9511094432176949
10426,4855,502802_bpc,502701_mpc,36.0,31.25,4.75,2.0,0.848264165896436
21360,8274,505701_mpc,505902_bpc,61.5,57.5,4.0,-7.0,0.9204187190330322
25047,21810,501904_cec,506404_cec,21.25,17.75,3.5,-24.0,0.8929072372365383
21031,2930,514701_mpc,514902_bpc,31.75,21.5,10.25,5.0,0.8013057131943166
30090,25087,507002_bpc,506801_mpc,65.0,68.75,-3.75,-12.0,0.951339958078909
7150,25156,505203_mec,505502_bpc,31.25,26.5,4.75,-30.0,0.7321596649846187
222,11155,508402_bpc,509502_bpc,58.5,51.0,7.5,7.0,0.9390117733142403
134,3053,513202_bpc,512502_bpc,32.5,25.0,7.5,51.0,0.5251877625310055
21148,27144,503601_mpc,503101_mpc,33.75,28.75,5.0,24.0,0.8099910963922677
7452,9903,503002_bpc,502802_bpc,42.75,40.0,2.75,-2.0,0.8678958914658323
23703,33944,505204_cec,506002_bpc,24.0,10.0,14.0,-47.0,0.9033395438229647
7715,3212,512701_mpc,512501_mpc,48.5,43.25,5.25,-5.0,0.8912013371015854
8786,2162,506404_cec,506903_mec,22.75,17.75,5.0,9.0,0.9100134236018925
8937,17079,505701_mpc,505301_mpc,70.0,86.25,-16.25,-19.0,0.983561019719265
33428,5991,507802_bpc,508002_bpc,22.5,22.75,-0.25,-5.0,0.9286442143609175
34321,17027,512702_bpc,511604_cec,26.75,15.0,11.75,-18.0,0.8347651064241488
5608,1746,513704_cec,511902_bpc,21.75,16.5,5.25,-38.0,0.9186821754867669
4742,12686,508502_bpc,509202_bpc,62.0,51.25,10.75,-5.0,0.9337166062576454
11128,22305,509401_mpc,508301_mpc,26.75,27.5,-0.75,11.0,0.9296870949921381
3039,17544,507001_mpc,506502_bpc,77.5,86.0,-8.5,-1.0,0.9419749977941905
10204,5891,508702_bpc,509301_mpc,47.5,43.75,3.75,-17.0,0.8337452561487245
21608,23675,509201_mpc,508401_mpc,71.5,79.0,-7.5,-3.0,0.9639043903378841
31851,32498,505701_mpc,505801_mpc,35.0,33.5,1.5,3.0,0.6637499874207804
2366,12040,508802_bpc,509502_bpc,41.5,44.25,-2.75,8.0,0.8168890560673552
6481,30289,508202_bpc,508002_bpc,33.75,35.0,-1.25,0.0,0.961303980904991
18405,31395,502101_mpc,501904_cec,25.5,19.0,6.5,-6.557129,0.8246043071776309
2678,9194,506602_bpc,506904_cec,26.0,22.0,4.0,31.0,0.9168423804285796
2002,7671,501802_bpc,502102_bpc,36.5,38.75,-2.25,-13.0,0.93061941985572
1318,19161,505602_bpc,506002_bpc,39.5,39.5,0.0,23.0,0.8837477841314428
13475,9931,511801_mpc,511702_bpc,52.5,80.75,-28.25,2.0,0.8773007463400934
18707,111,511902_bpc,511202_bpc,-2.75,4.25,-7.0,2.0,0.9079304730223131
25987,19748,506801_mpc,507302_bpc,18.75,15.5,3.25,5.0,0.9114592248572575
16535,4479,504202_bpc,503102_bpc,26.0,26.25,-0.25,12.0,0.8541029260350598
20131,28510,514201_mpc,511801_mpc,48.75,53.25,-4.5,6.0,0.9249437487085145
9222,24830,511603_mec,512104_cec,21.25,17.5,3.75,22.0,0.8857678521487384
9017,510,512902_bpc,512901_mpc,61.25,71.25,-10.0,-1.0,0.97251511350657
16964,38921,504903_mec,504504_cec,20.0,26.75,-6.75,20.0,0.9007556917734427
14139,22776,503101_mpc,504002_bpc,43.75,55.5,-11.75,0.0,0.7984796821316096
21539,7992,507904_cec,507801_mpc,21.0,17.5,3.5,9.0,0.9496912128101124
27097,17635,506201_mpc,506602_bpc,32.75,21.5,11.25,1.0,0.6151240237071705
5345,6868,507002_bpc,506802_bpc,65.0,54.0,11.0,1.0,0.8982788737059104
17006,6034,513903_mec,514201_mpc,65.0,67.0,-2.0,3.0,0.9681399530208297
18093,22557,514302_bpc,514502_bpc,62.5,65.25,-2.75,-29.0,0.9940469523412679
18222,27477,512502_bpc,512601_mpc,41.25,44.5,-3.25,-31.0,0.8833312953381799
11835,3749,504503_mec,504701_mpc,49.0,79.0,-30.0,11.0,0.8281044404633426
31295,8325,509001_mpc,509401_mpc,22.5,16.25,6.25,9.0,0.8924013387269738
19507,31181,511304_cec,513602_bpc,16.25,10.0,6.25,-11.0,0.9669650603560498
23581,20279,506002_bpc,505801_mpc,75.0,67.5,7.5,9.0,0.9801005751373747
8396,13049,501802_bpc,501502_bpc,57.5,61.0,-3.5,-2.0,0.9486636183570211
5062,23249,512801_mpc,512902_bpc,53.75,80.0,-26.25,-28.0,0.8893303501273416
7935,10007,504904_cec,504503_mec,23.75,30.0,-6.25,-5.0,0.8297207178892995
33524,2219,507001_mpc,506701_mpc,43.75,50.0,-6.25,25.0,0.8678089831885221
25637,4992,504903_mec,504701_mpc,40.0,47.5,-7.5,2.0,0.718773992332201
14169,3255,507202_bpc,506801_mpc,45.0,60.0,-15.0,14.0,0.7823084001707741
14126,5104,507904_cec,507701_mpc,3.25,21.0,-17.75,-9.0,0.9212728740291619
26415,20090,509401_mpc,509201_mpc,34.0,26.25,7.75,47.0,0.7328771916442972
14473,32473,513903_mec,514002_bpc,20.0,8.75,11.25,-14.0,0.945312058111031
5179,3114,507904_cec,507702_bpc,15.0,21.25,-6.25,-30.0,0.9203696303214772
9038,19152,507801_mpc,508904_cec,25.25,16.25,9.0,30.0,0.7248178918559733
5321,10083,503801_mpc,504002_bpc,13.25,20.75,-7.5,12.0,0.9404379025961548
1287,31297,507904_cec,507702_bpc,19.0,16.5,2.5,9.0,0.8922351302888184
6705,11425,502802_bpc,502702_bpc,45.25,44.0,1.25,0.0,0.8759952099018162
8065,6369,503002_bpc,502801_mpc,27.5,30.75,-3.25,-6.0,0.7073812326371461
6344,21804,504503_mec,504401_mpc,25.0,31.25,-6.25,-15.0,0.8701224363722662
19142,20192,502101_mpc,501801_mpc,49.0,46.25,2.75,-14.0,0.9252772499933868
4275,25906,512401_mpc,510101_mpc,64.0,70.0,-6.0,3.0,0.979116265313938
25879,27385,502201_mpc,501502_bpc,63.0,59.0,4.0,0.0,0.9499554879959157
15676,16156,506101_mpc,506301_mpc,47.5,61.25,-13.75,1.0,0.9109391871726797
38213,30832,502005_hec,505204_cec,55.0,71.0,-16.0,-1.0,0.8003347946851448
2734,12537,507601_mpc,507502_bpc,21.0,22.75,-1.75,3.0,0.9177840555366447
18760,12155,509401_mpc,509001_mpc,71.25,78.75,-7.5,18.0,0.9645059483322801
7552,19064,503202_bpc,504202_bpc,30.0,21.5,8.5,4.0,0.7811960558915003
23713,21436,508903_mec,501903_mec,19.0,16.25,2.75,20.0,0.8651777631113549
5511,30713,504503_mec,504903_mec,25.0,23.25,1.75,-46.0,0.9597347285618067
5005,38902,505301_mpc,505601_mpc,37.5,35.0,2.5,15.0,0.8102862569303712
34723,1708,514402_bpc,506302_bpc,25.0,15.5,9.5,3.0,0.8323013325120053
17599,5035,503601_mpc,503101_mpc,40.0,43.0,-3.0,-9.0,0.7411241691780741
5857,2105,504401_mpc,509301_mpc,92.5,91.5,1.0,1.0,0.9530593037706567
35738,21923,511401_mpc,505801_mpc,82.25,91.75,-9.5,-11.0,0.9417706521666829
28989,29656,506801_mpc,507301_mpc,37.25,37.5,-0.25,7.0,0.87938023551425
14922,21729,506404_cec,507302_bpc,40.25,47.25,-7.0,-22.442871,0.4935158601123591
6636,11714,501602_bpc,501802_bpc,31.0,34.0,-3.0,1.0,0.8561175673063882
2182,23421,506002_bpc,505402_bpc,33.75,32.5,1.25,-6.0,0.98203290731473
5343,6414,507602_bpc,507601_mpc,23.75,5.0,18.75,30.0,0.8427291090873352
958,20807,509301_mpc,506101_mpc,93.75,72.75,21.0,0.0,0.9847654680574883
2693,3939,507701_mpc,507904_cec,15.0,13.75,1.25,-10.0,0.938874228318781
2009,23703,505401_mpc,505204_cec,15.25,24.0,-8.75,41.0,0.9313658274552814
16074,3277,504001_mpc,503801_mpc,41.25,36.75,4.5,-2.0,0.7404965267663044
18685,16413,514402_bpc,514501_mpc,7.5,14.75,-7.25,40.0,0.9419019356374956
4074,3863,507701_mpc,507601_mpc,15.0,17.5,-2.5,35.0,0.9627881911224869
2086,11476,505101_mpc,505802_bpc,23.25,7.5,15.75,19.0,0.8742211540981811
10952,20131,511801_mpc,514201_mpc,56.75,48.75,8.0,-2.0,0.9131513771635442
17554,2839,509001_mpc,509201_mpc,52.25,66.75,-14.5,0.0,0.859465467728884
38616,25336,507302_bpc,506702_bpc,35.25,27.0,8.25,-27.0,0.8340646099767816
3876,357,502802_bpc,502702_bpc,50.0,74.25,-24.25,-16.0,0.854999412825998
4371,4710,507802_bpc,507602_bpc,27.75,24.25,3.5,-5.0,0.8472188261862098
7042,4910,507402_bpc,508202_bpc,38.5,40.25,-1.75,12.0,0.7179106517976865
23146,4880,507301_mpc,506601_mpc,32.5,29.0,3.5,-31.0,0.7924563067285081
1708,14653,506302_bpc,513403_mec,15.5,4.0,11.5,60.0,0.9041656360741346
19359,2047,508202_bpc,508102_bpc,32.75,29.0,3.75,-2.0,0.9177759161165144
8719,5176,508701_mpc,509401_mpc,14.25,20.5,-6.25,-4.0,0.9163121844017517
13160,38342,511202_bpc,514302_bpc,49.75,46.5,3.25,-21.0,0.8523812679741811
13670,6025,505902_bpc,505102_bpc,38.75,35.0,3.75,25.0,0.8997017627264843
4572,19244,508802_bpc,508502_bpc,53.75,62.5,-8.75,4.0,0.8757090904566123
29955,10118,514602_bpc,514802_bpc,27.5,31.25,-3.75,25.0,0.8518118020810339
18793,9931,511701_mpc,511702_bpc,54.5,80.75,-26.25,-24.0,0.9248653529714143
24939,23100,504201_mpc,506101_mpc,25.0,23.25,1.75,-27.0,0.9271754727401066
14028,6252,513202_bpc,508002_bpc,66.25,93.75,-27.5,2.0,0.9001933407087392
24501,28687,504402_bpc,504702_bpc,51.25,64.25,-13.0,9.0,0.8857103006327454
19563,23974,514801_mpc,512801_mpc,26.5,8.25,18.25,26.0,0.8940976032597956
14065,18351,502201_mpc,501801_mpc,42.5,47.5,-5.0,-9.0,0.9518173209623262
11108,5029,504401_mpc,504701_mpc,38.75,34.25,4.5,-15.0,0.7371254648136059
9963,3651,507502_bpc,507402_bpc,44.75,54.0,-9.25,0.0,0.8652171193501659
20582,18299,507601_mpc,508001_mpc,13.75,11.25,2.5,-37.0,0.943467871987153
34556,8249,504002_bpc,503302_bpc,36.25,35.0,1.25,-4.0,0.6788450848707356
7756,22657,501502_bpc,501602_bpc,29.0,28.75,0.25,7.0,0.8917408546460468
22323,8937,505801_mpc,505701_mpc,75.0,70.0,5.0,6.0,0.9914205865967113
5745,29641,506102_bpc,506302_bpc,51.0,59.25,-8.25,-8.0,0.9719506843061323
1180,5371,501601_mpc,507601_mpc,36.25,47.75,-11.5,39.0,0.5757706796650133
12818,12858,506601_mpc,507301_mpc,57.5,72.5,-15.0,-4.0,0.8860542954072523
5784,5251,506302_bpc,506101_mpc,78.75,77.5,1.25,1.0,0.9661808128076825
23016,35613,503001_mpc,502801_mpc,64.5,52.5,12.0,7.0,0.9333977069185233
11513,19901,512402_bpc,510101_mpc,8.75,12.75,-4.0,-11.0,0.900911112745113
28756,18756,512401_mpc,512104_cec,24.25,25.0,-0.75,-37.0,0.875335203377659
19901,28728,510101_mpc,512401_mpc,12.75,24.75,-12.0,43.0,0.9232164682269903
30622,32523,510101_mpc,511901_mpc,21.25,23.0,-1.75,0.0,0.9290135248439536
23575,2182,505401_mpc,506002_bpc,37.5,33.75,3.75,29.0,0.8249608574837191
28124,7638,501904_cec,501802_bpc,34.25,39.0,-4.75,-5.0,0.8290946233276006
6594,13228,505701_mpc,505301_mpc,53.75,94.0,-40.25,7.0,0.7876244066989593
8525,4958,505102_bpc,506002_bpc,52.75,50.25,2.5,-9.0,0.9129151381731435
23509,111,513704_cec,511202_bpc,3.75,4.25,-0.5,-13.0,0.9594424276275522
33568,27848,511701_mpc,514601_mpc,60.75,91.75,-31.0,-7.0,0.8783424708742998
13761,17811,511702_bpc,511701_mpc,37.5,32.5,5.0,-21.0,0.6269379435364335
23794,29056,504701_mpc,504504_cec,25.75,26.5,-0.75,29.0,0.8984684812540052
11993,14571,504201_mpc,504001_mpc,47.5,67.5,-20.0,-12.0,0.752472536053869
5445,1486,508702_bpc,508701_mpc,37.5,36.5,1.0,1.0,0.8393175452497595
14421,33665,512104_cec,513704_cec,17.5,5.5,12.0,16.0,0.9752425938898284
9875,2806,508401_mpc,508301_mpc,54.0,66.25,-12.25,6.0,0.8913887834132325
19116,33141,512104_cec,513504_cec,23.25,15.25,8.0,18.0,0.7814920364623432
8809,6637,504503_mec,504903_mec,20.0,21.5,-1.5,-20.0,0.906195538346211
25661,7481,508302_bpc,508802_bpc,65.5,81.25,-15.75,0.0,0.9515893099068954
39428,22587,511304_cec,512104_cec,35.5,36.0,-0.5,2.0,0.7613672376171545
4624,32174,503802_bpc,504202_bpc,35.0,34.25,0.75,7.0,0.7651012321805648
36580,37587,513202_bpc,514702_bpc,35.25,35.0,0.25,27.0,0.9471187103557821
8710,23909,514702_bpc,514701_mpc,45.25,53.75,-8.5,-5.442871,0.6944492396939417
28116,4855,502702_bpc,502701_mpc,25.25,31.25,-6.0,-3.0,0.8505214391920832
2631,12891,508001_mpc,507601_mpc,34.5,33.75,0.75,29.0,0.914095028445805
3688,2410,512602_bpc,512502_bpc,26.25,32.25,-6.0,36.0,0.8019811410142863
31690,10905,503302_bpc,503602_bpc,25.0,8.75,16.25,-3.0,0.860309497903566
14646,16661,511202_bpc,511402_bpc,30.0,19.0,11.0,6.0,0.7713828870334634
2037,19704,502701_mpc,503001_mpc,38.75,53.75,-15.0,-3.0,0.6107785188532604
3865,31354,513601_mpc,511702_bpc,27.5,18.75,8.75,13.0,0.7236783977257901
6404,7534,501502_bpc,501602_bpc,43.5,41.75,1.75,-2.0,0.9522090994312592
33826,16631,513104_cec,512902_bpc,57.5,57.5,0.0,8.0,0.9613454355963583
26843,19244,509302_bpc,508502_bpc,53.75,62.5,-8.75,3.0,0.9104381319806298
6676,4225,505302_bpc,505602_bpc,-1.0,9.0,-10.0,-25.0,0.9254971535155343
13572,33466,502004_cec,501502_bpc,33.75,27.75,6.0,18.0,0.7876990636955051
951,32049,511202_bpc,511201_mpc,54.25,46.0,8.25,32.0,0.8348286043173886
23457,22065,503802_bpc,503102_bpc,64.75,65.25,-0.5,10.0,0.9752648676121787
3092,22668,512501_mpc,512602_bpc,18.75,30.0,-11.25,-18.0,0.8486256770801323
14778,16425,502504_cec,504001_mpc,16.25,25.0,-8.75,12.0,0.8444893461547024
32451,24963,511402_bpc,511303_mec,21.5,13.75,7.75,17.0,0.911249666330057
24378,4183,507701_mpc,507802_bpc,67.5,71.25,-3.75,-8.0,0.9695669360487721
36306,24304,504702_bpc,509202_bpc,76.25,95.0,-18.75,5.0,0.933168604132784
9160,9748,509105_hec,509002_bpc,20.0,11.25,8.75,3.0,0.9258404477871107
5308,22623,502504_cec,502802_bpc,23.75,12.5,11.25,0.0,0.883415893204664
33777,3970,504402_bpc,504904_cec,62.5,52.5,10.0,-8.0,0.8968848918662692
14682,18555,505701_mpc,505401_mpc,68.75,75.25,-6.5,-7.0,0.9763687375349408
16215,19162,505502_bpc,505702_bpc,41.25,40.0,1.25,10.0,0.9705433869970392
15573,19161,505402_bpc,506002_bpc,47.5,39.5,8.0,22.0,0.8548158744987803
20494,5000,504401_mpc,507501_mpc,75.0,100.25,-25.25,-4.0,0.9330047563219446
22542,20394,506502_bpc,506904_cec,67.5,91.25,-23.75,21.0,0.9476030842629702
37455,13998,513904_cec,512104_cec,24.25,16.25,8.0,10.0,0.8991465895355361
3297,3632,504702_bpc,504402_bpc,46.25,40.5,5.75,11.0,0.8166292661354418
4998,691,508702_bpc,509201_mpc,37.0,43.0,-6.0,3.0,0.7634733984910693
16252,22826,501502_bpc,502202_bpc,40.0,40.0,0.0,8.0,0.8950219619048673
8839,27848,514901_mpc,514601_mpc,73.75,91.75,-18.0,2.0,0.978304661823443
14456,16574,512202_bpc,512402_bpc,34.0,23.75,10.25,13.0,0.7576922075116714
3347,8392,501602_bpc,501903_mec,21.25,25.0,-3.75,32.0,0.9496471517557509
33816,36693,505501_mpc,506002_bpc,23.75,28.25,-4.5,27.0,0.9044577248271272
36417,12105,503002_bpc,502802_bpc,53.75,81.75,-28.0,-28.0,0.8950758517382865
38090,27670,514801_mpc,514901_mpc,28.0,33.0,-5.0,19.0,0.9126340803929255
5881,28635,502101_mpc,501601_mpc,37.5,40.0,-2.5,6.0,0.753762643930107
4036,5474,508502_bpc,509002_bpc,72.5,66.25,6.25,2.0,0.931579371922785
10941,2125,513404_cec,513504_cec,25.0,7.5,17.5,7.0,0.8428014286768196
6376,11675,512501_mpc,512601_mpc,70.5,56.25,14.25,0.0,0.9697302126645666
36276,10315,508201_mpc,507401_mpc,36.5,43.75,-7.25,-5.0,0.8371231284573768
2334,18697,508903_mec,509002_bpc,13.75,11.25,2.5,-24.0,0.9537157319957476
7402,14889,502101_mpc,501802_bpc,82.5,69.5,13.0,14.0,0.949591890465723
12837,6752,507904_cec,508101_mpc,14.75,7.5,7.25,-13.0,0.947711772159249
8337,30095,505502_bpc,505902_bpc,19.75,-1.75,21.5,-30.0,0.9384768588817867
33258,10896,502201_mpc,502101_mpc,37.75,40.0,-2.25,-10.0,0.9288614030183997
8341,31482,504503_mec,504702_bpc,7.5,21.5,-14.0,-30.0,0.9012785106770298
22068,5210,508301_mpc,509201_mpc,52.5,53.5,-1.0,5.0,0.9294183897033562
24764,12724,514002_bpc,513904_cec,13.75,8.0,5.75,-29.0,0.934239942290598
12262,21735,506404_cec,506903_mec,17.25,10.25,7.0,43.0,0.8860288274997175
20525,21715,507601_mpc,506701_mpc,30.0,26.75,3.25,-19.0,0.8077209050705855
13341,37248,502101_mpc,501601_mpc,37.5,39.75,-2.25,-25.0,0.8719123456382858
24079,21608,509501_mpc,509201_mpc,52.0,71.5,-19.5,17.0,0.8896945258493577
31097,2906,511201_mpc,511202_bpc,41.25,54.75,-13.5,-18.0,0.565012125531316
11883,19482,502101_mpc,501601_mpc,62.5,59.75,2.75,-19.0,0.9650725509699307
34848,7587,512502_bpc,512602_bpc,47.5,43.75,3.75,-6.0,0.865207148873657
6957,3668,505501_mpc,505701_mpc,77.25,68.75,8.5,22.0,0.9708349154888936
9156,18669,511304_cec,511303_mec,13.75,18.75,-5.0,-51.0,0.9227026748565705
3370,8672,508102_bpc,507402_bpc,48.75,60.0,-11.25,11.0,0.7843072778350146
8397,7478,505301_mpc,505502_bpc,28.75,27.0,1.75,-48.0,0.8149083837460925
20603,4209,506802_bpc,506702_bpc,36.5,38.75,-2.25,-3.0,0.7185929560321257
20921,8068,504903_mec,504504_cec,21.5,23.75,-2.25,7.0,0.9434699519017853
6779,31297,507601_mpc,507702_bpc,10.0,16.5,-6.5,-29.0,0.9509813950936455
20148,16571,513503_mec,511702_bpc,39.25,35.25,4.0,-8.0,0.747230651041298
33944,5205,506002_bpc,505301_mpc,10.0,15.0,-5.0,50.0,0.9365731402782539
36435,15161,503905_hec,503904_cec,12.5,16.25,-3.75,-38.0,0.9430171566995407
37455,38086,513904_cec,513704_cec,24.25,18.0,6.25,12.0,0.9587774990044551
26158,522,504504_cec,504904_cec,33.75,26.25,7.5,-23.442871,0.6515388596144809
30991,28941,509201_mpc,508501_mpc,37.75,38.75,-1.0,-18.0,0.8398533958733513
35218,7478,505203_mec,505502_bpc,25.25,27.0,-1.75,-27.442871,0.901166229088892
21247,19134,506102_bpc,506302_bpc,50.75,43.75,7.0,-5.0,0.9343944322243232
25879,20579,502201_mpc,502202_bpc,63.0,56.0,7.0,-4.0,0.9572508879520146
15915,1836,513904_cec,513404_cec,21.75,18.75,3.0,-9.0,0.84987307018672
2410,1393,512502_bpc,512701_mpc,32.25,30.0,2.25,-38.0,0.8828458188730136
13632,2159,503102_bpc,503302_bpc,46.25,44.5,1.75,1.0,0.8227569977739722
37298,28480,511303_mec,511202_bpc,26.25,28.75,-2.5,-38.0,0.8558357846338143
6025,508,505102_bpc,505602_bpc,35.0,33.75,1.25,-2.0,0.8244716181833743
4773,18600,512201_mpc,511902_bpc,64.25,71.5,-7.25,-12.0,0.9420530173060714
33730,4118,501802_bpc,501502_bpc,67.5,55.0,12.5,9.0,0.955372908816532
12815,10208,511402_bpc,511401_mpc,50.0,48.75,1.25,-5.0,0.863565706846533
4605,8806,514402_bpc,514302_bpc,6.25,18.25,-12.0,-25.0,0.9658941494815579
38262,39104,504702_bpc,504503_mec,60.0,65.5,-5.5,-9.0,0.8806269469474017
4137,6543,503002_bpc,502802_bpc,40.5,43.75,-3.25,-8.0,0.8723998665094723
21318,26331,512902_bpc,513202_bpc,61.75,68.75,-7.0,-15.0,0.9003848338387554
6949,38965,514602_bpc,513704_cec,29.25,17.5,11.75,24.0,0.7723270419777293
8462,29978,505502_bpc,505602_bpc,41.75,44.75,-3.0,-7.0,0.8916889459912821
6366,14658,507402_bpc,507801_mpc,25.0,28.75,-3.75,1.0,0.8997676820790933
25539,8506,505701_mpc,506001_mpc,9.75,11.25,-1.5,-35.0,0.9557253210036761
20977,6179,503602_bpc,503102_bpc,30.0,26.0,4.0,3.0,0.6694140130794561
3170,15077,507002_bpc,506702_bpc,25.0,18.75,6.25,-1.5571289,0.9106378285181503
13928,1866,504903_mec,504402_bpc,21.5,22.5,-1.0,-3.0,0.9392257867114607
19116,5565,512104_cec,512401_mpc,23.25,4.25,19.0,5.0,0.7972390240486684
33402,15604,513704_cec,514802_bpc,29.0,35.0,-6.0,6.0,0.7926320251694268
9194,11789,506904_cec,507002_bpc,22.0,25.0,-3.0,-6.0,0.9126418082717284
8984,14282,509104_cec,508501_mpc,21.25,3.75,17.5,53.55713,0.8563944368424581
5135,4856,512902_bpc,512801_mpc,45.25,60.75,-15.5,-19.0,0.796443664093031
8507,27128,506904_cec,506404_cec,18.75,18.75,0.0,7.442871,0.99917965342901
1963,29235,514502_bpc,514401_mpc,32.5,30.0,2.5,-30.0,0.8855155400078453
27623,9833,514001_mpc,513503_mec,9.0,6.25,2.75,11.557129,0.897898279302949
30153,4184,505901_mpc,505601_mpc,75.5,80.0,-4.5,1.0,0.9670027378740426
5354,22872,512202_bpc,513602_bpc,6.5,0.0,6.5,22.0,0.8884189971673907
28764,7877,504903_mec,504701_mpc,27.5,30.5,-3.0,-6.0,0.7735955382733423
3984,14989,507401_mpc,507501_mpc,23.75,21.0,2.75,4.0,0.957273330015815
32316,1633,512201_mpc,512401_mpc,36.25,27.5,8.75,-24.0,0.7467650208678911
39394,10519,503202_bpc,503302_bpc,27.5,27.0,0.5,8.0,0.8554794997290559
14840,31529,513601_mpc,514002_bpc,15.5,9.25,6.25,38.0,0.937319801651756
10552,8681,501801_mpc,501502_bpc,85.5,77.5,8.0,-8.0,0.9870708203042294
1141,19865,509401_mpc,508301_mpc,71.25,60.5,10.75,-4.0,0.9490955544094402
5076,13773,505801_mpc,505901_mpc,32.75,23.75,9.0,5.0,0.720170466213373
31529,31045,514002_bpc,514201_mpc,9.25,12.25,-3.0,-16.0,0.9506372060131577
16678,5981,509502_bpc,515002_bpc,52.5,78.75,-26.25,-4.0,0.8871547640851454
15163,13191,508402_bpc,508702_bpc,44.5,41.75,2.75,-12.0,0.793681200125327
15848,20241,512501_mpc,512602_bpc,42.75,46.25,-3.5,-18.0,0.8638435442777515
35025,18781,514802_bpc,514902_bpc,42.0,45.25,-3.25,1.0,0.7685300162517972
5920,1742,511201_mpc,511303_mec,28.75,13.75,15.0,23.0,0.8364931106443699
19393,18878,505901_mpc,505102_bpc,36.25,35.75,0.5,0.0,0.790467366595524
30335,5395,509001_mpc,509201_mpc,21.25,26.75,-5.5,-5.0,0.8831202000115514
11819,31297,508102_bpc,507702_bpc,21.75,16.5,5.25,-14.0,0.9653874684298347
21376,23338,511304_cec,511801_mpc,44.25,55.0,-10.75,20.0,0.6976328222515599
31521,21452,514702_bpc,514802_bpc,34.0,35.0,-1.0,-25.0,0.9277731679660597
3603,6199,514401_mpc,514502_bpc,4.0,19.0,-15.0,-32.0,0.9356424734673473
904,951,511201_mpc,511202_bpc,42.0,54.25,-12.25,-17.0,0.645397613071616
3100,3468,507302_bpc,507002_bpc,40.25,39.5,0.75,-2.0,0.8241498368304675
3876,36622,502802_bpc,502702_bpc,50.0,55.0,-5.0,1.0,0.9131746853417718
6604,12121,502702_bpc,506101_mpc,55.25,108.75,-53.5,2.0,0.8141114283720423
194,12121,511401_mpc,506101_mpc,66.0,108.75,-42.75,-5.0,0.9063175922604889
38063,1746,510102_bpc,511902_bpc,8.75,16.5,-7.75,-18.0,0.9718351160188292
17788,28786,513201_mpc,512901_mpc,60.5,76.25,-15.75,-4.0,0.8700815766688169
1363,5430,507602_bpc,508102_bpc,30.25,30.0,0.25,-15.0,0.9117319297351266
32974,14282,515001_mpc,508501_mpc,7.75,3.75,4.0,32.0,0.9126388580413378
11027,6632,506801_mpc,501602_bpc,-1.25,11.25,-12.5,-13.0,0.9615486266385135
22768,4133,506802_bpc,507202_bpc,41.25,37.5,3.75,-11.0,0.7852958814804123
21487,21810,506904_cec,506404_cec,25.5,17.75,7.75,-6.0,0.8407911979148613
30154,4838,508201_mpc,507601_mpc,45.0,50.25,-5.25,-14.0,0.8670483768060466
3253,8932,508702_bpc,508502_bpc,41.25,53.75,-12.5,-2.0,0.6437192422536703
4839,11249,503904_cec,503905_hec,16.5,17.75,-1.25,39.0,0.9506080312778095
14346,20181,502504_cec,506904_cec,28.75,26.25,2.5,-7.0,0.7583991145320601
14493,29576,505401_mpc,505801_mpc,55.0,63.75,-8.75,26.0,0.9781150329365382
1341,37001,514902_bpc,513704_cec,3.75,9.75,-6.0,3.0,0.9413881218184333
6276,5100,503801_mpc,503301_mpc,22.5,24.0,-1.5,18.0,0.7938833756331175
14646,24340,511202_bpc,514402_bpc,30.0,25.0,5.0,-8.0,0.7871900575127313
25527,5635,507601_mpc,508001_mpc,11.25,22.5,-11.25,-23.557129,0.9595146549273431
17792,30341,505302_bpc,505502_bpc,47.5,45.0,2.5,-22.0,0.9201193569501533
28095,16462,512202_bpc,512601_mpc,70.0,98.75,-28.75,-4.0,0.9135830599311063
16742,1160,511202_bpc,511401_mpc,52.75,105.0,-52.25,-37.0,0.8530460517898096
147,3969,507501_mpc,507401_mpc,70.0,64.5,5.5,1.0,0.9915279945011473
36746,18707,505601_mpc,511902_bpc,2.5,-2.75,5.25,-33.0,0.8929306464875996
12649,6957,505601_mpc,505501_mpc,72.5,77.25,-4.75,-7.0,0.9793428073132178
5019,6318,508702_bpc,509105_hec,6.25,12.5,-6.25,1.0,0.9555734404084795
4118,16676,501502_bpc,501602_bpc,55.0,51.0,4.0,2.0,0.951688015944398
4511,5232,505402_bpc,505602_bpc,36.0,35.0,1.0,-19.0,0.8891112213568086
8410,5977,503802_bpc,509501_mpc,71.0,101.25,-30.25,2.0,0.9176625161417729
17759,8452,501601_mpc,502202_bpc,28.75,29.25,-0.5,-24.0,0.8666755933980714
7623,39223,503102_bpc,503602_bpc,50.5,52.5,-2.0,-7.0,0.9070198993626317
28463,21500,506501_mpc,506701_mpc,58.75,74.75,-16.0,8.0,0.9236301280207708
19527,2788,509501_mpc,508701_mpc,53.25,47.75,5.5,7.0,0.9270217625914865
7672,16141,501904_cec,502005_hec,28.75,21.25,7.5,-38.0,0.826141397856307
2251,27064,509502_bpc,508904_cec,33.75,25.0,8.75,21.0,0.7250989751874825
6271,19068,509104_cec,506404_cec,27.75,17.75,10.0,-1.0,0.7990848139794781
25869,19661,509401_mpc,509002_bpc,21.5,26.25,-4.75,31.0,0.904012274191501
21435,4171,511702_bpc,513601_mpc,20.0,3.5,16.5,-26.0,0.84385231372314
34506,20768,506702_bpc,506502_bpc,32.5,26.0,6.5,-35.0,0.8633710768541251
21798,13513,501602_bpc,501502_bpc,52.5,50.0,2.5,-9.0,0.9315448889836395
16404,5188,509201_mpc,508302_bpc,32.5,34.25,-1.75,19.0,0.789554836423156
29587,12932,506903_mec,506501_mpc,21.75,23.75,-2.0,-21.0,0.8773005385556583
11674,10766,509501_mpc,509104_cec,53.75,53.5,0.25,3.0,0.9050193820385525
38046,36792,506201_mpc,506101_mpc,71.25,92.5,-21.25,2.0,0.979746786893833
4809,2979,508002_bpc,507602_bpc,40.0,38.25,1.75,0.0,0.9491866249336144
14174,20150,501602_bpc,501802_bpc,22.25,22.75,-0.5,-18.0,0.830746443975163
13998,798,512104_cec,513904_cec,16.25,11.25,5.0,11.0,0.940076984598576
21376,8272,511304_cec,512802_bpc,44.25,58.5,-14.25,-2.0,0.6355826719221099
12591,39332,506601_mpc,506701_mpc,27.5,30.0,-2.5,35.0,0.8649528683642578
3372,2997,514302_bpc,514502_bpc,35.0,33.75,1.25,14.0,0.9809398509732451
10319,13311,501801_mpc,501903_mec,37.5,35.25,2.25,21.0,0.862988376398385
16989,12090,512201_mpc,510102_bpc,42.25,38.75,3.5,-23.0,0.8005716174897256
21135,38115,503904_cec,503201_mpc,22.5,26.25,-3.75,7.0,0.8477476980758321
937,3675,507602_bpc,507802_bpc,31.5,27.5,4.0,-6.0,0.9347822363335841
2580,1800,507202_bpc,506602_bpc,26.75,26.25,0.5,-4.0,0.942372167898555
19271,4989,506904_cec,506601_mpc,13.0,13.25,-0.25,15.557129,0.9237830837410078
31945,35957,512901_mpc,513103_mec,27.5,20.75,6.75,21.0,0.8307583496011737
5440,4171,512801_mpc,513601_mpc,9.75,3.5,6.25,2.0,0.8744177709603984
1365,16577,504504_cec,504903_mec,27.5,15.0,12.5,-47.0,0.8502357980260544
3010,3725,508102_bpc,508002_bpc,38.25,38.75,-0.5,-6.0,0.8956267833165029
18616,24305,511701_mpc,512901_mpc,25.0,26.75,-1.75,17.0,0.9095279596648542
11076,4451,503904_cec,503202_bpc,19.75,3.75,16.0,3.0,0.8192421331835278
19068,12324,506404_cec,508904_cec,17.75,18.75,-1.0,9.0,0.9258739776523869
22499,4529,504002_bpc,503202_bpc,35.75,28.0,7.75,-4.0,0.7954606892041589
30774,7575,507201_mpc,506903_mec,21.0,3.75,17.25,70.0,0.8485268512079547
7402,37865,502101_mpc,502102_bpc,82.5,66.5,16.0,0.0,0.9649757794898285
7725,25572,503602_bpc,503001_mpc,75.25,98.75,-23.5,-1.0,0.9278955035301456
28985,31295,509502_bpc,509001_mpc,27.75,22.5,5.25,2.0,0.9164699252405301
4195,2314,506002_bpc,505702_bpc,35.0,33.25,1.75,-30.0,0.7902799105738646
30258,26219,505801_mpc,505501_mpc,47.5,51.5,-4.0,-11.0,0.9301605817237706
9200,37249,511402_bpc,511604_cec,26.25,22.75,3.5,-9.0,0.8675973479662569
20581,27174,505602_bpc,505502_bpc,63.75,72.5,-8.75,7.0,0.9586491155953902
8139,15550,514401_mpc,514301_mpc,15.0,10.0,5.0,15.0,0.9578423705307864
9463,28998,514402_bpc,514501_mpc,18.75,7.5,11.25,24.557129,0.9139233074967649
4301,31765,508701_mpc,508301_mpc,27.25,22.5,4.75,54.0,0.9056074772622922
15180,5851,504001_mpc,508401_mpc,4.5,10.0,-5.5,-46.0,0.9674179564272126
6758,33361,504002_bpc,503202_bpc,34.0,40.0,-6.0,-45.0,0.7911809895941472
4295,3711,513504_cec,514901_mpc,30.0,32.75,-2.75,9.0,0.8496647909664539
1925,12851,514802_bpc,514902_bpc,46.5,43.75,2.75,-28.0,0.7804248281916234
293,19415,508402_bpc,508802_bpc,31.25,17.75,13.5,0.0,0.8023996047885747
23365,33536,512801_mpc,512401_mpc,61.25,83.25,-22.0,-20.0,0.8767413007289813
7930,5936,508201_mpc,507501_mpc,32.5,23.75,8.75,-12.0,0.8648087662726041
21874,28786,512802_bpc,512901_mpc,55.0,76.25,-21.25,-29.0,0.8478327840723994
4019,22074,503101_mpc,505102_bpc,52.5,58.75,-6.25,22.0,0.8838737409646964
1740,23314,505702_bpc,505802_bpc,42.5,38.5,4.0,-28.0,0.7724272559954339
24949,36356,514301_mpc,513201_mpc,59.25,100.25,-41.0,-1.0,0.8640352448837363
6050,37774,507602_bpc,507702_bpc,13.75,17.5,-3.75,-31.0,0.9818690791355346
18384,2600,507701_mpc,508001_mpc,24.0,23.75,0.25,-1.0,0.9208266922505238
25652,23900,501903_mec,501801_mpc,40.0,47.75,-7.75,-16.0,0.8177475810626773
19080,16156,506302_bpc,506301_mpc,67.5,61.25,6.25,10.0,0.9474791685991404
13476,13288,512202_bpc,511902_bpc,32.5,37.5,-5.0,-13.0,0.8160522903114962
9143,15,501802_bpc,502102_bpc,41.25,50.5,-9.25,-6.0,0.8145097951267704
5849,4653,514302_bpc,514501_mpc,23.25,22.5,0.75,41.0,0.9497658598606783
30487,1837,508202_bpc,507502_bpc,48.75,52.0,-3.25,-5.0,0.8968923263183867
27096,17326,512104_cec,512401_mpc,27.5,25.0,2.5,28.0,0.9275162461963715
21715,38270,506701_mpc,503905_hec,26.75,20.0,6.75,5.0,0.8451563690778497
2194,36665,507002_bpc,506602_bpc,28.75,26.5,2.25,-8.0,0.9238299798428934
12888,32008,512802_bpc,512801_mpc,57.75,69.0,-11.25,-5.0,0.9481021132603477
5818,25141,504503_mec,507702_bpc,25.0,14.5,10.5,-6.0,0.8056120865794284
34390,21121,511303_mec,511401_mpc,21.75,16.25,5.5,1.0,0.9420398544123111
17076,8855,506502_bpc,502505_hec,22.0,6.75,15.25,35.0,0.8447359239385385
211,19678,505801_mpc,505701_mpc,43.5,48.75,-5.25,5.0,0.8248496665291949
25463,25893,505801_mpc,505401_mpc,45.25,52.0,-6.75,3.0,0.8719501820411846
6739,14126,507601_mpc,507904_cec,16.75,3.25,13.5,13.0,0.9537695735718948
10217,11306,513404_cec,514901_mpc,44.5,70.75,-26.25,-15.0,0.6942844941947602
9160,14894,509105_hec,509104_cec,20.0,12.0,8.0,11.442871,0.8693022075394445
5333,298,509301_mpc,515001_mpc,45.25,44.75,0.5,-9.0,0.8880099978563967
19359,3635,508202_bpc,508002_bpc,32.75,28.0,4.75,28.0,0.915785348703999
29804,3142,512902_bpc,512802_bpc,43.75,45.0,-1.25,25.0,0.9349907836566086
3872,5095,508302_bpc,508702_bpc,33.75,31.25,2.5,7.0,0.9775145157668466
24378,147,507701_mpc,507501_mpc,67.5,70.0,-2.5,-10.0,0.9783961006708416
5126,25561,506602_bpc,506502_bpc,30.0,26.25,3.75,-11.0,0.6635938351613938
21851,18213,501602_bpc,502202_bpc,52.25,47.5,4.75,-8.0,0.9564840262773778
25242,13985,507501_mpc,508201_mpc,52.5,51.25,1.25,-4.0,0.9032603564234956
4859,30718,503101_mpc,503201_mpc,27.5,24.75,2.75,-15.0,0.8911474647687226
16716,13116,509502_bpc,509402_bpc,52.5,72.5,-20.0,-1.0,0.9008578435707001
9995,30729,507001_mpc,507201_mpc,32.5,28.0,4.5,25.0,0.8241177130700692
34575,25879,501802_bpc,502201_mpc,75.0,63.0,12.0,3.0,0.9309394791014993
10057,7109,501502_bpc,502101_mpc,45.25,51.25,-6.0,15.0,0.9061453234765378
2094,34542,512601_mpc,512701_mpc,51.5,63.25,-11.75,10.0,0.8917713012492829
35878,17415,514301_mpc,514501_mpc,45.0,78.75,-33.75,12.0,0.740224973128497
5745,24092,506102_bpc,506302_bpc,51.0,49.25,1.75,1.0,0.9777402546764269
28437,39002,512802_bpc,514002_bpc,6.5,-2.25,8.75,44.0,0.8986094155567169
1357,34088,507401_mpc,507701_mpc,24.0,20.0,4.0,22.0,0.9024277615815585
33481,6746,503905_hec,503602_bpc,15.0,23.25,-8.25,14.0,0.8891480159120431
21927,25517,506701_mpc,506702_bpc,24.5,18.75,5.75,14.0,0.9113369231637758
9791,34120,512402_bpc,512104_cec,23.25,18.75,4.5,-4.0,0.8105505054393579
6422,3072,506602_bpc,507002_bpc,46.75,47.5,-0.75,7.0,0.8638520991752664
113,32211,509502_bpc,509302_bpc,43.75,52.25,-8.5,12.0,0.7486604123335558
20635,19517,503001_mpc,502505_hec,21.25,25.25,-4.0,4.0,0.8607802002120372
24648,35002,510102_bpc,512402_bpc,18.0,9.0,9.0,6.0,0.8871494462702882
29002,21415,505302_bpc,505702_bpc,49.75,46.25,3.5,20.0,0.9460727825225037
6237,8841,503801_mpc,504202_bpc,31.5,11.5,20.0,24.0,0.7087865970341762
19271,12955,506904_cec,506802_bpc,13.0,6.25,6.75,50.55713,0.9635303240768196
12122,22740,503001_mpc,502701_mpc,24.75,29.25,-4.5,-22.0,0.7922055048272327
18058,1347,502701_mpc,503002_bpc,82.75,80.0,2.75,13.0,0.9625671713752563
36786,5000,514402_bpc,507501_mpc,71.25,100.25,-29.0,-22.0,0.919074659545963
39000,20929,509402_bpc,509002_bpc,31.25,34.0,-2.75,-3.0,0.816278035138111
5820,28938,507201_mpc,507301_mpc,28.75,22.75,6.0,17.0,0.7744785453937141
3001,4344,508001_mpc,508101_mpc,26.25,27.75,-1.5,-15.0,0.9860829489225931
10416,38581,505902_bpc,505502_bpc,39.0,34.25,4.75,4.0,0.8794557556759504
16069,3903,514802_bpc,514801_mpc,28.75,16.5,12.25,33.0,0.830914177219317
18132,3853,508904_cec,503904_cec,17.5,14.25,3.25,-7.0,0.8369078747731024
7580,16863,501502_bpc,501602_bpc,41.25,42.25,-1.0,-19.0,0.8930726780560108
18932,6825,502202_bpc,501903_mec,13.75,27.5,-13.75,-38.0,0.8655629835082453
27171,2105,509201_mpc,509301_mpc,71.25,91.5,-20.25,1.0,0.9713523860161456
27171,2806,509201_mpc,508301_mpc,71.25,66.25,5.0,6.0,0.9832410512595043
30844,12932,506601_mpc,506501_mpc,32.25,23.75,8.5,-3.0,0.7561870813392135
12394,1160,501502_bpc,511401_mpc,77.75,105.0,-27.25,-13.0,0.9381744676839832
10183,39360,503302_bpc,503202_bpc,72.75,82.5,-9.75,-12.0,0.9659653460448545
30847,11084,511701_mpc,511802_bpc,28.75,30.25,-1.5,-67.0,0.8519970758291506
32230,12106,506301_mpc,506201_mpc,48.75,53.75,-5.0,-7.0,0.9283584228066686
14966,4522,506001_mpc,505101_mpc,20.0,21.75,-1.75,-21.0,0.9047795303949507
873,9586,512702_bpc,512501_mpc,16.75,19.0,-2.25,-16.0,0.9567473558258806
5939,8356,505102_bpc,505101_mpc,33.75,36.75,-3.0,6.0,0.8256795208038366
5212,11236,504504_cec,504702_bpc,34.5,35.0,-0.5,18.0,0.6714858083237618
38733,28889,511603_mec,513903_mec,41.5,47.5,-6.0,-17.0,0.6743148351114329
8852,32419,505204_cec,505203_mec,26.25,28.0,-1.75,21.0,0.913545512207143
16512,16799,511901_mpc,510101_mpc,23.5,17.5,6.0,-41.0,0.8529856328705484
19607,25264,501502_bpc,501904_cec,38.75,35.0,3.75,-13.0,0.8311041213367051
6253,3960,506404_cec,506904_cec,21.25,7.5,13.75,-27.0,0.8776894093046903
626,675,506201_mpc,506301_mpc,75.25,58.75,16.5,5.0,0.933068780914
29552,22869,511202_bpc,511401_mpc,41.25,37.5,3.75,-32.0,0.7130193313905729
28328,30129,512401_mpc,510101_mpc,48.75,52.0,-3.25,-7.0,0.958401555405051
5384,4310,509202_bpc,509402_bpc,28.0,32.25,-4.25,5.0,0.8980972091771694
2364,6396,508102_bpc,507802_bpc,29.25,26.75,2.5,-3.0,0.9678740635632922
3773,9035,503802_bpc,504202_bpc,35.75,32.0,3.75,22.0,0.7477530906977914
16524,16775,514201_mpc,511801_mpc,20.0,22.75,-2.75,2.0,0.9102141985644696
3774,6481,508102_bpc,508202_bpc,28.75,33.75,-5.0,1.0,0.9461427182569209
28312,21634,511304_cec,511401_mpc,35.5,37.5,-2.0,6.0,0.72674846386246
4762,16666,505801_mpc,505401_mpc,38.75,45.0,-6.25,16.0,0.8361815481622401
18278,5375,508501_mpc,515001_mpc,99.75,73.75,26.0,-8.0,0.9803764019600462
29998,7751,511604_cec,511303_mec,13.0,10.0,3.0,-22.0,0.9356351653453742
7509,3735,505203_mec,505101_mpc,24.0,10.0,14.0,-15.0,0.7558359848824686
20669,2788,508401_mpc,508701_mpc,44.25,47.75,-3.5,-14.0,0.7719769940388644
36733,5831,508002_bpc,507502_bpc,40.25,40.75,-0.5,-15.442871,0.9669177752697334
6276,36611,503801_mpc,504202_bpc,22.5,17.0,5.5,17.0,0.777295611046743
14069,3487,505502_bpc,505602_bpc,48.0,54.25,-6.25,-6.0,0.888881251942071
18620,18058,503002_bpc,502701_mpc,53.75,82.75,-29.0,-15.0,0.8283905189961993
38252,8815,505402_bpc,505901_mpc,35.25,37.0,-1.75,-10.0,0.7130324320515955
4887,5372,508801_mpc,508802_bpc,54.25,81.75,-27.5,-5.0,0.9041548509372711
16224,17400,507001_mpc,506601_mpc,27.75,30.0,-2.25,4.0,0.8428426749934077
15848,15712,512501_mpc,512701_mpc,42.75,43.75,-1.0,20.0,0.9431103657883572
6186,8689,502702_bpc,503002_bpc,42.75,40.0,2.75,0.0,0.9002642421368772
6331,37061,506502_bpc,506702_bpc,25.75,27.5,-1.75,16.0,0.9690349272152277
3056,12079,502701_mpc,502505_hec,15.0,10.0,5.0,10.0,0.9615546388223919
27609,510,512902_bpc,512901_mpc,60.0,71.25,-11.25,-3.0,0.9383980293440649
3289,2828,503302_bpc,504002_bpc,36.0,27.0,9.0,-41.0,0.7231630538119824
27797,946,508202_bpc,507502_bpc,50.0,52.75,-2.75,-22.0,0.8743056628075995
3820,6446,506601_mpc,508202_bpc,38.75,48.75,-10.0,4.0,0.5284662194083132
3100,37999,507302_bpc,506702_bpc,40.25,45.0,-4.75,-2.0,0.839093270938985
30802,26796,502004_cec,501801_mpc,42.5,46.25,-3.75,-11.0,0.8830469362272872
17557,19109,502101_mpc,501801_mpc,48.25,51.25,-3.0,-3.0,0.9422288437919208
9224,10665,505301_mpc,505802_bpc,40.0,42.5,-2.5,7.0,0.8460459484398604
29891,24729,505702_bpc,505902_bpc,33.5,40.0,-6.5,6.0,0.8506781588292865
7382,8340,501903_mec,502004_cec,32.25,17.75,14.5,23.0,0.46787039510628414
28192,33536,512202_bpc,512401_mpc,57.5,83.25,-25.75,6.0,0.8566755942634354
28338,2109,505901_mpc,505204_cec,25.0,28.75,-3.75,6.0,0.807401811027499
2544,8892,507904_cec,508201_mpc,18.0,23.75,-5.75,2.0,0.9414973296766163
21605,23934,507201_mpc,506501_mpc,35.25,35.0,0.25,8.0,0.8241107233579557
19795,10019,507401_mpc,507904_cec,67.0,60.25,6.75,4.0,0.9647467438361391
6212,7885,503905_hec,503102_bpc,22.75,6.25,16.5,36.0,0.8527531506306977
17282,19259,506802_bpc,506903_mec,24.75,22.25,2.5,11.0,0.9055858711531469
13191,31987,508702_bpc,509202_bpc,41.75,44.75,-3.0,3.0,0.836686622917011
23414,2972,508802_bpc,509402_bpc,28.25,26.25,2.0,8.0,0.8889688381598608
16535,20562,504202_bpc,504002_bpc,26.0,35.0,-9.0,8.0,0.8099842916930953
36539,16772,503602_bpc,503601_mpc,45.5,46.75,-1.25,18.0,0.8329209857905377
1208,547,506301_mpc,506101_mpc,49.0,53.75,-4.75,-3.0,0.9573251743777534
12505,18668,507501_mpc,508001_mpc,45.5,38.75,6.75,16.0,0.8872069605844779
15450,38784,514902_bpc,514702_bpc,66.25,70.0,-3.75,2.0,0.9633007084294524
17874,10905,503904_cec,503602_bpc,20.0,8.75,11.25,8.0,0.8123459630925352
9805,7539,503102_bpc,503202_bpc,51.75,90.0,-38.25,-16.0,0.8496774767339691
23816,10423,505701_mpc,505501_mpc,25.5,30.0,-4.5,-26.0,0.85073579373913
30929,16410,507202_bpc,506602_bpc,24.5,25.25,-0.75,-27.0,0.9743708955952409
4539,24024,508401_mpc,509501_mpc,50.5,56.5,-6.0,3.0,0.8902915750809888
29847,8724,513504_cec,513503_mec,21.5,23.75,-2.25,6.0,0.8484367539674318
34908,38847,511304_cec,513903_mec,20.25,16.25,4.0,-26.0,0.9006135918300725
23794,19032,504701_mpc,504503_mec,25.75,30.0,-4.25,39.0,0.8223250129448867
37328,3447,505602_bpc,505402_bpc,26.25,6.25,20.0,-27.0,0.8544005793968781
9129,22543,514702_bpc,514801_mpc,40.0,40.0,0.0,7.0,0.8856366488750309
3708,6492,508201_mpc,502505_hec,16.75,4.5,12.25,57.0,0.8547969753779739
25883,19434,509002_bpc,508402_bpc,41.25,43.75,-2.5,1.0,0.889502316618973
8314,2094,512701_mpc,512601_mpc,42.75,51.5,-8.75,-15.0,0.86203037159437
4596,17785,509301_mpc,508302_bpc,86.25,75.25,11.0,8.0,0.9792600201757663
6659,10960,507701_mpc,508201_mpc,36.0,34.25,1.75,3.0,0.8135598258662238
38062,6765,502202_bpc,502102_bpc,46.75,46.25,0.5,10.0,0.9024066076343071
33259,22375,502004_cec,501502_bpc,23.75,28.75,-5.0,-7.0,0.9074200662111931
4167,958,506701_mpc,509301_mpc,78.5,93.75,-15.25,2.0,0.9377135543375356
18128,1030,512702_bpc,512601_mpc,70.0,65.0,5.0,-23.0,0.9768804270303013
20497,33524,506502_bpc,507001_mpc,43.75,43.75,0.0,-7.0,0.7966970273963299
2176,4390,507402_bpc,507602_bpc,15.5,14.75,0.75,13.0,0.9666724284067459
6212,8178,503905_hec,503302_bpc,22.75,23.25,-0.5,10.0,0.833925044984743
88,23317,512701_mpc,512601_mpc,58.75,50.0,8.75,-35.0,0.9187604175541768
15434,2241,503001_mpc,502701_mpc,24.5,18.75,5.75,-10.0,0.9144068419843061
3729,16991,506302_bpc,506102_bpc,56.5,55.5,1.0,-6.0,0.9868483786711663
6319,1213,509302_bpc,508802_bpc,16.25,11.0,5.25,-7.0,0.9068971007892007
6967,3772,508102_bpc,507801_mpc,9.25,14.75,-5.5,-15.0,0.9646362958384174
33186,17380,514901_mpc,514601_mpc,44.75,61.25,-16.5,-7.0,0.8473890002928379
8907,4513,509402_bpc,508302_bpc,35.25,35.5,-0.25,13.0,0.7935103522402829
7862,8409,503601_mpc,501502_bpc,39.5,44.0,-4.5,-1.0,0.6575432926317957
2594,31297,507904_cec,507702_bpc,19.25,16.5,2.75,7.0,0.9656807000833649
6041,3657,504504_cec,504701_mpc,50.75,47.5,3.25,0.0,0.8741216391134126
3625,3327,509202_bpc,509402_bpc,63.5,72.0,-8.5,-10.0,0.9437840904808963
12455,26309,505701_mpc,505801_mpc,38.75,43.75,-5.0,-24.0,0.785725515340972
28192,38015,512202_bpc,511902_bpc,57.5,51.25,6.25,6.0,0.9646991225944355
5194,3042,502701_mpc,502801_mpc,55.0,61.25,-6.25,8.0,0.9508267101261109
2105,26781,509301_mpc,509401_mpc,91.5,67.0,24.5,6.0,0.9594243802145035
1775,5737,503001_mpc,502802_bpc,26.25,32.5,-6.25,-45.0,0.8427274726948928
21605,33765,507201_mpc,507301_mpc,35.25,40.0,-4.75,-5.0,0.7955359900501423
16346,2317,506302_bpc,506301_mpc,33.25,30.0,3.25,16.0,0.825855617336088
20181,16764,506904_cec,502504_cec,26.25,27.75,-1.5,9.0,0.8189706171105093
12540,505,509402_bpc,509001_mpc,56.25,78.0,-21.75,-15.0,0.9160027873395645
20487,24392,513602_bpc,512104_cec,37.5,33.0,4.5,34.0,0.6833347102504976
15178,9404,507002_bpc,506301_mpc,56.5,82.75,-26.25,-5.0,0.8486978418203683
3370,10577,508102_bpc,508201_mpc,48.75,60.75,-12.0,15.0,0.7765137697680535
17759,24719,501601_mpc,502004_cec,28.75,22.75,6.0,-32.0,0.8686560665355046
20969,18594,503602_bpc,503802_bpc,28.75,29.25,-0.5,-9.0,0.8584926481992752
39301,23509,514601_mpc,513704_cec,11.5,3.75,7.75,17.0,0.9531075828490166
2761,23134,505101_mpc,505102_bpc,22.75,2.5,20.25,-12.0,0.9014003996407417
6959,11723,502504_cec,503904_cec,33.75,27.5,6.25,-3.0,0.8174402928573568
2579,4686,514402_bpc,514502_bpc,14.0,14.25,-0.25,35.0,0.9489319246288435
4291,33568,511702_bpc,511701_mpc,45.25,60.75,-15.5,-23.0,0.6446737807279124
22326,30343,515002_bpc,509301_mpc,27.75,6.25,21.5,26.0,0.7158198256242817
20707,20859,502201_mpc,501601_mpc,35.5,40.75,-5.25,-6.0,0.8912541301227053
6720,19307,505102_bpc,505502_bpc,44.25,45.25,-1.0,-25.0,0.9051279092903418
24024,18998,509501_mpc,508301_mpc,56.5,69.75,-13.25,-1.0,0.9177396359987399
24602,29898,510102_bpc,511902_bpc,31.5,31.25,0.25,4.0,0.9834338792238125
19267,4249,510101_mpc,512201_mpc,52.5,45.75,6.75,12.0,0.8938758087700841
24019,23400,505301_mpc,505701_mpc,43.5,46.25,-2.75,-5.0,0.9037670323777508
2529,5001,508903_mec,509105_hec,26.75,18.0,8.75,8.0,0.7649587729803653
30530,23822,503301_mpc,503801_mpc,62.5,60.0,2.5,-12.0,0.9272085722628578
12933,21605,506801_mpc,507201_mpc,38.75,35.25,3.5,-8.0,0.7392911794187067
667,5416,506002_bpc,505802_bpc,25.0,18.75,6.25,28.0,0.9220943822897157
264,12373,505204_cec,505901_mpc,23.75,20.0,3.75,-9.0,0.8330004361953866
16742,28117,511202_bpc,511201_mpc,52.75,45.0,7.75,-41.0,0.8817294594817741
30729,11027,507201_mpc,506801_mpc,28.0,-1.25,29.25,-7.0,0.7330255939207999
24370,15873,502005_hec,502202_bpc,41.5,41.25,0.25,-23.0,0.9082221102385254
7484,33337,501502_bpc,502202_bpc,36.25,33.0,3.25,12.0,0.7635691144375352
29186,4691,509201_mpc,508501_mpc,66.25,75.0,-8.75,0.0,0.9807660283293499
4773,8338,512201_mpc,514601_mpc,64.25,86.25,-22.0,4.0,0.9009067292048932
7549,3646,505502_bpc,505203_mec,13.75,9.75,4.0,7.0,0.9684238400250388
39133,12736,510101_mpc,514801_mpc,42.75,49.0,-6.25,-9.0,0.8873016688175563
18213,9994,502202_bpc,501602_bpc,47.5,51.5,-4.0,-2.0,0.9312792241047276
7195,1512,508002_bpc,507702_bpc,21.25,25.0,-3.75,37.0,0.9641812202555977
20919,18633,507302_bpc,507202_bpc,34.75,33.5,1.25,14.0,0.8242455807960127
20525,6731,507601_mpc,506904_cec,30.0,22.75,7.25,-4.0,0.7463603234327681
17899,21923,505203_mec,505801_mpc,69.0,91.75,-22.75,-13.0,0.9711857632608512
23765,21155,511603_mec,511303_mec,10.0,11.25,-1.25,-45.55713,0.9879041589103307
6302,3904,503602_bpc,503802_bpc,46.25,47.0,-0.75,0.0,0.9473803464983793
10088,7603,501802_bpc,501502_bpc,39.0,43.75,-4.75,-16.0,0.8268482057054184
31844,24632,514802_bpc,514801_mpc,47.5,55.25,-7.75,-5.0,0.9160562185416158
15037,19565,505501_mpc,505101_mpc,71.25,96.5,-25.25,2.0,0.9735675111468653
30810,17006,514001_mpc,513903_mec,47.75,65.0,-17.25,-35.0,0.8505120609589101
6624,8518,501802_bpc,502005_hec,36.5,34.75,1.75,9.0,0.8396445339099179
4495,1890,503002_bpc,502702_bpc,26.25,31.25,-5.0,-11.442871,0.8973898962219328
21500,1313,506701_mpc,501601_mpc,74.75,96.25,-21.5,-6.0,0.932435290987819
28889,2982,513903_mec,513403_mec,47.5,78.75,-31.25,-16.0,0.721218648467088
17557,20859,502101_mpc,501601_mpc,48.25,40.75,7.5,-5.0,0.8920898219999274
2874,8031,509501_mpc,502801_mpc,56.25,55.75,0.5,2.0,0.8944963532352118
6720,20073,505102_bpc,505502_bpc,44.25,42.5,1.75,-21.0,0.9207643164231059
20788,16304,506404_cec,501904_cec,15.0,17.5,-2.5,-24.0,0.9622885786786445
11673,6244,502101_mpc,502202_bpc,29.0,31.25,-2.25,-5.0,0.8843423141963274
29894,25463,505501_mpc,505801_mpc,45.0,45.25,-0.25,-10.0,0.8418981794116539
11106,14135,506802_bpc,506904_cec,26.5,16.25,10.25,-46.0,0.8977861591703493
2049,7638,501502_bpc,501802_bpc,40.5,39.0,1.5,-13.0,0.8573000048284551
19225,26633,507904_cec,508202_bpc,53.75,67.5,-13.75,-28.0,0.9257941340177755
13771,37340,506701_mpc,506102_bpc,44.0,55.25,-11.25,-14.0,0.8484269970298154
316,12736,514901_mpc,514801_mpc,38.75,49.0,-10.25,1.0,0.7939855552294388
10175,2755,508201_mpc,507401_mpc,35.25,31.25,4.0,-33.0,0.8429275809923813
16651,1432,502505_hec,501903_mec,11.5,16.0,-4.5,-35.0,0.9207468639818953
25390,2178,506802_bpc,506602_bpc,15.75,13.75,2.0,-34.0,0.895352690009874
24967,31045,514002_bpc,514201_mpc,8.75,12.25,-3.5,12.557129,0.9480771224304092
6096,18240,506201_mpc,506101_mpc,45.0,52.5,-7.5,-6.0,0.8213542356999244
1213,2334,508802_bpc,508903_mec,11.0,13.75,-2.75,34.0,0.9066290495729641
36611,4000,504202_bpc,503601_mpc,17.0,19.25,-2.25,-11.0,0.8645556802986174
6797,4929,504201_mpc,503302_bpc,24.75,7.75,17.0,28.0,0.8587110403173439
28871,28786,511402_bpc,512901_mpc,51.5,76.25,-24.75,-10.0,0.777752252347637
8984,966,509104_cec,506601_mpc,21.25,10.25,11.0,-8.442871,0.8001825212227832
11812,29382,512104_cec,510102_bpc,26.25,25.5,0.75,-27.0,0.9102187465695158
4875,17185,507801_mpc,507601_mpc,20.0,18.75,1.25,-1.0,0.9780351798847193
11487,14191,505502_bpc,506404_cec,27.5,11.25,16.25,-4.0,0.7557459299318865
27526,16577,504503_mec,504903_mec,23.75,15.0,8.75,-43.0,0.8080177116882895
3661,4593,508102_bpc,507402_bpc,12.5,20.5,-8.0,-32.0,0.9732993136156445
17630,8734,506702_bpc,506802_bpc,23.75,22.5,1.25,39.0,0.9095866349015683
37611,16307,513201_mpc,513202_bpc,24.0,30.0,-6.0,-43.0,0.8173396016806812
7405,1209,503905_hec,503601_mpc,20.0,23.25,-3.25,6.0,0.9118962969874345
4468,29415,505602_bpc,506002_bpc,59.0,61.0,-2.0,-2.0,0.9418109194417501
29950,36132,513503_mec,511802_bpc,41.25,52.5,-11.25,-10.0,0.7402386648225692
11714,11673,501802_bpc,502101_mpc,34.0,29.0,5.0,20.0,0.8704217226968418
36017,2642,507802_bpc,507502_bpc,32.25,35.5,-3.25,-5.0,0.9314392810446408
8901,20855,511201_mpc,514801_mpc,70.0,83.75,-13.75,-10.0,0.9225838564915945
14525,30399,501801_mpc,502202_bpc,47.5,50.0,-2.5,6.0,0.9275561150672998
23581,26532,506002_bpc,506001_mpc,75.0,87.5,-12.5,-1.0,0.9751590001124466
5891,3744,509301_mpc,509201_mpc,43.75,47.5,-3.75,8.0,0.790599153040143
18238,12631,501601_mpc,501502_bpc,36.25,42.0,-5.75,3.0,0.7465438007487559
24962,8625,507001_mpc,507002_bpc,37.5,31.5,6.0,3.0,0.603903875650913
6482,10175,507702_bpc,508201_mpc,34.0,35.25,-1.25,30.0,0.7612107328030713
7408,32395,512702_bpc,511702_bpc,38.75,36.25,2.5,6.0,0.8894613472944958
19795,6252,507401_mpc,508002_bpc,67.0,93.75,-26.75,1.0,0.9283267952178208
6108,31295,509201_mpc,509001_mpc,28.5,22.5,6.0,11.0,0.7985697869920436
4376,18165,509401_mpc,502202_bpc,37.25,31.25,6.0,-14.0,0.5556636810294039
3730,14667,502801_mpc,502701_mpc,50.0,51.25,-1.25,-6.0,0.9206259443678345
11900,36598,503102_bpc,504002_bpc,53.75,55.0,-1.25,-4.0,0.9650881480573992
12794,30258,505501_mpc,505801_mpc,42.75,47.5,-4.75,8.0,0.8533113293179375
16422,6446,502701_mpc,508202_bpc,44.0,48.75,-4.75,-2.0,0.6521221343206192
13335,35829,511201_mpc,513403_mec,63.5,82.5,-19.0,2.0,0.954036711839654
2377,12732,506001_mpc,505102_bpc,76.25,66.5,9.75,-3.0,0.9807411290635297
24339,26234,511902_bpc,512202_bpc,70.0,70.0,0.0,-26.557129,0.9431397062305237
37683,14859,506502_bpc,506802_bpc,25.25,13.0,12.25,-32.0,0.9087508972448634
34290,25264,501802_bpc,501904_cec,35.0,35.0,0.0,-23.0,0.8294316946338687
22469,14080,513504_cec,513201_mpc,12.75,24.75,-12.0,-26.0,0.8895598848320749
13393,20783,505102_bpc,505402_bpc,51.25,53.75,-2.5,3.0,0.8978820496143604
29988,18611,508702_bpc,509502_bpc,47.5,48.75,-1.25,-8.0,0.8643698901655217
2930,19490,514902_bpc,514701_mpc,21.5,23.75,-2.25,-21.0,0.9232555531829143
3880,4138,507602_bpc,508002_bpc,34.25,29.0,5.25,-22.0,0.6380093730639437
8178,4839,503302_bpc,503904_cec,23.25,16.5,6.75,-2.0,0.8824778330028648
29893,21133,504001_mpc,503201_mpc,21.5,15.5,6.0,-30.0,0.8692195499849257
8733,16575,511303_mec,511401_mpc,18.75,13.75,5.0,6.0,0.9602525512484191
1043,233,506001_mpc,505701_mpc,34.5,23.75,10.75,29.0,0.777383217944602
11249,14952,503905_hec,503202_bpc,17.75,21.0,-3.25,-42.0,0.9097785858058277
21372,33384,506903_mec,506502_bpc,22.5,24.0,-1.5,-8.0,0.9603947796516771
31474,3585,514302_bpc,514402_bpc,22.25,1.0,21.25,16.0,0.9231058858785506
8225,17437,501903_mec,501802_bpc,23.0,15.0,8.0,7.0,0.8805019237284403
9945,14155,501802_bpc,501602_bpc,43.75,41.25,2.5,0.0,0.9684190819542742
8127,19432,503102_bpc,503602_bpc,46.5,40.25,6.25,-18.0,0.8632076761420074
33396,7336,513904_cec,512104_cec,10.5,6.0,4.5,19.0,0.9572309849094988
34797,28334,512201_mpc,512401_mpc,60.5,50.25,10.25,-2.0,0.9101958097527322
5486,1336,504701_mpc,504401_mpc,48.25,48.75,-0.5,11.0,0.9130040811493766
4952,873,512602_bpc,512702_bpc,28.75,16.75,12.0,41.0,0.8848848254117858
12561,13106,508202_bpc,507802_bpc,45.0,61.5,-16.5,-10.0,0.8153007253697311
20148,35650,513503_mec,511801_mpc,39.25,34.25,5.0,-10.0,0.7262565532406824
5141,21964,506201_mpc,506102_bpc,77.0,87.5,-10.5,-8.0,0.961770331674145
5059,28256,512601_mpc,512702_bpc,34.0,34.0,0.0,18.0,0.8184588000803285
3835,21273,506904_cec,506404_cec,22.5,21.5,1.0,1.0,0.9295317947697973
22088,18597,504001_mpc,503301_mpc,56.25,63.5,-7.25,5.0,0.8524312248010456
32030,23406,504401_mpc,504402_bpc,54.75,62.5,-7.75,-3.0,0.8904715593817787
13502,26532,505801_mpc,506001_mpc,65.25,87.5,-22.25,4.0,0.9688960465851005
4265,3512,507701_mpc,508201_mpc,42.5,46.25,-3.75,12.0,0.8595302564792107
3957,3762,504402_bpc,504702_bpc,52.5,72.5,-20.0,-3.0,0.9131174841988267
16277,24148,507002_bpc,506802_bpc,41.25,38.0,3.25,-15.0,0.7884251980340671
18193,5142,508904_cec,505402_bpc,29.0,27.5,1.5,-5.0,0.8516907854850193
38505,16462,514401_mpc,512601_mpc,86.75,98.75,-12.0,1.0,0.95514034320115
15955,17783,511201_mpc,511603_mec,31.25,23.75,7.5,-4.0,0.8360683811803893
32170,23259,512104_cec,513504_cec,16.25,5.0,11.25,29.0,0.916416089728192
10698,25170,501903_mec,502201_mpc,16.25,26.5,-10.25,-11.0,0.8948104795900216
12447,18445,503101_mpc,503601_mpc,26.5,30.0,-3.5,-12.0,0.8057486857338947
7198,1633,510101_mpc,512401_mpc,33.75,27.5,6.25,0.0,0.9033564291265941
4231,20925,508904_cec,509501_mpc,27.5,10.75,16.75,25.0,0.8188217156062689
29372,29849,506701_mpc,507301_mpc,11.75,19.25,-7.5,29.0,0.9570984808089963
25919,4209,507202_bpc,506702_bpc,42.5,38.75,3.75,6.0,0.7692095438782207
33397,25287,506101_mpc,509501_mpc,31.25,37.5,-6.25,3.0,0.8474732735868303
16825,10402,514002_bpc,514301_mpc,13.5,7.5,6.0,-8.442871,0.9508372224127043
12038,18316,505101_mpc,509001_mpc,30.0,27.5,2.5,19.0,0.8617824969415849
7053,13311,501801_mpc,501903_mec,29.25,35.25,-6.0,8.0,0.728760464778503
19258,1620,507802_bpc,508202_bpc,26.5,20.25,6.25,2.0,0.9270500673179428
17459,3984,508101_mpc,507401_mpc,27.25,23.75,3.5,4.0,0.8679481239505378
19805,15676,509501_mpc,506101_mpc,54.5,47.5,7.0,-13.0,0.9499825373106787
29022,5982,509104_cec,504201_mpc,13.75,9.75,4.0,10.0,0.8949424578403442
7810,16550,502101_mpc,501801_mpc,30.0,35.25,-5.25,3.0,0.9129189180332417
1313,18842,501601_mpc,502101_mpc,96.25,66.5,29.75,-4.0,0.9659098895085221
17972,19350,514002_bpc,514001_mpc,44.75,61.25,-16.5,-5.0,0.7175010058910885
14932,18858,503001_mpc,502802_bpc,20.25,26.0,-5.75,10.0,0.8528955929364656
11872,15789,512501_mpc,512601_mpc,34.25,35.25,-1.0,-13.0,0.9442109593234902
7203,20855,514301_mpc,514801_mpc,56.25,83.75,-27.5,-5.0,0.8696430232504058
10594,15205,505101_mpc,505901_mpc,36.75,36.25,0.5,25.0,0.959947563603223
11835,10392,504503_mec,504401_mpc,49.0,64.5,-15.5,-2.0,0.8831522537879569
18989,20131,514902_bpc,514201_mpc,42.0,48.75,-6.75,-5.0,0.5998388926974809
28669,9986,505102_bpc,505101_mpc,33.75,37.0,-3.25,-19.0,0.8310649723585122
11699,24897,504002_bpc,503201_mpc,64.5,70.0,-5.5,-24.0,0.9467881675166118
7125,19149,509401_mpc,509402_bpc,41.25,37.75,3.5,14.0,0.7052716511022469
24584,20882,504201_mpc,503101_mpc,54.0,55.25,-1.25,-23.442871,0.9054242166852734
14353,10024,506501_mpc,507001_mpc,42.5,56.25,-13.75,-1.0,0.7281362593759431
14334,26625,506202_bpc,506201_mpc,92.75,72.5,20.25,-1.0,0.9580765082755752
5659,3004,507502_bpc,508002_bpc,43.25,38.0,5.25,57.0,0.8118253592369628
691,12998,509201_mpc,508701_mpc,43.0,38.5,4.5,6.0,0.8575151434717804
10516,13228,505601_mpc,505301_mpc,65.0,94.0,-29.0,-8.0,0.9603978675645966
8350,20855,511201_mpc,514801_mpc,69.75,83.75,-14.0,5.0,0.9269332445231746
8341,12175,504503_mec,504701_mpc,7.5,15.0,-7.5,-34.0,0.8910953667765544
37023,24009,505204_cec,502504_cec,30.5,32.5,-2.0,-7.0,0.8674902360973805
293,18830,508402_bpc,509002_bpc,31.25,26.0,5.25,-6.0,0.9066469226037123
28756,7198,512401_mpc,510101_mpc,24.25,33.75,-9.5,-31.0,0.8473394117291928
13693,13952,511702_bpc,503201_mpc,77.5,95.0,-17.5,-19.0,0.9309708464027753
33967,14709,508701_mpc,509105_hec,23.25,17.75,5.5,-1.5571289,0.9066497284541998
24474,11043,502701_mpc,502702_bpc,37.5,40.0,-2.5,-6.0,0.8157871806488135
111,36499,511202_bpc,512104_cec,4.25,1.5,2.75,31.0,0.9547230391863355
14494,7810,502004_cec,502101_mpc,34.0,30.0,4.0,-22.0,0.8041346777328553
10542,3859,514801_mpc,514601_mpc,73.75,56.25,17.5,-1.0,0.9582636061695246
19557,9194,506701_mpc,506904_cec,23.0,22.0,1.0,16.0,0.9036223154362016
12554,3617,503001_mpc,502801_mpc,57.5,49.75,7.75,5.0,0.9151314474572986
18668,23507,508001_mpc,507501_mpc,38.75,45.0,-6.25,-20.0,0.838716378900958
24413,1160,514601_mpc,511401_mpc,82.75,105.0,-22.25,-3.0,0.9530367321924926
39207,8503,505502_bpc,505102_bpc,46.5,40.0,6.5,-7.0,0.8854941659570837
19565,18555,505101_mpc,505401_mpc,96.5,75.25,21.25,-2.0,0.9843034078929634
4931,2111,507401_mpc,508001_mpc,40.0,36.25,3.75,-2.0,0.6951379602107419
7897,11772,512702_bpc,512501_mpc,58.75,75.0,-16.25,3.0,0.9360562177041712
12152,18137,503905_hec,503201_mpc,22.75,15.25,7.5,10.0,0.8682081065330163
14370,10426,502801_mpc,502802_bpc,32.5,36.0,-3.5,1.0,0.7303581035754355
21182,14644,506301_mpc,506201_mpc,46.5,58.75,-12.25,-31.0,0.8852451393875729
33735,28756,512104_cec,512401_mpc,12.5,24.25,-11.75,2.0,0.9001329161565902
4983,2823,507904_cec,508102_bpc,10.25,8.75,1.5,35.0,0.9547897645323404
28292,6433,513403_mec,513104_cec,36.5,35.0,1.5,20.0,0.7612138855751408
15480,22829,506501_mpc,507301_mpc,25.75,31.25,-5.5,22.0,0.8832563946067096
27267,15824,501903_mec,501801_mpc,33.75,36.25,-2.5,-17.0,0.7499593740691347
15625,16354,501602_bpc,501802_bpc,42.0,43.25,-1.25,-5.0,0.9635685153438066
14973,6492,502005_hec,502505_hec,20.0,4.5,15.5,32.0,0.8182108404806641
19215,24524,501802_bpc,502102_bpc,45.75,42.5,3.25,-12.0,0.951048801252217
19383,29797,505101_mpc,505402_bpc,30.25,27.5,2.75,17.0,0.8705029537873588
2030,26493,505801_mpc,505301_mpc,81.25,63.75,17.5,-1.0,0.9702080886423844
1582,20667,502802_bpc,502504_cec,46.25,58.75,-12.5,-3.0,0.8453507537031105
6344,7372,504503_mec,504504_cec,25.0,16.25,8.75,14.0,0.8929692451842159
18101,9942,508904_cec,509002_bpc,46.0,55.0,-9.0,-27.0,0.7993624866832709
10816,17734,509202_bpc,509302_bpc,38.25,42.5,-4.25,-11.0,0.8077093540486249
5965,23991,503601_mpc,503101_mpc,37.5,42.5,-5.0,36.0,0.8737801857764199
30640,29858,505203_mec,508904_cec,24.75,11.5,13.25,-18.557129,0.8428064076621483
17679,80,514302_bpc,514402_bpc,21.0,13.75,7.25,-8.557129,0.9360656545863668
8874,27329,502004_cec,501602_bpc,35.0,40.0,-5.0,-23.0,0.8147715707197489
5139,10780,509302_bpc,508402_bpc,29.5,30.0,-0.5,4.0,0.9888515125371987
18668,10141,508001_mpc,508201_mpc,38.75,37.0,1.75,-15.0,0.8333955794420482
11124,18833,515001_mpc,509201_mpc,41.25,39.0,2.25,6.0,0.8355430810814228
27699,11541,512202_bpc,512402_bpc,39.75,48.5,-8.75,25.0,0.7892310678545038
27552,7541,508801_mpc,509301_mpc,50.0,75.75,-25.75,4.0,0.8765014459033019
2091,17743,504701_mpc,504402_bpc,31.25,34.75,-3.5,25.0,0.7964569697423003
5087,39301,514802_bpc,514601_mpc,16.25,11.5,4.75,-37.0,0.8441836481988632
12939,3470,507402_bpc,507904_cec,23.5,9.25,14.25,10.0,0.9060561716178669
18222,15177,512502_bpc,512702_bpc,41.25,48.5,-7.25,-36.0,0.8360330355910998
9828,30546,511202_bpc,511401_mpc,40.25,41.25,-1.0,16.0,0.6817266523251612
8249,10877,503302_bpc,504202_bpc,35.0,31.0,4.0,17.0,0.6823974468458087
27011,4616,508904_cec,509105_hec,15.25,2.0,13.25,3.442871,0.9049898807785283
29893,17049,504001_mpc,503101_mpc,21.5,21.25,0.25,-3.0,0.8586547052458656
13333,3731,502201_mpc,502101_mpc,40.0,37.75,2.25,1.0,0.8902583097036093
4171,3585,513601_mpc,514402_bpc,3.5,1.0,2.5,15.0,0.893316845627491
26223,22489,513601_mpc,513903_mec,9.0,10.0,-1.0,-19.0,0.9387730314243056
8624,10769,504201_mpc,509501_mpc,50.0,55.0,-5.0,-5.0,0.8769551657048162
18642,22432,512701_mpc,512501_mpc,42.5,56.25,-13.75,-1.0,0.8224145039911035
12373,1927,505901_mpc,502505_hec,20.0,11.25,8.75,-12.0,0.8630492717849548
32170,33141,512104_cec,513504_cec,16.25,15.25,1.0,48.0,0.9371651601284383
25959,6113,506201_mpc,506202_bpc,77.5,65.5,12.0,41.0,0.9591938335369657
36670,8406,504201_mpc,503905_hec,26.5,10.5,16.0,-20.0,0.799589967174524
22263,12839,505501_mpc,505301_mpc,47.25,44.25,3.0,11.0,0.8727702466607531
14889,15158,501802_bpc,502202_bpc,69.5,69.5,0.0,-18.0,0.9787526729025872
37328,14380,505602_bpc,506002_bpc,26.25,10.25,16.0,-27.0,0.8574995457206047
15944,17072,509302_bpc,515002_bpc,51.75,72.5,-20.75,3.0,0.8706167250887473
113,18018,509502_bpc,515002_bpc,43.75,53.25,-9.5,2.0,0.7952420954008228
37587,22299,514702_bpc,513403_mec,35.0,40.5,-5.5,-13.0,0.7852469840584743
7386,23822,503101_mpc,503801_mpc,63.0,60.0,3.0,-11.0,0.9031479757317235
29002,34284,505302_bpc,506002_bpc,49.75,46.25,3.5,3.0,0.9305139480988145
6933,39176,512701_mpc,512601_mpc,31.5,23.0,8.5,-18.0,0.8895419207897692
16689,10466,511402_bpc,511201_mpc,27.5,27.5,0.0,40.0,0.8329032581209717
16666,32538,505401_mpc,505801_mpc,45.0,58.75,-13.75,-1.0,0.8228222836535282
18896,3320,509202_bpc,509302_bpc,37.5,41.5,-4.0,-7.0,0.7710042434450113
31354,30110,511702_bpc,513503_mec,18.75,29.0,-10.25,-28.0,0.8412493142686179
10387,6803,513403_mec,513404_cec,21.25,8.75,12.5,10.0,0.895998994916354
14682,1559,505701_mpc,505601_mpc,68.75,103.0,-34.25,2.0,0.9780435125934938
30137,14859,506702_bpc,506802_bpc,18.75,13.0,5.75,-2.0,0.9341719043156244
19310,6419,507904_cec,507701_mpc,18.75,15.25,3.5,-12.0,0.9383096882819515
16444,12435,506302_bpc,506202_bpc,47.75,45.0,2.75,15.0,0.9728125018667391
14007,2644,503801_mpc,503601_mpc,31.75,36.75,-5.0,12.0,0.7902745212183951
98,15937,512602_bpc,512702_bpc,46.25,43.75,2.5,18.0,0.752989614562804
32451,31181,511402_bpc,513602_bpc,21.5,10.0,11.5,-18.0,0.9141184395721718
15660,5529,513103_mec,513403_mec,26.75,13.75,13.0,7.0,0.8585948689033047
16399,12938,509104_cec,508701_mpc,30.5,27.5,3.0,-1.0,0.8155455589299849
20579,28273,502202_bpc,502102_bpc,56.0,63.75,-7.75,16.0,0.9478302238683978
10979,23800,511603_mec,511202_bpc,35.0,43.75,-8.75,-1.0,0.6526770628180478
1613,2940,504903_mec,504401_mpc,57.75,66.75,-9.0,-1.0,0.9343294320333171
22391,5000,514801_mpc,507501_mpc,98.25,100.25,-2.0,-16.0,0.9621370651829766
23421,5351,505402_bpc,505902_bpc,32.5,38.75,-6.25,-26.0,0.8787232797243548
9554,14093,505301_mpc,505701_mpc,38.75,32.75,6.0,5.0,0.5140889297444174
27070,24491,512601_mpc,512502_bpc,36.25,31.5,4.75,7.0,0.8314621418692562
21325,13898,502505_hec,502702_bpc,23.25,13.75,9.5,-27.0,0.9117099044770403
20859,13341,501601_mpc,502101_mpc,40.75,37.5,3.25,26.0,0.8622975476944865
33665,25051,513704_cec,511702_bpc,5.5,0.0,5.5,-11.0,0.9678415533216838
12554,20050,503001_mpc,502701_mpc,57.5,47.5,10.0,13.0,0.850330792097013
8427,18844,501601_mpc,501801_mpc,57.5,52.5,5.0,-1.0,0.9511633178975184
14537,17784,508301_mpc,508702_bpc,20.0,0.25,19.75,-36.0,0.9308550998992949
25661,3625,508302_bpc,509202_bpc,65.5,63.5,2.0,0.0,0.9422058520207562
39363,13545,514702_bpc,512901_mpc,80.0,102.5,-22.5,14.0,0.9428391668159685
32649,8137,508201_mpc,507801_mpc,31.5,25.0,6.5,-29.0,0.9214303869071218
26713,12813,511702_bpc,511801_mpc,54.5,63.75,-9.25,-4.0,0.9133433149433878
15564,33141,512104_cec,513504_cec,2.75,15.25,-12.5,46.0,0.9788329348496136
22474,32514,503202_bpc,503102_bpc,22.75,26.25,-3.5,41.0,0.7822256562874275
16549,2331,506404_cec,507002_bpc,47.75,50.0,-2.25,-9.0,0.7873060202035561
21830,12606,513503_mec,513904_cec,20.5,11.25,9.25,-15.0,0.914724704375451
16619,22817,506802_bpc,506404_cec,23.0,11.5,11.5,14.0,0.8256148367702713
24602,24463,510102_bpc,512402_bpc,31.5,19.0,12.5,31.0,0.8145128512004474
15311,13445,514502_bpc,514302_bpc,38.0,33.25,4.75,12.0,0.8551384536179795
16964,38490,504903_mec,504904_cec,20.0,22.5,-2.5,0.0,0.9485060012762305
675,16953,506301_mpc,506201_mpc,58.75,55.0,3.75,-1.0,0.9787449813913596
37934,3802,506802_bpc,507002_bpc,55.0,69.5,-14.5,-3.0,0.8986011783522034
4170,24949,514501_mpc,514301_mpc,41.5,59.25,-17.75,-50.0,0.7407401338914437
13374,27401,512601_mpc,512702_bpc,25.0,17.75,7.25,24.0,0.840755708513936
14450,244,509302_bpc,509402_bpc,42.0,40.5,1.5,-1.0,0.9444640544401195
2833,2561,507402_bpc,508002_bpc,46.75,40.0,6.75,9.0,0.8863445570411635
12204,10877,503905_hec,504202_bpc,32.5,31.0,1.5,16.0,0.7362813872514762
30576,14386,507301_mpc,506904_cec,27.75,18.25,9.5,4.557129,0.8694823851434724
4138,37093,508002_bpc,505502_bpc,29.0,24.25,4.75,1.0,0.7392071729895425
20169,16662,506904_cec,506404_cec,18.75,12.75,6.0,8.0,0.945797251070658
10241,9172,508701_mpc,503002_bpc,14.75,7.5,7.25,17.0,0.9062949107183165
38252,19383,505402_bpc,505101_mpc,35.25,30.25,5.0,-17.0,0.7153520353738907
18350,36356,506202_bpc,513201_mpc,77.5,100.25,-22.75,2.0,0.9343477846662158
1582,17087,502802_bpc,503002_bpc,46.25,81.25,-35.0,0.0,0.7567257221540004
9739,36680,509302_bpc,509202_bpc,41.75,40.0,1.75,-21.0,0.8251404870906157
19310,6779,507904_cec,507601_mpc,18.75,10.0,8.75,24.0,0.9464488569788626
38266,18096,512901_mpc,512902_bpc,35.5,28.5,7.0,-1.4428711,0.7149652125302772
6192,1687,507801_mpc,508101_mpc,28.75,27.5,1.25,31.0,0.9447910040929114
2642,2902,507502_bpc,508002_bpc,35.5,36.25,-0.75,6.0,0.9311450590409757
18015,7539,512202_bpc,503202_bpc,58.75,90.0,-31.25,-12.0,0.8472103189912509
14421,23618,512104_cec,513704_cec,17.5,12.5,5.0,15.0,0.9654080770211202
35360,14059,507301_mpc,501601_mpc,67.5,105.25,-37.75,-1.0,0.9124813803247814
7571,6951,501904_cec,502004_cec,37.5,37.0,0.5,7.0,0.7347309318280398
32012,21820,511402_bpc,511201_mpc,71.25,60.0,11.25,11.0,0.9271542116451276
33220,37315,503302_bpc,511402_bpc,6.75,1.25,5.5,38.0,0.877605446130079
6230,30249,502004_cec,501602_bpc,27.5,28.5,-1.0,-5.0,0.9005920654594033
4103,37008,514202_bpc,513903_mec,12.5,20.25,-7.75,-12.0,0.9162327605926364
13415,10027,505402_bpc,505702_bpc,53.75,55.75,-2.0,7.0,0.9321128443849478
4737,4328,503802_bpc,503302_bpc,41.0,38.75,2.25,3.0,0.7714364122442666
14363,32814,503302_bpc,504002_bpc,37.75,33.75,4.0,4.0,0.7468907790594873
26029,14051,509201_mpc,508501_mpc,36.25,40.0,-3.75,7.0,0.7940451746887885
16589,4128,503301_mpc,502505_hec,21.25,8.75,12.5,25.0,0.8647021547326865
9373,14512,509001_mpc,509301_mpc,36.0,42.5,-6.5,-5.0,0.7642105782918965
11878,26575,512601_mpc,512702_bpc,35.75,36.75,-1.0,9.442871,0.8527215435451315
22509,3151,506903_mec,506404_cec,56.75,58.75,-2.0,-12.0,0.9045994829616628
32012,32139,511402_bpc,511202_bpc,71.25,77.75,-6.5,18.0,0.9869714196919787
25015,19244,509401_mpc,508502_bpc,78.0,62.5,15.5,6.0,0.9411406704434797
3892,12891,507401_mpc,507601_mpc,40.0,33.75,6.25,33.0,0.8540054813751696
24491,6510,512502_bpc,512702_bpc,31.5,23.75,7.75,-17.0,0.885131885771921
17242,31952,505102_bpc,502004_cec,36.75,35.0,1.75,2.0,0.6514608888188241
25990,36792,512801_mpc,506101_mpc,97.5,92.5,5.0,-10.0,0.9568256400452302
25480,31332,512701_mpc,512601_mpc,64.0,55.0,9.0,-19.0,0.9674159311908499
26945,4669,508201_mpc,507501_mpc,35.0,30.25,4.75,14.0,0.8362867998319967
13862,16733,504503_mec,504504_cec,22.75,27.0,-4.25,-1.5571289,0.8631140882093298
21681,9650,501502_bpc,501802_bpc,38.5,43.75,-5.25,1.0,0.817520556306985
24872,16571,511802_bpc,511702_bpc,35.0,35.25,-0.25,-7.0,0.8896448016031782
6868,30890,506802_bpc,507302_bpc,54.0,75.0,-21.0,-10.0,0.9066668731957935
17415,13228,514501_mpc,505301_mpc,78.75,94.0,-15.25,-8.0,0.9370514065716591
8526,37222,501903_mec,502005_hec,22.75,15.0,7.75,6.0,0.8348967922190217
9020,17343,513202_bpc,513404_cec,37.5,39.25,-1.75,35.0,0.7841741389326016
8986,3096,504702_bpc,504402_bpc,38.75,36.25,2.5,7.0,0.9644560384918619
28998,9463,514501_mpc,514402_bpc,7.5,18.75,-11.25,-24.557129,0.9139233074967649
23543,24805,501802_bpc,502102_bpc,40.0,38.75,1.25,-8.0,0.8629033062935121
4387,25878,514602_bpc,514802_bpc,58.75,59.5,-0.75,-2.0,0.918075405793983
29950,33568,513503_mec,511701_mpc,41.25,60.75,-19.5,4.0,0.6747278163095694
32844,31407,514202_bpc,513903_mec,47.5,50.0,-2.5,-1.0,0.9055699659682457
16248,34604,513903_mec,514202_bpc,20.25,20.0,0.25,-22.0,0.9559782322311485
4786,16708,503302_bpc,503601_mpc,56.25,85.0,-28.75,-12.0,0.8258087737461823
9172,14316,503002_bpc,502005_hec,7.5,5.75,1.75,-27.0,0.9208654552767906
31407,32887,513903_mec,513601_mpc,50.0,55.0,-5.0,5.0,0.8710361373725808
15912,505,509501_mpc,509001_mpc,58.0,78.0,-20.0,5.0,0.9346691055364063
34797,11640,512201_mpc,513201_mpc,60.5,95.5,-35.0,-12.0,0.8768889948117956
5377,5384,509002_bpc,509202_bpc,30.75,28.0,2.75,8.0,0.7176685180628887
27623,31529,514001_mpc,514002_bpc,9.0,9.25,-0.25,28.557129,0.9102298508236532
30354,21100,506404_cec,509502_bpc,20.25,6.25,14.0,21.0,0.77541237500992
12240,12511,506001_mpc,505401_mpc,20.5,20.75,-0.25,-9.0,0.8962425146252063
36684,16929,507002_bpc,507302_bpc,39.5,33.5,6.0,-17.0,0.7619088912112848
2833,15071,507402_bpc,507802_bpc,46.75,51.5,-4.75,-4.0,0.8801861111953951
23930,29757,514402_bpc,514502_bpc,18.75,19.0,-0.25,15.0,0.9259915324579864
25264,8281,501904_cec,502101_mpc,35.0,28.75,6.25,8.0,0.8163803886184948
5009,7452,502702_bpc,503002_bpc,46.75,42.75,4.0,15.0,0.8002026064903618
12839,29894,505301_mpc,505501_mpc,44.25,45.0,-0.75,-8.0,0.8900720924471772
25507,13898,502701_mpc,502702_bpc,24.5,13.75,10.75,-12.0,0.7765606652917396
17084,13311,501801_mpc,501903_mec,37.25,35.25,2.0,20.0,0.8208489828161144
11514,34949,509105_hec,505401_mpc,26.75,15.0,11.75,18.0,0.6534651550172532
5533,10294,507402_bpc,507602_bpc,52.5,49.5,3.0,-6.0,0.9445521471820596
31529,2821,514002_bpc,514202_bpc,9.25,8.75,0.5,-32.0,0.9620229389415949
14183,9230,508301_mpc,509301_mpc,39.0,38.75,0.25,-4.0,0.7948141706523698
14290,35442,512802_bpc,512901_mpc,55.25,73.5,-18.25,-4.0,0.9251459186857187
23998,32922,506602_bpc,507701_mpc,30.25,21.25,9.0,17.0,0.8338502976872451
19261,24897,503301_mpc,503201_mpc,58.75,70.0,-11.25,-19.0,0.9589963394217654
20234,10991,513704_cec,514002_bpc,33.75,26.25,7.5,9.0,0.6835886597481452
11097,15086,503602_bpc,503102_bpc,41.75,55.5,-13.75,-14.0,0.7707562616207616
585,30494,511802_bpc,513504_cec,26.25,16.5,9.75,21.0,0.7367689516591772
23519,1718,513104_cec,512801_mpc,40.25,42.5,-2.25,-11.0,0.48050692054053457
8427,13916,501601_mpc,501801_mpc,57.5,50.75,6.75,6.0,0.9401951800477486
19678,12884,505701_mpc,505401_mpc,48.75,58.5,-9.75,-8.0,0.8659863961726179
4107,8387,504202_bpc,503601_mpc,21.25,4.75,16.5,44.0,0.8331000660017436
15511,23414,509502_bpc,508802_bpc,30.0,28.25,1.75,-14.442871,0.8696436096827699
5878,13545,512701_mpc,512901_mpc,67.5,102.5,-35.0,-16.0,0.9138153477536084
3142,27609,512802_bpc,512902_bpc,45.0,60.0,-15.0,-39.0,0.8564316621488379
28239,7590,514702_bpc,514602_bpc,33.75,38.75,-5.0,-17.0,0.9111451600374433
20234,32298,513704_cec,510102_bpc,33.75,23.75,10.0,-6.0,0.6910546617050943
7755,11664,501903_mec,507001_mpc,20.75,16.25,4.5,-11.0,0.8972794551842037
19169,21261,514801_mpc,514601_mpc,48.75,63.75,-15.0,6.0,0.8151127028993886
4522,8337,505101_mpc,505502_bpc,21.75,19.75,2.0,36.0,0.9486877379470489
13693,34483,511702_bpc,501601_mpc,77.5,101.25,-23.75,-16.0,0.9354188472638025
12943,32721,502202_bpc,501601_mpc,49.0,62.5,-13.5,-51.0,0.8806512936451555
3977,11640,503801_mpc,513201_mpc,90.25,95.5,-5.25,10.0,0.9535918792139879
14035,10991,513602_bpc,514002_bpc,33.75,26.25,7.5,-6.0,0.7617942061019166
4056,18597,503201_mpc,503301_mpc,66.25,63.5,2.75,6.0,0.9439297373784071
12655,35351,505401_mpc,505702_bpc,30.0,27.5,2.5,23.0,0.8584442693870822
21361,4049,508904_cec,508903_mec,26.0,26.75,-0.75,5.0,0.8513995143636355
32288,17784,506302_bpc,508702_bpc,8.75,0.25,8.5,1.0,0.8707179100822972
23238,19358,505204_cec,506903_mec,30.0,25.75,4.25,-7.0,0.5593534334313524
7405,6276,503905_hec,503801_mpc,20.0,22.5,-2.5,-9.0,0.8096127969138633
29674,4735,504001_mpc,504201_mpc,25.0,15.5,9.5,10.557129,0.8021583664513658
249,10704,504904_cec,504503_mec,22.25,22.5,-0.25,-14.0,0.9335140473574296
15195,5168,509201_mpc,508501_mpc,34.0,28.5,5.5,5.0,0.8128433893057301
5820,4989,507201_mpc,506601_mpc,28.75,13.25,15.5,27.0,0.8237206358026221
39000,5021,509402_bpc,509002_bpc,31.25,33.5,-2.25,-4.0,0.8131235686198839
11153,7453,507002_bpc,506802_bpc,62.5,67.25,-4.75,5.0,0.9568931817171841
13091,38376,503801_mpc,503301_mpc,33.75,39.75,-6.0,23.0,0.7337822969606917
158,18707,512104_cec,511902_bpc,25.5,-2.75,28.25,-10.0,0.7513160165567138
6632,39002,501602_bpc,514002_bpc,11.25,-2.25,13.5,77.0,0.8645448156797739
7899,23192,514801_mpc,514901_mpc,36.25,28.75,7.5,67.0,0.8629736558097065
7482,22776,503101_mpc,504002_bpc,56.0,55.5,0.5,1.0,0.9124553871729508
14906,35039,506903_mec,506802_bpc,22.5,24.5,-2.0,33.0,0.9532091021054293
16728,11475,505602_bpc,505102_bpc,24.0,10.0,14.0,2.0,0.9308179301451776
20329,19175,514301_mpc,514502_bpc,41.25,45.5,-4.25,23.0,0.7576244447578665
16697,13710,507302_bpc,506702_bpc,32.5,25.25,7.25,-8.0,0.8595969873513125
23192,32477,514901_mpc,514902_bpc,28.75,33.0,-4.25,-40.0,0.8586413794192811
17380,3983,514601_mpc,514701_mpc,61.25,62.5,-1.25,1.0,0.981346692150996
24557,4484,511603_mec,511402_bpc,40.0,36.25,3.75,11.0,0.6940451053316384
15097,20336,509104_cec,508501_mpc,35.75,28.0,7.75,-54.0,0.683253848732898
30441,32281,504701_mpc,504402_bpc,31.25,36.25,-5.0,-2.0,0.7599091812426947
17847,29465,513602_bpc,514001_mpc,48.75,54.5,-5.75,2.0,0.7341077401374361
8349,25585,505402_bpc,505702_bpc,43.75,43.75,0.0,20.0,0.8691951942439052
21280,18905,513903_mec,513601_mpc,21.25,21.0,0.25,13.0,0.9061599819291035
15186,6803,513202_bpc,513404_cec,14.75,8.75,6.0,22.0,0.9268964269498072
21100,28048,509502_bpc,506101_mpc,6.25,10.0,-3.75,-23.0,0.9563207443237095
14649,12892,506404_cec,506904_cec,21.25,18.75,2.5,3.0,0.9289258944495346
36598,10183,504002_bpc,503302_bpc,55.0,72.75,-17.75,3.0,0.9176700213810461
27873,35113,513104_cec,511604_cec,38.75,41.25,-2.5,-34.0,0.6051431703519816
6058,11451,502005_hec,506903_mec,31.75,22.75,9.0,0.0,0.7077015504693024
27904,18320,514401_mpc,514501_mpc,31.5,37.5,-6.0,3.557129,0.8788035538153964
11155,3327,509502_bpc,509402_bpc,51.0,72.0,-21.0,-10.0,0.8783839616946303
10574,8340,501904_cec,502004_cec,27.25,17.75,9.5,15.0,0.7316380442379907
5376,3919,508101_mpc,507501_mpc,48.5,55.25,-6.75,-7.0,0.7920430350558074
16341,2897,509302_bpc,509402_bpc,30.0,22.75,7.25,-9.0,0.8115275432533361
21459,641,509501_mpc,508401_mpc,31.25,31.75,-0.5,-5.0,0.7786797722517401
3841,11128,508301_mpc,509401_mpc,30.5,26.75,3.75,11.0,0.8546171576964701
57,7371,512902_bpc,512901_mpc,48.5,43.75,4.75,9.557129,0.8020139896634725
27261,10402,513404_cec,514301_mpc,-2.5,7.5,-10.0,-22.0,0.9365993482316237
8532,23509,510102_bpc,513704_cec,17.5,3.75,13.75,-19.0,0.9407467368300663
18326,28425,513601_mpc,513903_mec,4.0,12.5,-8.5,-15.0,0.922603822974133
6355,2182,505902_bpc,506002_bpc,38.75,33.75,5.0,10.0,0.9002718516332617
7236,6253,506601_mpc,506404_cec,27.5,21.25,6.25,17.0,0.7677983806349117
19563,8517,514801_mpc,513103_mec,26.5,18.75,7.75,31.0,0.8867481566364998
25217,15040,508302_bpc,509105_hec,16.25,22.75,-6.5,-15.0,0.9127419678690566
7179,10089,502201_mpc,501601_mpc,44.5,57.75,-13.25,5.0,0.8322351112009144
4107,15161,504202_bpc,503904_cec,21.25,16.25,5.0,12.0,0.86286751540311
28192,14594,512202_bpc,512201_mpc,57.5,64.0,-6.5,45.0,0.8830300191844185
32794,1160,511202_bpc,511401_mpc,66.25,105.0,-38.75,-6.0,0.9532911625724176
4315,6481,507602_bpc,508202_bpc,32.5,33.75,-1.25,-51.0,0.7843223342676088
29186,15912,509201_mpc,509501_mpc,66.25,58.0,8.25,-3.0,0.9559013324334812
33481,8841,503905_hec,504202_bpc,15.0,11.5,3.5,0.0,0.8928084056440199
18844,14555,501801_mpc,502201_mpc,52.5,58.75,-6.25,5.0,0.8988144323161966
6644,15136,501801_mpc,501601_mpc,27.5,35.0,-7.5,3.0,0.8091219681589438
16328,7413,513904_cec,513404_cec,43.75,48.75,-5.0,-18.0,0.8270662081776533
37546,16528,513403_mec,513202_bpc,40.25,50.5,-10.25,-14.0,0.5661041728285033
22384,22074,503802_bpc,505102_bpc,55.0,58.75,-3.75,37.0,0.8545609256914302
10250,2351,507904_cec,508101_mpc,19.5,16.25,3.25,-53.0,0.8976522823569096
15413,6211,506302_bpc,505204_cec,71.75,65.75,6.0,4.0,0.9233771978733019
21749,17103,507302_bpc,506802_bpc,39.0,37.25,1.75,-13.0,0.7935200223015246
1394,22860,508802_bpc,509105_hec,11.25,6.5,4.75,-12.0,0.8896203183512916
3588,3447,506002_bpc,505402_bpc,19.25,6.25,13.0,-17.0,0.9201733729085048
22374,9919,506501_mpc,507301_mpc,51.25,60.0,-8.75,14.0,0.8651172206255353
4301,2058,508701_mpc,508501_mpc,27.25,21.5,5.75,-4.0,0.8788998244663023
37494,5341,509502_bpc,509302_bpc,48.75,52.5,-3.75,-3.0,0.9372115719741296
13454,6799,504701_mpc,504904_cec,26.25,22.5,3.75,-9.0,0.8620322677882383
34053,19991,503201_mpc,505702_bpc,40.0,43.25,-3.25,9.0,0.6630932043078931
5831,6322,507502_bpc,507602_bpc,40.75,43.75,-3.0,34.0,0.9145763862078745
13693,29041,511702_bpc,511802_bpc,77.5,73.75,3.75,-21.0,0.990794212590524
35191,18709,502101_mpc,502005_hec,1.25,5.0,-3.75,7.0,0.9149808266802899
8220,34924,512402_bpc,510102_bpc,53.75,59.5,-5.75,-19.0,0.953148926156438
111,22997,511202_bpc,513503_mec,4.25,17.5,-13.25,-7.0,0.9297549453142776
29955,12203,514602_bpc,514802_bpc,27.5,27.75,-0.25,39.0,0.897389706895726
14021,16462,514201_mpc,512601_mpc,56.75,98.75,-42.0,-2.0,0.8362325890975226
31529,35329,514002_bpc,513904_cec,9.25,16.25,-7.0,-8.0,0.9538325620616691
8372,22862,509401_mpc,508701_mpc,57.25,71.25,-14.0,5.0,0.9318938098379883
17402,19074,501601_mpc,502201_mpc,26.75,28.25,-1.5,0.0,0.8514153646544891
31844,11442,514802_bpc,514701_mpc,47.5,65.25,-17.75,-5.0,0.8529137281282205
29431,3237,501904_cec,502004_cec,21.25,29.5,-8.25,-33.0,0.8630809237057647
4047,11699,503802_bpc,504002_bpc,58.5,64.5,-6.0,26.0,0.9022358267681663
38270,27685,503905_hec,502005_hec,20.0,15.25,4.75,35.0,0.8588133288118975
24602,29767,510102_bpc,512202_bpc,31.5,17.5,14.0,18.0,0.7982558238840511
7056,19357,507801_mpc,507501_mpc,42.5,42.5,0.0,6.0,0.8092070349596102
6137,12209,509104_cec,508402_bpc,51.25,70.0,-18.75,4.0,0.8391984333511775
15090,36330,505302_bpc,505402_bpc,46.25,47.5,-1.25,-26.0,0.9219805857570528
4308,15005,502802_bpc,502504_cec,47.5,51.25,-3.75,4.0,0.8288856394928016
17743,12432,504402_bpc,504904_cec,34.75,25.0,9.75,-36.0,0.7645428410187747
16985,25461,501602_bpc,513103_mec,87.25,100.0,-12.75,19.0,0.9499120415135902
37263,32466,504702_bpc,504402_bpc,56.25,63.75,-7.5,-3.0,0.901755979436459
6419,5926,507701_mpc,507501_mpc,15.25,10.0,5.25,8.0,0.9829506816976802
30399,13326,502202_bpc,502101_mpc,50.0,51.25,-1.25,4.0,0.90700445420116
31024,17771,508001_mpc,508101_mpc,36.25,27.5,8.75,-4.0,0.8297004008581468
12561,3477,508202_bpc,507402_bpc,45.0,45.75,-0.75,-7.0,0.8704280076219869
21727,17079,505901_mpc,505301_mpc,65.75,86.25,-20.5,7.0,0.9617166276304022
25517,29372,506702_bpc,506701_mpc,18.75,11.75,7.0,-9.0,0.9253827475708004
4013,23458,503301_mpc,504903_mec,16.25,20.0,-3.75,14.0,0.8976080739585517
34087,10229,514802_bpc,514602_bpc,35.0,26.25,8.75,-18.0,0.7891223890429786
3876,11425,502802_bpc,502702_bpc,50.0,44.0,6.0,-13.0,0.8770826292169075
3324,19401,508101_mpc,508001_mpc,37.5,34.5,3.0,-11.0,0.885071995758491
35726,25463,505701_mpc,505801_mpc,43.75,45.25,-1.5,-42.0,0.8330687521710547
7794,32852,514901_mpc,514601_mpc,28.0,24.5,3.5,-17.0,0.9567093605140513
8044,21367,513903_mec,514201_mpc,15.0,16.25,-1.25,-4.0,0.9351296084045456
12663,7571,502504_cec,501904_cec,35.5,37.5,-2.0,5.0,0.8226024155610853
22552,15205,505401_mpc,505901_mpc,37.5,36.25,1.25,13.0,0.8599351389294134
795,3374,508701_mpc,508903_mec,16.0,17.5,-1.5,2.0,0.8871453518184503
28720,17193,512402_bpc,510102_bpc,27.75,36.0,-8.25,-37.0,0.8443367955463496
11087,32012,511201_mpc,511402_bpc,53.25,71.25,-18.0,-24.0,0.8620384233558837
30180,681,514802_bpc,514702_bpc,17.5,30.0,-12.5,-5.0,0.8331326480757577
22505,20849,504001_mpc,503101_mpc,40.75,53.25,-12.5,-4.0,0.6860121892715503
10118,33402,514802_bpc,513704_cec,31.25,29.0,2.25,8.0,0.8693814703118597
382,5715,504503_mec,504903_mec,23.0,22.75,0.25,-43.0,0.9260807241550805
21711,38905,506501_mpc,506601_mpc,43.5,46.75,-3.25,2.0,0.8052959600879632
30614,17724,502004_cec,502201_mpc,22.5,10.0,12.5,-15.0,0.8127024527466966
13946,1999,505502_bpc,505102_bpc,45.0,42.5,2.5,-6.0,0.8563987358047038
27267,1793,501903_mec,501601_mpc,33.75,36.25,-2.5,-15.0,0.7858051913208012
34909,31642,509301_mpc,508401_mpc,32.5,27.75,4.75,25.0,0.7792710616562271
1258,4762,505401_mpc,505801_mpc,37.5,38.75,-1.25,5.0,0.743491218973253
6728,20849,503102_bpc,503101_mpc,51.5,53.25,-1.75,-10.0,0.873586710401349
33730,34483,501802_bpc,501601_mpc,67.5,101.25,-33.75,4.0,0.9445716320213794
15524,24305,513103_mec,512901_mpc,17.5,26.75,-9.25,11.0,0.8754014721205325
29656,10059,507301_mpc,506501_mpc,37.5,34.75,2.75,6.0,0.9508484277539024
7271,1365,504402_bpc,504504_cec,25.0,27.5,-2.5,49.0,0.9340599832445204
12457,14989,507701_mpc,507501_mpc,23.75,21.0,2.75,-7.0,0.9204278347568642
8637,15413,501602_bpc,506302_bpc,67.5,71.75,-4.25,-7.0,0.903847382624088
27873,37888,513104_cec,513404_cec,38.75,44.25,-5.5,-24.0,0.6756490418660476
25051,16387,511702_bpc,513504_cec,0.0,10.25,-10.25,-4.0,0.9568631907329315
14450,9503,509302_bpc,508802_bpc,42.0,47.25,-5.25,20.0,0.7798569956933543
29141,2839,508401_mpc,509201_mpc,62.5,66.75,-4.25,-10.0,0.9517745625902934
9650,11530,501802_bpc,501502_bpc,43.75,44.75,-1.0,7.0,0.8946323410332248
12452,9553,505702_bpc,505502_bpc,72.5,83.5,-11.0,-3.0,0.9787585331301603
4513,19768,508302_bpc,509401_mpc,35.5,32.5,3.0,-13.0,0.8114968001375723
10941,38217,513404_cec,513503_mec,25.0,7.75,17.25,-35.0,0.8513725521440423
5650,1620,507602_bpc,508202_bpc,19.5,20.25,-0.75,4.0,0.9708929448603688
21409,23852,514202_bpc,512702_bpc,65.0,57.5,7.5,2.0,0.9370019352353933
6199,3933,514502_bpc,514301_mpc,19.0,17.5,1.5,-29.0,0.9518269806195404
2077,18935,514302_bpc,514402_bpc,25.0,25.0,0.0,54.0,0.9874131612048924
4285,30059,509301_mpc,509104_cec,25.0,19.0,6.0,4.0,0.8913752023038957
22716,33713,513704_cec,514201_mpc,5.0,10.0,-5.0,2.0,0.9710672551165341
10699,20856,509302_bpc,509502_bpc,46.25,73.75,-27.5,5.0,0.6493298994949872
37455,20699,513904_cec,512104_cec,24.25,25.25,-1.0,33.0,0.9698116179297736
4691,958,508501_mpc,509301_mpc,75.0,93.75,-18.75,-3.0,0.9745690038184711
3541,5720,503904_cec,503302_bpc,20.0,3.75,16.25,-14.0,0.887995783361986
30001,1313,507201_mpc,501601_mpc,72.25,96.25,-24.0,3.0,0.924942029432246
3840,23457,503102_bpc,503802_bpc,61.25,64.75,-3.5,-1.0,0.9322776822924674
5414,10808,513503_mec,512201_mpc,83.5,82.5,1.0,-3.0,0.9496391477198409
21639,37899,508903_mec,505501_mpc,15.5,4.25,11.25,-23.0,0.8425352997723337
31911,5079,505401_mpc,505801_mpc,75.0,71.25,3.75,-2.0,0.9544517522814083
26434,6372,505101_mpc,501904_cec,38.0,38.75,-0.75,-2.0,0.5259148328877105
7033,4264,505203_mec,502505_hec,16.75,3.75,13.0,8.0,0.8312336124374148
17734,3745,509302_bpc,508802_bpc,42.5,38.75,3.75,22.0,0.8419050894827563
12970,1855,513202_bpc,513602_bpc,16.0,12.5,3.5,20.0,0.8309597172547223
13341,28635,502101_mpc,501601_mpc,37.5,40.0,-2.5,-7.0,0.8745095409101818
2432,13225,507801_mpc,507904_cec,8.0,11.5,-3.5,40.0,0.9575709361369453
9300,11404,503002_bpc,502702_bpc,38.75,33.25,5.5,4.0,0.8747189844311434
34390,9200,511303_mec,511402_bpc,21.75,26.25,-4.5,4.0,0.920986377553899
33533,21034,511702_bpc,512104_cec,35.25,28.75,6.5,-26.0,0.6653767744326161
10338,2528,503301_mpc,503101_mpc,40.0,50.75,-10.75,1.0,0.777764112234371
22692,12451,514202_bpc,513904_cec,19.5,12.5,7.0,12.0,0.9136774038896839
19541,24338,502202_bpc,501502_bpc,54.5,68.0,-13.5,-5.0,0.9170390673714917
24792,29906,511901_mpc,511902_bpc,50.0,46.75,3.25,19.0,0.8601159179026531
38035,24949,514501_mpc,514301_mpc,73.75,59.25,14.5,-20.0,0.9625261407988839
28477,12927,514001_mpc,513903_mec,8.0,21.0,-13.0,-65.0,0.9304385044648651
31746,15527,507302_bpc,506701_mpc,26.25,27.5,-1.25,-21.0,0.9067234687991302
7509,6090,505203_mec,506001_mpc,24.0,11.5,12.5,-10.0,0.7580902519012493
30387,38232,505301_mpc,505501_mpc,36.5,26.5,10.0,-3.0,0.6383751307464856
4989,21484,506601_mpc,507202_bpc,13.25,13.75,-0.5,-16.0,0.9601335476815154
8500,38359,508701_mpc,509201_mpc,33.75,27.0,6.75,21.442871,0.779534741681668
11706,32538,505701_mpc,505801_mpc,51.25,58.75,-7.5,-6.0,0.9140567520424425
27848,7200,514601_mpc,514701_mpc,91.75,70.5,21.25,-3.0,0.9843522406878217
21113,3096,504904_cec,504402_bpc,37.5,36.25,1.25,-7.0,0.8620672582661473
21133,7885,503201_mpc,503102_bpc,15.5,6.25,9.25,36.0,0.8323244597848828
2086,25156,505101_mpc,505502_bpc,23.25,26.5,-3.25,0.0,0.9068736648055999
20173,35829,514501_mpc,513403_mec,63.25,82.5,-19.25,-12.0,0.9095526648435951
12819,2665,506602_bpc,507002_bpc,24.5,25.0,-0.5,38.0,0.9019459487430647
24297,17193,511901_mpc,510102_bpc,34.25,36.0,-1.75,-31.0,0.8872676491417513
17758,24019,505401_mpc,505301_mpc,44.75,43.5,1.25,-9.0,0.848077325923976
16321,1873,513103_mec,513104_cec,32.5,33.0,-0.5,26.0,0.6308505977414975
23698,33665,512104_cec,513704_cec,13.5,5.5,8.0,20.0,0.9618936799286368
38121,23691,506801_mpc,509501_mpc,18.25,12.25,6.0,18.0,0.8349501665196268
11084,4190,511802_bpc,513504_cec,30.25,30.0,0.25,17.0,0.805996934507463
21264,33798,506702_bpc,506602_bpc,32.5,37.5,-5.0,-22.0,0.8521670210479783
7336,798,512104_cec,513904_cec,6.0,11.25,-5.25,-16.0,0.9496394887663782
17844,37888,512201_mpc,513404_cec,38.5,44.25,-5.75,-3.0,0.510972601539951
15915,23509,513904_cec,513704_cec,21.75,3.75,18.0,11.0,0.8508474774129127
19812,38571,508701_mpc,508401_mpc,46.25,49.0,-2.75,14.0,0.8427754241593862
38866,1559,509201_mpc,505601_mpc,87.5,103.0,-15.5,4.0,0.9556446687008863
30180,385,514802_bpc,514602_bpc,17.5,17.5,0.0,-2.0,0.9160590656495444
28989,30844,506801_mpc,506601_mpc,37.25,32.25,5.0,-2.0,0.6612442792344945
6172,1975,506202_bpc,506301_mpc,58.5,61.5,-3.0,3.0,0.9631082862875708
31521,19490,514702_bpc,514701_mpc,34.0,23.75,10.25,-32.0,0.7811476790001853
33060,4599,505802_bpc,505102_bpc,63.75,61.5,2.25,0.0,0.9507089630216204
39140,3919,507801_mpc,507501_mpc,61.25,55.25,6.0,1.0,0.9731741464287703
25869,29953,509401_mpc,509105_hec,21.5,12.5,9.0,8.0,0.8753045928724243
21820,28529,511201_mpc,511402_bpc,60.0,51.25,8.75,37.0,0.9280091436597778
12540,12914,509402_bpc,508701_mpc,56.25,60.5,-4.25,-15.0,0.9066604911731078
11249,31859,503905_hec,503202_bpc,17.75,12.75,5.0,-44.0,0.8999750412459432
25461,5000,513103_mec,507501_mpc,100.0,100.25,-0.25,-25.0,0.9599717977499626
6072,30794,505902_bpc,505302_bpc,36.5,42.5,-6.0,-4.0,0.832770745929375
22829,15480,507301_mpc,506501_mpc,31.25,25.75,5.5,-22.0,0.8832563946067096
285,10725,505602_bpc,506001_mpc,34.0,31.25,2.75,-4.0,0.8304983617621112
10402,18655,514301_mpc,513504_cec,7.5,13.75,-6.25,25.0,0.9614472790372032
34786,11536,508904_cec,506904_cec,23.75,25.25,-1.5,-6.0,0.857734804444821
3114,8164,507702_bpc,507402_bpc,21.25,23.75,-2.5,17.0,0.956478190075918
1866,8068,504402_bpc,504504_cec,22.5,23.75,-1.25,-5.0,0.9548873951135353
5905,23150,506701_mpc,507302_bpc,54.25,67.5,-13.25,-6.0,0.9104280218082466
15023,1438,507502_bpc,507602_bpc,52.75,65.0,-12.25,-9.0,0.9258814256319454
39006,18327,509301_mpc,508401_mpc,42.5,43.75,-1.25,-2.0,0.7663010658405658
20818,4663,513103_mec,513503_mec,11.25,17.5,-6.25,-7.0,0.8705723506454087
10027,24514,505702_bpc,505203_mec,55.75,56.75,-1.0,6.0,0.9456308642614957
38581,8444,505502_bpc,505902_bpc,34.25,37.75,-3.5,5.0,0.9259705430361822
28498,20768,507302_bpc,506502_bpc,34.0,26.0,8.0,-35.0,0.821112082686229
32508,2318,506002_bpc,505802_bpc,14.25,6.25,8.0,-13.0,0.9759340499871832
11128,7545,509401_mpc,508701_mpc,26.75,7.25,19.5,5.0,0.8535818126089889
24157,16340,507502_bpc,507402_bpc,43.75,51.5,-7.75,3.0,0.8974391733653557
8249,32514,503302_bpc,503102_bpc,35.0,26.25,8.75,36.0,0.6942121453697523
17310,843,509001_mpc,509301_mpc,21.25,22.5,-1.25,13.0,0.8661700803792199
28605,24959,508302_bpc,508501_mpc,63.0,69.5,-6.5,-12.0,0.9790564021262859
30770,17101,507202_bpc,506903_mec,10.75,13.25,-2.5,-28.0,0.9723341756248259
15071,1837,507802_bpc,507502_bpc,51.5,52.0,-0.5,-2.0,0.89427755135511
25561,11106,506502_bpc,506802_bpc,26.25,26.5,-0.25,43.0,0.9816300296166287
17844,27358,512201_mpc,511304_cec,38.5,37.25,1.25,-7.0,0.6616071769233396
15434,318,503001_mpc,502505_hec,24.5,11.5,13.0,13.0,0.8393338278949407
15941,10884,511701_mpc,511802_bpc,32.5,16.5,16.0,-18.0,0.7298757570039893
34290,16252,501802_bpc,501502_bpc,35.0,40.0,-5.0,-17.0,0.8314930155121888
3556,6088,508002_bpc,508202_bpc,23.75,22.75,1.0,-9.0,0.9693308040942096
4154,9398,505402_bpc,505802_bpc,47.0,45.0,2.0,24.442871,0.9428405993255826
17782,36879,506601_mpc,507001_mpc,31.5,36.5,-5.0,4.0,0.8756680928378954
14421,24816,512104_cec,513103_mec,17.5,4.5,13.0,-11.0,0.9404801648215265
3435,35480,511801_mpc,511702_bpc,40.0,43.75,-3.75,7.0,0.7379888985432581
13854,18338,511701_mpc,513201_mpc,47.5,70.75,-23.25,-9.0,0.7472023192715798
27011,15920,508904_cec,509105_hec,15.25,16.0,-0.75,-3.0,0.8916603224047707
31789,6957,505301_mpc,505501_mpc,77.5,77.25,0.25,-15.0,0.961505012015715
3883,32211,509402_bpc,509302_bpc,50.0,52.25,-2.25,12.0,0.8905164906213909
19118,8937,505501_mpc,505701_mpc,95.0,70.0,25.0,22.0,0.9662366712782408
4806,30316,508702_bpc,508502_bpc,22.75,29.0,-6.25,1.0,0.8977409501316225
19924,38847,513404_cec,513903_mec,21.25,16.25,5.0,-9.0,0.8526888469814735
9945,16676,501802_bpc,501602_bpc,43.75,51.0,-7.25,7.0,0.9275153199931682
33349,1559,509105_hec,505601_mpc,53.75,103.0,-49.25,6.0,0.7788686378879548
16285,28830,509002_bpc,509501_mpc,19.75,11.5,8.25,13.0,0.8448054000469615
36633,3974,503802_bpc,503602_bpc,34.25,37.75,-3.5,-2.0,0.8118175083180857
6446,6056,508202_bpc,506201_mpc,48.75,50.0,-1.25,-12.0,0.7270521973711007
12663,24626,502504_cec,502005_hec,35.5,32.75,2.75,12.0,0.7127922312923418
24378,3919,507701_mpc,507501_mpc,67.5,55.25,12.25,-6.0,0.9142710769658813
11008,966,509105_hec,506601_mpc,24.0,10.25,13.75,-6.0,0.8177998550949636
6728,3977,503102_bpc,503801_mpc,51.5,90.25,-38.75,-16.0,0.8472652673488761
13500,31437,503301_mpc,503201_mpc,46.25,53.75,-7.5,-12.0,0.8092920143905906
22369,24050,514902_bpc,511304_cec,47.25,41.75,5.5,-12.0,0.7937867474766954
30609,309,506702_bpc,507302_bpc,33.75,33.75,0.0,8.0,0.8881169236036603
5019,3689,508702_bpc,509001_mpc,6.25,21.5,-15.25,21.0,0.9147398048689759
15570,19661,508903_mec,509002_bpc,26.25,26.25,0.0,10.0,0.8933098730576458
6376,7298,512501_mpc,512701_mpc,70.5,55.0,15.5,18.0,0.9514357630205625
21523,794,507202_bpc,506702_bpc,40.0,37.5,2.5,20.0,0.7977636668900354
2802,25516,505301_mpc,505801_mpc,36.0,32.0,4.0,-3.0,0.7697800592719228
9795,2528,503601_mpc,503101_mpc,45.0,50.75,-5.75,9.0,0.8398763610066773
5219,19418,505402_bpc,505302_bpc,50.0,49.0,1.0,25.0,0.9528177146553078
16237,1836,508801_mpc,513404_cec,23.75,18.75,5.0,10.0,0.8806604639903783
22890,5285,507001_mpc,506201_mpc,43.75,41.0,2.75,-4.0,0.7181209266884077
17891,4833,506001_mpc,505101_mpc,32.5,28.25,4.25,-14.0,0.7489691943344827
39133,26509,510101_mpc,514902_bpc,42.75,46.0,-3.25,18.0,0.8280810144203642
38788,5414,514001_mpc,513503_mec,58.75,83.5,-24.75,1.0,0.8772991046837731
5453,30796,504202_bpc,503302_bpc,32.5,36.25,-3.75,-10.0,0.8433095910898191
20309,13962,514001_mpc,513601_mpc,28.75,16.0,12.75,27.0,0.8248856610936595
2303,5977,508301_mpc,509501_mpc,77.75,101.25,-23.5,-15.0,0.9571111600188886
2734,4074,507601_mpc,507701_mpc,21.0,15.0,6.0,13.0,0.9355242842751819
17391,32423,507402_bpc,507502_bpc,45.0,51.25,-6.25,10.0,0.945706653496074
21422,27904,514502_bpc,514401_mpc,37.5,31.5,6.0,-4.557129,0.7066229280163085
4398,13516,505203_mec,505501_mpc,27.75,26.25,1.5,9.0,0.8420115058916876
18993,6697,502701_mpc,503904_cec,15.25,20.0,-4.75,-6.0,0.9390577231593852
12549,2477,505801_mpc,507701_mpc,56.25,66.25,-10.0,4.0,0.9673062494283112
10567,5965,504001_mpc,503601_mpc,37.5,37.5,0.0,-7.0,0.7798631720414566
4980,8662,507401_mpc,508001_mpc,60.25,52.5,7.75,4.0,0.9457508223427133
14129,14012,513601_mpc,513503_mec,30.0,14.0,16.0,18.0,0.8123967895340248
24029,13778,508502_bpc,509502_bpc,39.5,40.75,-1.25,-15.0,0.985550376219122
11472,1528,512104_cec,513104_cec,8.75,15.0,-6.25,15.0,0.9450875534173323
8611,3190,507601_mpc,507702_bpc,21.0,12.25,8.75,2.0,0.9533298276425327
5131,13634,509201_mpc,508702_bpc,32.5,35.75,-3.25,-2.0,0.8685713318071823
10209,10204,508701_mpc,508702_bpc,40.75,47.5,-6.75,17.0,0.8342826404147577
21477,10520,502102_bpc,501502_bpc,45.0,48.75,-3.75,-27.442871,0.8141705682109439
39035,28941,509001_mpc,508501_mpc,39.0,38.75,0.25,-9.0,0.8352667059214992
7715,84,512701_mpc,512702_bpc,48.5,48.75,-0.25,17.0,0.8969803695086909
6994,9308,511702_bpc,511801_mpc,33.75,20.25,13.5,3.442871,0.6413296068014293
11719,6212,504202_bpc,503905_hec,20.75,22.75,-2.0,-12.0,0.8783836313883702
16288,21987,512601_mpc,512701_mpc,81.0,72.25,8.75,22.0,0.9917969562158346
6459,9791,512202_bpc,512402_bpc,29.25,23.25,6.0,5.0,0.8073140959693599
9769,30751,506201_mpc,506202_bpc,81.25,66.5,14.75,13.0,0.978846645032351
14570,1559,502101_mpc,505601_mpc,68.75,103.0,-34.25,7.0,0.9176252957153143
11310,34612,511902_bpc,510102_bpc,51.5,52.75,-1.25,-1.0,0.8761052878422658
13584,4534,503801_mpc,503201_mpc,31.75,25.0,6.75,6.0,0.7533103872334612
26865,572,508502_bpc,509301_mpc,39.0,47.5,-8.5,9.0,0.7469839789181969
3205,12324,503904_cec,508904_cec,20.0,18.75,1.25,-5.0,0.8619697736214266
10511,13106,507602_bpc,507802_bpc,57.0,61.5,-4.5,5.0,0.9633020560367469
29603,31332,512502_bpc,512601_mpc,52.5,55.0,-2.5,-11.0,0.9517030934860645
21923,21291,505801_mpc,505501_mpc,91.75,81.25,10.5,7.0,0.9887469027899974
6578,7679,511902_bpc,512401_mpc,17.75,5.0,12.75,18.0,0.8689468758195663
6621,1743,506404_cec,502505_hec,20.0,14.0,6.0,16.0,0.8787374427551244
31204,6833,512202_bpc,513704_cec,22.75,20.25,2.5,30.557129,0.9203582582564779
3413,32463,508702_bpc,508701_mpc,41.25,39.0,2.25,-2.0,0.7969666188214992
39176,21216,512601_mpc,512202_bpc,23.0,16.25,6.75,5.0,0.8907792742309353
190,4912,509302_bpc,508302_bpc,31.25,37.5,-6.25,-13.0,0.695105100100306
15688,2300,505901_mpc,505601_mpc,66.25,61.75,4.5,8.0,0.9708095842328474
7728,14402,512401_mpc,512201_mpc,36.25,35.25,1.0,-4.0,0.8377875532076265
2499,2208,508202_bpc,507702_bpc,22.5,25.0,-2.5,4.0,0.9260398530514566
14007,14323,503801_mpc,503601_mpc,31.75,33.75,-2.0,7.0,0.8103044330407598
25904,6360,501502_bpc,501602_bpc,36.75,34.5,2.25,-5.0,0.9661366475033035
21264,13173,506702_bpc,506802_bpc,32.5,37.5,-5.0,-18.0,0.8158719021082993
32466,10392,504402_bpc,504401_mpc,63.75,64.5,-0.75,-4.0,0.8910009760849125
17285,12394,501601_mpc,501502_bpc,54.5,77.75,-23.25,16.0,0.9142457370320929
18128,21313,512702_bpc,514602_bpc,70.0,53.75,16.25,-11.0,0.9576932902310452
14868,4677,506903_mec,506602_bpc,12.0,0.75,11.25,22.0,0.8901891969398296
2403,4058,502702_bpc,502504_cec,12.5,18.5,-6.0,5.0,0.8794113049569139
4272,21339,504402_bpc,504401_mpc,58.75,77.25,-18.5,1.0,0.8838713078714057
39104,20683,504503_mec,504401_mpc,65.5,56.25,9.25,42.0,0.9549734343358018
8397,28303,505301_mpc,505602_bpc,28.75,30.5,-1.75,8.0,0.7781479469910003
20208,12770,509302_bpc,515002_bpc,42.25,37.5,4.75,0.0,0.8328921488807908
15005,3365,502504_cec,502702_bpc,51.25,53.25,-2.0,1.0,0.7874722070821001
23651,12959,502101_mpc,501602_bpc,20.0,14.25,5.75,-5.0,0.8450609523871062
13698,16626,506501_mpc,507201_mpc,40.0,51.25,-11.25,-3.0,0.7056654030675802
4717,7841,503802_bpc,503602_bpc,35.0,37.0,-2.0,40.0,0.7585726009242884
30354,36746,506404_cec,505601_mpc,20.25,2.5,17.75,34.0,0.7740941119492678
31626,19698,508701_mpc,508301_mpc,40.0,36.25,3.75,-6.0,0.9018239610061349
4919,6302,503802_bpc,503602_bpc,52.25,46.25,6.0,12.0,0.8783999592097813
4310,1410,509402_bpc,508702_bpc,32.25,27.0,5.25,-10.0,0.932624122675637
37212,20497,507001_mpc,506502_bpc,40.0,43.75,-3.75,9.0,0.7176502669243172
10124,6481,508201_mpc,508202_bpc,32.75,33.75,-1.0,-7.0,0.8876869735495592
29898,6459,511902_bpc,512202_bpc,31.25,29.25,2.0,-14.0,0.9381828814090073
25198,22131,512901_mpc,512902_bpc,25.75,26.25,-0.5,14.0,0.836215577388819
19866,15121,511801_mpc,511701_mpc,37.25,27.5,9.75,13.0,0.7776372598916692
28451,6644,502005_hec,501801_mpc,18.75,27.5,-8.75,-7.0,0.8971566103667167
9994,13540,501602_bpc,501502_bpc,51.5,52.5,-1.0,-2.0,0.9356161576964458
27121,3549,505401_mpc,505301_mpc,86.25,65.0,21.25,12.0,0.9658884137494212
6543,6801,502802_bpc,503002_bpc,43.75,56.25,-12.5,1.0,0.8064299336234244
12324,29022,508904_cec,509104_cec,18.75,13.75,5.0,2.0,0.9228392257705365
15090,13393,505302_bpc,505102_bpc,46.25,51.25,-5.0,-35.0,0.900601616215595
2064,4887,508903_mec,508801_mpc,56.5,54.25,2.25,-5.0,0.9137170091703256
21367,31933,514201_mpc,513903_mec,16.25,5.0,11.25,19.0,0.880459336449204
14135,19259,506904_cec,506903_mec,16.25,22.25,-6.0,10.0,0.9341524858741903
5938,37820,510102_bpc,511902_bpc,21.25,29.25,-8.0,-12.0,0.8855418800729814
15023,19225,507502_bpc,507904_cec,52.75,53.75,-1.0,19.0,0.9144321483594637
12784,22962,505802_bpc,509002_bpc,55.75,74.5,-18.75,-42.0,0.9370037150303924
12814,721,512202_bpc,510102_bpc,49.5,67.5,-18.0,41.0,0.8893803962774345
5219,21603,505402_bpc,505602_bpc,50.0,52.5,-2.5,5.0,0.90659196231179
12805,17380,514701_mpc,514601_mpc,48.75,61.25,-12.5,-1.0,0.9195571257903081
968,24151,514801_mpc,514802_bpc,10.0,18.75,-8.75,-8.0,0.9296643105247024
20002,19873,514902_bpc,513704_cec,43.0,37.5,5.5,23.442871,0.7710377655365015
6947,24369,512201_mpc,510102_bpc,54.25,68.0,-13.75,8.0,0.8883291802888474
21523,37998,507202_bpc,506502_bpc,40.0,37.5,2.5,23.442871,0.7924605231118347
17007,28041,502201_mpc,502102_bpc,56.25,62.0,-5.75,13.0,0.9360445850473016
15838,32597,513201_mpc,512702_bpc,50.75,60.0,-9.25,20.0,0.7573189549289663
20855,5977,514801_mpc,509501_mpc,83.75,101.25,-17.5,-5.0,0.9506418326271059
15570,2058,508903_mec,508501_mpc,26.25,21.5,4.75,-32.0,0.7986252894450728
34011,8367,508801_mpc,509501_mpc,52.5,52.5,0.0,5.0,0.9177959787299715
10067,29970,503601_mpc,503102_bpc,20.75,1.5,19.25,33.0,0.8699981237004968
10391,7109,501801_mpc,502101_mpc,48.0,51.25,-3.25,16.0,0.9831488646308015
7958,34784,511901_mpc,510101_mpc,28.75,16.0,12.75,-24.0,0.7833585653176972
12273,29893,503301_mpc,504001_mpc,30.0,21.5,8.5,1.0,0.8204381118161048
19373,15181,506903_mec,506404_cec,23.75,8.25,15.5,65.0,0.7242735525509488
2911,4839,503102_bpc,503904_cec,27.5,16.5,11.0,8.0,0.7071455445915298
1250,14810,504002_bpc,509002_bpc,26.25,16.25,10.0,12.0,0.863298943112004
20694,31297,508002_bpc,507702_bpc,23.75,16.5,7.25,-6.0,0.9382134939627758
5303,23509,508301_mpc,513704_cec,15.25,3.75,11.5,-5.0,0.8757742347894991
1926,33591,514001_mpc,513201_mpc,47.5,61.25,-13.75,30.0,0.6492151058128353
14056,4154,505102_bpc,505402_bpc,44.75,47.0,-2.25,-16.0,0.9149563549260428
21579,30266,507202_bpc,506502_bpc,59.75,82.0,-22.25,-5.0,0.9118434035716051
851,7089,515002_bpc,508302_bpc,37.25,34.0,3.25,12.0,0.7785635459261864
13641,7504,513602_bpc,511604_cec,16.25,18.75,-2.5,11.0,0.9503085745652041
31154,15625,502102_bpc,501602_bpc,44.0,42.0,2.0,6.0,0.8780169283362954
16631,25461,512902_bpc,513103_mec,57.5,100.0,-42.5,-3.0,0.8440147356739585
5860,25215,502004_cec,502005_hec,20.0,16.0,4.0,14.0,0.9423014005083941
29032,5168,508702_bpc,508501_mpc,28.0,28.5,-0.5,18.0,0.8779516310277005
24360,36447,512202_bpc,510101_mpc,56.25,56.5,-0.25,20.0,0.9423113579313673
35191,11027,502101_mpc,506801_mpc,1.25,-1.25,2.5,-7.0,0.9012935184487886
9324,8243,509104_cec,515002_bpc,23.75,28.25,-4.5,9.0,0.8777959510953189
34570,19164,506201_mpc,506102_bpc,52.5,49.5,3.0,-14.0,0.9481905286154839
4575,16733,504401_mpc,504504_cec,26.5,27.0,-0.5,-22.557129,0.8376252436192785
22740,11638,502701_mpc,502801_mpc,29.25,32.5,-3.25,-27.0,0.923386125656393
17554,1524,509001_mpc,508401_mpc,52.25,50.75,1.5,-2.0,0.9226756805142213
7166,6291,502702_bpc,502505_hec,29.0,24.0,5.0,11.0,0.8665823296744811
18902,2105,508501_mpc,509301_mpc,64.5,91.5,-27.0,-2.0,0.9579238760597262
10457,38435,512701_mpc,512602_bpc,64.5,57.5,7.0,-24.0,0.9409755845982387
11410,7702,514801_mpc,514601_mpc,17.5,28.75,-11.25,-48.0,0.9079499438800671
80,19234,514402_bpc,514502_bpc,13.75,19.25,-5.5,17.557129,0.9357941273212542
14688,19087,501601_mpc,502101_mpc,61.25,51.25,10.0,7.0,0.9534733804055834
14342,13946,506002_bpc,505502_bpc,42.5,45.0,-2.5,-5.0,0.827540506986457
1534,22872,514602_bpc,513602_bpc,8.75,0.0,8.75,30.0,0.8862572610842492
1793,16690,501601_mpc,502101_mpc,36.25,38.25,-2.0,9.0,0.8290647674545231
26970,31936,507401_mpc,507601_mpc,82.5,75.0,7.5,1.0,0.9948215798685163
4709,17282,506502_bpc,506802_bpc,26.25,24.75,1.5,-12.0,0.9518697377306681
20618,27849,502201_mpc,502101_mpc,79.75,64.25,15.5,3.0,0.9776627421633367
13986,17724,501602_bpc,502201_mpc,18.25,10.0,8.25,-2.0,0.9355191520789863
20746,6635,503202_bpc,503802_bpc,73.75,64.0,9.75,-20.0,0.9240232661950153
5703,6717,507501_mpc,508101_mpc,5.0,10.25,-5.25,-31.0,0.9773008661650251
17679,31726,514302_bpc,514502_bpc,21.0,18.75,2.25,25.0,0.9830654220566565
13445,15245,514302_bpc,514501_mpc,33.25,39.75,-6.5,6.0,0.7960418853058214
8340,11852,502004_cec,501502_bpc,17.75,16.0,1.75,-26.0,0.9304874415720801
8513,24600,503302_bpc,507401_mpc,38.25,38.75,-0.5,-31.0,0.7069315920032283
35510,20774,511802_bpc,513404_cec,34.0,37.5,-3.5,-14.0,0.6655446839158373
20721,6291,502504_cec,502505_hec,26.75,24.0,2.75,9.0,0.8518576495521628
19464,7195,507502_bpc,508002_bpc,23.75,21.25,2.5,-12.0,0.9852520699709196
10800,12191,507904_cec,508001_mpc,3.0,8.5,-5.5,23.0,0.9419860004559755
16251,21579,506502_bpc,507202_bpc,48.75,59.75,-11.0,1.0,0.9014071037921366
29232,4966,509501_mpc,508801_mpc,58.75,57.5,1.25,16.0,0.990683157848462
6849,4247,511801_mpc,511701_mpc,48.75,46.25,2.5,1.0,0.9702070087440486
35488,28525,511603_mec,511202_bpc,35.0,30.75,4.25,10.0,0.7388221673899631
24574,14320,511401_mpc,511402_bpc,36.5,33.75,2.75,-10.0,0.7096376392208862
12914,4096,508701_mpc,508301_mpc,60.5,50.0,10.5,3.0,0.9355939722068868
4295,26328,513504_cec,513704_cec,30.0,19.0,11.0,7.0,0.8226638674045246
23367,11898,508301_mpc,508501_mpc,31.5,27.5,4.0,21.0,0.6761880194674788
10622,1318,505204_cec,505602_bpc,40.0,39.5,0.5,-6.0,0.7723196740742606
12955,19318,506802_bpc,506404_cec,6.25,17.5,-11.25,-52.0,0.9241340783120833
23897,4867,505802_bpc,506002_bpc,43.75,42.5,1.25,-11.0,0.8631588207840704
406,12357,504503_mec,504903_mec,24.0,8.75,15.25,-33.0,0.9046959632137477
211,8181,505801_mpc,505501_mpc,43.5,42.5,1.0,-7.0,0.8781895244148296
17382,7792,501903_mec,502505_hec,38.75,39.5,-0.75,-9.0,0.40550681910039854
34053,4376,503201_mpc,509401_mpc,40.0,37.25,2.75,12.0,0.5660699940761313
12134,28261,504701_mpc,504401_mpc,26.0,33.75,-7.75,-1.0,0.8821543776831733
15490,15016,502702_bpc,503002_bpc,43.75,41.25,2.5,5.0,0.7959687835798681
8272,29581,512802_bpc,513404_cec,58.5,48.5,10.0,15.0,0.8664580112244633
19093,35515,515001_mpc,509302_bpc,31.0,22.5,8.5,4.0,0.8423368957447771
25225,10808,510101_mpc,512201_mpc,60.0,82.5,-22.5,1.0,0.9045944975612328
6644,27023,501801_mpc,501502_bpc,27.5,18.75,8.75,4.0,0.8293389253907072
2712,4019,503102_bpc,503101_mpc,46.25,52.5,-6.25,12.0,0.7495002854002731
7085,4762,505301_mpc,505801_mpc,38.75,38.75,0.0,-4.0,0.8571208007461363
19176,20799,508904_cec,508903_mec,26.25,16.5,9.75,-5.0,0.895439198678936
36507,38715,513704_cec,514002_bpc,4.0,12.5,-8.5,-13.0,0.9554612030157366
7198,17326,510101_mpc,512401_mpc,33.75,25.0,8.75,10.0,0.8372294707916814
21798,6982,501602_bpc,502202_bpc,52.5,46.0,6.5,-2.0,0.940009233410015
5246,13985,508101_mpc,508201_mpc,48.75,51.25,-2.5,-4.0,0.8775903791892121
32050,20830,502202_bpc,506404_cec,15.0,10.75,4.25,-7.0,0.9244680913883949
32775,3056,506404_cec,502701_mpc,30.25,15.0,15.25,-19.0,0.7420808549390394
12622,3159,504701_mpc,504402_bpc,61.25,70.0,-8.75,-5.0,0.8970422921808803
2723,2972,509104_cec,509402_bpc,23.75,26.25,-2.5,12.0,0.7884965687199625
20381,20144,514302_bpc,514301_mpc,8.75,7.5,1.25,6.0,0.9087787541162805
10552,13384,501801_mpc,514301_mpc,85.5,97.75,-12.25,5.0,0.9506544986932673
3812,39190,506903_mec,507201_mpc,34.25,28.75,5.5,-26.0,0.6109924937852171
23318,7773,514002_bpc,510102_bpc,17.0,21.25,-4.25,-7.0,0.9936580348864743
6096,16617,506201_mpc,506301_mpc,45.0,46.25,-1.25,-10.0,0.834303991070854
4209,14833,506702_bpc,507002_bpc,38.75,33.25,5.5,-5.0,0.8129701176701831
2661,38270,507904_cec,503905_hec,4.75,20.0,-15.25,-40.0,0.9159137487404
7958,17326,511901_mpc,512401_mpc,28.75,25.0,3.75,-17.0,0.7563526604974172
4989,12344,506601_mpc,506404_cec,13.25,6.25,7.0,-13.0,0.9526170550652596
2419,5509,503801_mpc,503802_bpc,23.0,24.0,-1.0,-4.0,0.8883351681432982
10283,794,507002_bpc,506702_bpc,40.25,37.5,2.75,16.0,0.8840393111832973
30917,7751,511603_mec,511303_mec,7.5,10.0,-2.5,21.0,0.9731106789965409
13008,31482,504701_mpc,504702_bpc,28.75,21.5,7.25,10.0,0.8775859216437447
18448,264,503904_cec,505204_cec,26.5,23.75,2.75,-6.0,0.8744567157395791
2653,18075,509502_bpc,509402_bpc,64.0,65.0,-1.0,3.0,0.9482429017669004
19904,7649,509001_mpc,508903_mec,21.75,8.75,13.0,9.0,0.9189975167729876
4074,10647,507701_mpc,507501_mpc,15.0,7.5,7.5,23.0,0.9552407380221418
23406,990,504402_bpc,504401_mpc,62.5,78.75,-16.25,-16.0,0.9523498184200816
28871,36279,511402_bpc,514501_mpc,51.5,50.25,1.25,0.0,0.800437272077445
2249,9074,509202_bpc,508402_bpc,44.0,43.75,0.25,-16.0,0.8129296924980005
8710,5278,514702_bpc,514601_mpc,45.25,53.0,-7.75,-13.442871,0.6402660868239864
23242,4331,508402_bpc,508502_bpc,51.0,65.0,-14.0,-23.0,0.9104901508115298
5258,5244,506501_mpc,506601_mpc,58.0,69.75,-11.75,-7.0,0.9180922751488862
23232,33665,514202_bpc,513704_cec,8.75,5.5,3.25,16.0,0.9098144255387408
26011,25990,514901_mpc,512801_mpc,84.0,97.5,-13.5,5.0,0.9500858281020054
22068,2788,508301_mpc,508701_mpc,52.5,47.75,4.75,4.0,0.9570405778802172
6801,24688,503002_bpc,502702_bpc,56.25,46.5,9.75,-13.0,0.8680994284339562
30713,27526,504903_mec,504503_mec,23.25,23.75,-0.5,41.0,0.9644200154195848
25141,2661,507702_bpc,507904_cec,14.5,4.75,9.75,-2.0,0.9410086459877776
31377,19507,511603_mec,511304_cec,14.0,16.25,-2.25,-31.0,0.9299373786462255
24977,32529,506802_bpc,506502_bpc,48.75,61.0,-12.25,-14.0,0.8879497270941281
30462,14707,513503_mec,513903_mec,18.75,20.0,-1.25,-12.0,0.9348160370145594
8228,14126,508201_mpc,507904_cec,17.75,3.25,14.5,10.557129,0.8667545637694929
21216,13232,512202_bpc,512602_bpc,16.25,12.5,3.75,28.0,0.9410261291477111
5205,14380,505301_mpc,506002_bpc,15.0,10.25,4.75,-45.0,0.9198640308324114
3093,13228,505701_mpc,505301_mpc,80.0,94.0,-14.0,8.0,0.9864099229837734
11693,36884,511401_mpc,511201_mpc,48.75,48.5,0.25,0.0,0.9453704564104061
1926,24701,514001_mpc,513601_mpc,47.5,43.75,3.75,-7.0,0.7058149671462037
10025,30091,511201_mpc,511401_mpc,45.0,46.0,-1.0,10.0,0.9033692209873372
27857,4455,507201_mpc,502504_cec,10.75,6.25,4.5,-52.0,0.9216628325840392
10471,33375,509104_cec,508801_mpc,17.0,16.25,0.75,-25.0,0.8477471910454767
2623,24549,513103_mec,512802_bpc,27.5,23.75,3.75,26.0,0.7218550938448096
24378,3726,507701_mpc,507502_bpc,67.5,86.75,-19.25,-11.0,0.9186282859752034
19310,3661,507904_cec,508102_bpc,18.75,12.5,6.25,28.0,0.9428016760957839
4929,1418,503302_bpc,503904_cec,7.75,10.0,-2.25,-17.0,0.9544652340751907
2645,4263,509301_mpc,508903_mec,31.75,26.5,5.25,-19.0,0.8346385552293433
26415,29213,509401_mpc,509501_mpc,34.0,30.0,4.0,-2.0,0.768789614502355
24736,21927,506702_bpc,506701_mpc,21.25,24.5,-3.25,-6.0,0.9305911653883304
25156,26995,505502_bpc,505702_bpc,26.5,26.25,0.25,31.0,0.9502082038693869
18213,6765,502202_bpc,502102_bpc,47.5,46.25,1.25,6.0,0.9166310366133233
16059,11211,511701_mpc,513104_cec,33.75,22.0,11.75,-17.0,0.7105599789023352
31936,13792,507601_mpc,507501_mpc,75.0,81.25,-6.25,-7.0,0.9638170709909002
14026,38487,508301_mpc,509105_hec,22.75,20.0,2.75,22.0,0.8960023737753088
6101,6884,511201_mpc,511304_cec,32.5,25.5,7.0,-1.0,0.7166439675883154
13045,35186,514902_bpc,514802_bpc,12.75,9.5,3.25,38.0,0.9431474328356544
4285,21528,509301_mpc,508502_bpc,25.0,29.5,-4.5,7.0,0.8840077030857716
26362,3001,508202_bpc,508001_mpc,18.75,26.25,-7.5,5.0,0.9251305434792151
3707,25507,503001_mpc,502701_mpc,32.5,24.5,8.0,6.0,0.702205817267568
20357,5142,505204_cec,505402_bpc,32.75,27.5,5.25,26.0,0.8100763828038146
20487,22587,513602_bpc,512104_cec,37.5,36.0,1.5,10.0,0.6868353231710487
22393,33274,508301_mpc,509201_mpc,56.25,65.5,-9.25,-3.0,0.9413919216283019
23151,12863,503602_bpc,504002_bpc,29.75,30.0,-0.25,-20.0,0.8921706257776032
5233,3588,505902_bpc,506002_bpc,29.0,19.25,9.75,10.0,0.8375370872695104
32531,11883,501903_mec,502101_mpc,69.75,62.5,7.25,29.0,0.9228059553402211
3125,31395,502504_cec,501904_cec,27.5,19.0,8.5,20.442871,0.8237037958757114
19691,35799,502101_mpc,502201_mpc,48.25,52.5,-4.25,-10.0,0.954151499594565
5376,26591,508101_mpc,507401_mpc,48.5,53.5,-5.0,-10.0,0.8375759306424908
12499,12775,508802_bpc,509202_bpc,41.25,41.5,-0.25,6.0,0.8517498156209016
12805,12736,514701_mpc,514801_mpc,48.75,49.0,-0.25,6.0,0.9872210205448159
18985,12499,515002_bpc,508802_bpc,36.25,41.25,-5.0,-8.0,0.8276637155744099
15114,10913,507702_bpc,507502_bpc,24.0,21.25,2.75,7.0,0.9618884173919858
19831,29348,502702_bpc,502802_bpc,39.25,35.0,4.25,6.0,0.7160368306689685
8652,31139,509105_hec,509202_bpc,17.5,15.25,2.25,12.0,0.9162448391291723
7958,11812,511901_mpc,512104_cec,28.75,26.25,2.5,2.0,0.7783086390233833
21558,13698,507301_mpc,506501_mpc,45.0,40.0,5.0,1.0,0.7884510591766676
22323,3093,505801_mpc,505701_mpc,75.0,80.0,-5.0,-11.0,0.9892695553346069
10950,4657,512602_bpc,512601_mpc,43.75,53.0,-9.25,-14.442871,0.694715349107207
34221,8594,508701_mpc,508301_mpc,53.75,47.5,6.25,33.0,0.8929561496946428
31040,9271,509401_mpc,511902_bpc,46.5,50.0,-3.5,-9.0,0.7829900796125899
14999,3959,508502_bpc,508302_bpc,57.5,68.5,-11.0,-4.0,0.9712814309426611
28590,7820,507201_mpc,501502_bpc,17.5,17.5,0.0,-27.0,0.8439603909382595
5862,21647,504702_bpc,504402_bpc,63.75,60.0,3.75,-5.0,0.9206263088421218
8427,7109,501601_mpc,502101_mpc,57.5,51.25,6.25,16.0,0.973356752544645
3970,33088,504904_cec,504401_mpc,52.5,80.0,-27.5,3.0,0.7791203326027573
12818,9919,506601_mpc,507301_mpc,57.5,60.0,-2.5,11.0,0.9043074248733193
17368,19841,514202_bpc,511801_mpc,32.0,22.0,10.0,15.0,0.5859479172576834
6064,13670,505502_bpc,505902_bpc,40.0,38.75,1.25,-4.0,0.8928862107144121
8243,5435,515002_bpc,508702_bpc,28.25,30.5,-2.25,-22.0,0.8655522996514226
6960,29906,512202_bpc,511902_bpc,40.5,46.75,-6.25,-19.0,0.545061049556007
12891,2596,507601_mpc,508001_mpc,33.75,36.25,-2.5,-35.0,0.9270156070549739
9508,32529,506801_mpc,506502_bpc,42.5,61.0,-18.5,-4.0,0.598148972995169
17058,2642,508202_bpc,507502_bpc,35.0,35.5,-0.5,-4.0,0.8870503545026132
6433,26117,513104_cec,513404_cec,35.0,26.5,8.5,22.0,0.6659247316747562
4301,22338,508701_mpc,508301_mpc,27.25,31.5,-4.25,33.0,0.8590401690713437
9224,31189,505301_mpc,505502_bpc,40.0,41.25,-1.25,-7.0,0.7539938282892958
13009,1762,506502_bpc,506501_mpc,61.25,70.5,-9.25,2.0,0.8712008636036482
16728,23246,505602_bpc,505102_bpc,24.0,25.25,-1.25,5.0,0.9616710604571893
10290,15086,503302_bpc,503102_bpc,48.75,55.5,-6.75,-11.0,0.8502923551707137
38788,38973,514001_mpc,514201_mpc,58.75,54.25,4.5,7.0,0.948209319440383
10598,37934,506801_mpc,506802_bpc,60.0,55.0,5.0,4.0,0.9632433747182737
1524,2839,508401_mpc,509201_mpc,50.75,66.75,-16.0,2.0,0.8723182869512903
32230,15435,506301_mpc,509104_cec,48.75,60.0,-11.25,-3.0,0.8765280986983279
14951,1475,504201_mpc,504903_mec,18.0,26.25,-8.25,-2.0,0.909920994597663
2328,16674,507702_bpc,507802_bpc,26.5,28.75,-2.25,-11.0,0.9180966145612048
6665,23589,506802_bpc,506702_bpc,21.0,21.25,-0.25,3.0,0.9200745708662987
31146,30810,514201_mpc,514001_mpc,51.75,47.75,4.0,7.0,0.9400902379478354
29200,1958,503302_bpc,503904_cec,26.5,11.5,15.0,13.0,0.8470421487102329
10371,24524,502202_bpc,502102_bpc,43.75,42.5,1.25,0.0,0.9624641057958575
21054,11124,509301_mpc,515001_mpc,38.75,41.25,-2.5,-11.0,0.7793175809144108
16482,1998,502101_mpc,501502_bpc,40.5,45.25,-4.75,-7.0,0.8484185579811739
20498,20615,514201_mpc,514001_mpc,70.75,76.25,-5.5,2.0,0.9942897922507739
5169,17049,503301_mpc,503101_mpc,32.5,21.25,11.25,25.0,0.729234887650003
13980,37088,506701_mpc,507301_mpc,27.5,22.5,5.0,13.0,0.9570685113786361
6893,1559,504001_mpc,505601_mpc,68.75,103.0,-34.25,-26.0,0.9150401987704115
31407,29465,513903_mec,514001_mpc,50.0,54.5,-4.5,33.0,0.7847381715718652
34542,21891,512701_mpc,511801_mpc,63.25,87.25,-24.0,-14.0,0.9000406056085057
11451,14683,506903_mec,504503_mec,22.75,4.0,18.75,0.0,0.7590880268424456
3959,5372,508302_bpc,508802_bpc,68.5,81.75,-13.25,-8.0,0.9698249167841065
17413,20218,503802_bpc,503302_bpc,46.0,43.75,2.25,11.0,0.8899222574625069
24166,8526,502101_mpc,501903_mec,28.75,22.75,6.0,-1.0,0.7419406480751336
30519,38610,507201_mpc,506601_mpc,34.0,42.5,-8.5,-2.0,0.7600871027190296
21507,5416,505501_mpc,505802_bpc,26.25,18.75,7.5,25.0,0.8362167970898967
2300,21727,505601_mpc,505901_mpc,61.75,65.75,-4.0,-7.0,0.979994874077725
24245,18300,505301_mpc,503302_bpc,17.5,24.0,-6.5,-16.0,0.8742921291455605
38639,18058,503001_mpc,502701_mpc,47.5,82.75,-35.25,-28.0,0.7577535602297739
37212,12115,507001_mpc,507302_bpc,40.0,51.5,-11.5,-6.0,0.6068088856151014
32617,22579,505802_bpc,505902_bpc,41.5,41.25,0.25,7.0,0.8718047506319084
11325,1263,515001_mpc,508801_mpc,27.75,31.25,-3.5,-8.0,0.7819324319275868
19660,5409,507904_cec,508001_mpc,11.25,11.75,-0.5,3.0,0.936629299059293
22620,36792,506301_mpc,506101_mpc,69.0,92.5,-23.5,-11.0,0.9780351574925574
27524,4719,503602_bpc,503201_mpc,41.25,40.5,0.75,3.0,0.8444895438940652
5244,30001,506601_mpc,507201_mpc,69.75,72.25,-2.5,-9.0,0.9940397021791081
7109,38308,502101_mpc,502201_mpc,51.25,75.0,-23.75,-5.0,0.9065501318556825
35805,30987,502202_bpc,501502_bpc,28.75,28.75,0.0,-30.0,0.9258532978533324
25164,20403,513601_mpc,514001_mpc,40.5,60.75,-20.25,-4.0,0.6348778825204544
7702,30162,514601_mpc,514702_bpc,28.75,31.25,-2.5,24.0,0.8859801621099306
3705,13573,504401_mpc,504503_mec,50.0,61.25,-11.25,9.0,0.9102922614547324
7677,16512,512401_mpc,511901_mpc,30.5,23.5,7.0,35.0,0.8747647208723661
24370,24805,502005_hec,502102_bpc,41.5,38.75,2.75,-29.0,0.8707383242234761
11831,11664,501502_bpc,507001_mpc,25.25,16.25,9.0,0.0,0.796370165366496
12451,32149,513904_cec,514201_mpc,12.5,11.25,1.25,-14.0,0.9498693050050735
787,29614,514301_mpc,514402_bpc,41.25,40.0,1.25,0.0,0.7785537939243207
12651,4012,507904_cec,507802_bpc,10.25,13.75,-3.5,-19.0,0.9666451368687589
15979,17517,504904_cec,504401_mpc,37.5,37.0,0.5,3.0,0.8653037325816263
6797,17189,504201_mpc,503904_cec,24.75,17.75,7.0,20.0,0.9248870769468457
4275,26234,512401_mpc,512202_bpc,64.0,70.0,-6.0,15.442871,0.9129470752363246
10642,13341,502102_bpc,502101_mpc,36.75,37.5,-0.75,24.0,0.8319442048246386
20746,16708,503202_bpc,503601_mpc,73.75,85.0,-11.25,-19.0,0.9232858309418978
36733,97,508002_bpc,507702_bpc,40.25,36.25,4.0,-24.442871,0.8653406589737334
16835,11035,507802_bpc,508102_bpc,28.5,22.75,5.75,17.0,0.9328426951372203
25233,6422,507302_bpc,506602_bpc,47.5,46.75,0.75,5.0,0.8420488805870461
4735,4874,504201_mpc,503905_hec,15.5,17.75,-2.25,-16.0,0.8683547446182605
33713,35329,514201_mpc,513904_cec,10.0,16.25,-6.25,12.0,0.946983379228316
4245,8556,502702_bpc,502802_bpc,43.75,45.5,-1.75,15.0,0.8552700494522216
3318,8878,505801_mpc,505902_bpc,38.75,39.25,-0.5,-38.0,0.7825801214425951
19518,1927,504201_mpc,502505_hec,26.25,11.25,15.0,-35.0,0.7519661823312139
3379,2698,508101_mpc,507501_mpc,18.75,18.75,0.0,-23.0,0.9937586254148941
4455,17684,502504_cec,502505_hec,6.25,12.5,-6.25,56.0,0.9174795365262481
2982,1160,513403_mec,511401_mpc,78.75,105.0,-26.25,1.0,0.9463568827045691
15421,4653,514301_mpc,514501_mpc,30.0,22.5,7.5,33.0,0.9168529340915617
24378,13792,507701_mpc,507501_mpc,67.5,81.25,-13.75,-7.0,0.9512081164167479
254,35186,514602_bpc,514802_bpc,10.0,9.5,0.5,25.0,0.979279767698994
21958,13916,502201_mpc,501801_mpc,53.75,50.75,3.0,11.0,0.9551547806647355
25047,6731,501904_cec,506904_cec,21.25,22.75,-1.5,-14.0,0.8744934209828478
8594,13902,508301_mpc,508701_mpc,47.5,63.75,-16.25,-3.0,0.8850033377974973
10774,5866,505802_bpc,505902_bpc,32.5,36.25,-3.75,-21.0,0.9283435009546673
3840,14929,503102_bpc,503601_mpc,61.25,82.5,-21.25,-1.0,0.8868323372271707
18932,17724,502202_bpc,502201_mpc,13.75,10.0,3.75,-30.0,0.9505132652000582
12943,10460,502202_bpc,501801_mpc,49.0,50.0,-1.0,-24.0,0.924674981137633
641,26029,508401_mpc,509201_mpc,31.75,36.25,-4.5,25.0,0.7623991093330157
15944,19324,509302_bpc,508402_bpc,51.75,57.75,-6.0,-1.0,0.9019004283118027
24905,13545,514701_mpc,512901_mpc,82.5,102.5,-20.0,10.0,0.9508270149940424
24395,34401,509002_bpc,509202_bpc,34.5,30.75,3.75,11.0,0.8048124893103601
1433,11565,507904_cec,507702_bpc,11.25,12.75,-1.5,-46.0,0.9624593679509463
10642,5881,502102_bpc,502101_mpc,36.75,37.5,-0.75,11.0,0.8616145489940046
17747,4417,508702_bpc,509402_bpc,75.0,71.75,3.25,0.0,0.9560903715601458
23816,12511,505701_mpc,505401_mpc,25.5,20.75,4.75,-16.0,0.8736725512604039
12554,5040,503001_mpc,502801_mpc,57.5,53.25,4.25,3.0,0.9432672153421965
4199,3061,507702_bpc,507802_bpc,21.25,26.75,-5.5,-38.0,0.956967771493048
9975,4571,507502_bpc,508002_bpc,40.25,40.0,0.25,-3.0,0.9468663098988342
30614,32050,502004_cec,502202_bpc,22.5,15.0,7.5,8.0,0.820714199773825
5468,15130,506602_bpc,506502_bpc,43.0,49.5,-6.5,3.0,0.7887777069760734
4622,27946,501801_mpc,502202_bpc,48.0,60.5,-12.5,4.0,0.8698512105244601
1160,12121,511401_mpc,506101_mpc,105.0,108.75,-3.75,-4.0,0.9703078343823387
17638,4202,502801_mpc,502701_mpc,77.25,81.5,-4.25,-3.0,0.9580790459717982
31529,18905,514002_bpc,513601_mpc,9.25,21.0,-11.75,-33.0,0.939111884271816
25342,22078,511304_cec,511401_mpc,32.5,20.0,12.5,0.0,0.7292398287635633
24166,7756,502101_mpc,501502_bpc,28.75,29.0,-0.25,-25.0,0.7652207554956489
32497,5491,510101_mpc,512202_bpc,65.25,53.25,12.0,16.0,0.9147865330095327
1793,13341,501601_mpc,502101_mpc,36.25,37.5,-1.25,16.0,0.81004151265382
10174,4044,509502_bpc,508502_bpc,62.5,58.5,4.0,3.0,0.9402177617303236
16512,27096,511901_mpc,512104_cec,23.5,27.5,-4.0,-70.0,0.8812567287642291
32302,28525,511603_mec,511202_bpc,35.0,30.75,4.25,-8.0,0.8127578914039582
9134,26285,511802_bpc,513503_mec,25.0,24.75,0.25,31.0,0.9100427799597156
17006,18289,513903_mec,514201_mpc,65.0,65.25,-0.25,3.0,0.9739232167097391
38639,17638,503001_mpc,502801_mpc,47.5,77.25,-29.75,-25.0,0.7847482688582774
21986,20208,508802_bpc,509302_bpc,45.75,42.25,3.5,-8.0,0.837582635435324
26223,30462,513601_mpc,513503_mec,9.0,18.75,-9.75,-10.0,0.9345834766231484
4364,10019,507401_mpc,507904_cec,63.25,60.25,3.0,1.0,0.9734642163619917
1208,10655,506301_mpc,506201_mpc,49.0,59.75,-10.75,-4.0,0.9489293792909913
14794,4612,507801_mpc,508001_mpc,37.5,37.25,0.25,8.0,0.7914973440448569
18551,21608,508401_mpc,509201_mpc,53.75,71.5,-17.75,-5.0,0.87773337448537
31154,19423,502102_bpc,501602_bpc,44.0,41.5,2.5,-1.0,0.8797700523443364
12781,2644,503301_mpc,503601_mpc,33.25,36.75,-3.5,0.0,0.814724863723062
4847,6731,507904_cec,506904_cec,17.5,22.75,-5.25,6.0,0.9304674154396174
6311,2986,507401_mpc,507801_mpc,21.25,25.0,-3.75,-3.0,0.9599354749201365
20603,21264,506802_bpc,506702_bpc,36.5,32.5,4.0,10.0,0.7442199600137546
8556,16730,502802_bpc,503002_bpc,45.5,44.0,1.5,-3.0,0.8896223139102223
1877,22218,513104_cec,513904_cec,26.25,21.25,5.0,-43.0,0.8035729511509353
13163,8065,503001_mpc,503002_bpc,34.25,27.5,6.75,19.0,0.6517412722822884
12634,36567,502701_mpc,503002_bpc,38.75,34.0,4.75,33.0,0.7828293143461942
35437,17679,513504_cec,514302_bpc,17.5,21.0,-3.5,8.557129,0.929081901340845
4839,35339,503904_cec,503905_hec,16.5,20.0,-3.5,-1.0,0.9417103998951484
7200,12508,514701_mpc,514602_bpc,70.5,88.0,-17.5,11.0,0.9585705901699287
36563,5321,503101_mpc,503801_mpc,21.25,13.25,8.0,-28.0,0.8862672722893499
6412,3095,508502_bpc,508501_mpc,29.0,36.75,-7.75,-12.0,0.6919067435876262
33735,2240,512104_cec,511902_bpc,12.5,13.75,-1.25,9.0,0.8752487982382802
13085,20618,501801_mpc,502201_mpc,60.25,79.75,-19.5,-4.0,0.9613885305489757
3006,19085,513103_mec,512801_mpc,34.0,42.75,-8.75,-4.0,0.6955339806093441
8164,15114,507402_bpc,507702_bpc,23.75,24.0,-0.25,-10.0,0.9518789431783165
13196,21165,514702_bpc,511902_bpc,19.0,15.25,3.75,14.0,0.9733294337558098
29785,10449,505801_mpc,505101_mpc,49.0,53.75,-4.75,-26.0,0.866580405159584
1752,21264,506602_bpc,506702_bpc,35.0,32.5,2.5,14.0,0.8092187836828799
8167,23567,502701_mpc,503001_mpc,48.0,81.0,-33.0,-4.0,0.759670041128966
3550,15421,514401_mpc,514301_mpc,22.5,30.0,-7.5,-33.0,0.9339008649285669
28998,8806,514501_mpc,514302_bpc,7.5,18.25,-10.75,-16.0,0.9214154953745572
10208,16742,511401_mpc,511202_bpc,48.75,52.75,-4.0,26.0,0.8621036242448006
5817,11116,506602_bpc,506502_bpc,50.0,69.25,-19.25,-1.0,0.8412735960407463
2959,29797,506001_mpc,505402_bpc,30.5,27.5,3.0,14.0,0.9038819035335095
33571,4729,513103_mec,512802_bpc,39.25,42.75,-3.5,14.0,0.725511018998792
508,6105,505602_bpc,505502_bpc,33.75,33.0,0.75,-0.5571289,0.9194779495876451
5635,6876,508001_mpc,507701_mpc,22.5,15.5,7.0,-13.442871,0.9608853889384454
33471,5299,506301_mpc,505901_mpc,14.25,26.75,-12.5,-12.0,0.8437579648583334
2175,65,512701_mpc,512602_bpc,41.25,46.5,-5.25,-3.0,0.8648591482613459
31507,37315,511202_bpc,511402_bpc,8.75,1.25,7.5,-16.0,0.9882453496573843
19938,820,505402_bpc,506002_bpc,48.75,52.5,-3.75,-11.0,0.9694979438283208
14402,17713,512201_mpc,512202_bpc,35.25,40.0,-4.75,6.0,0.8126308512955505
18326,25051,513601_mpc,511702_bpc,4.0,0.0,4.0,14.0,0.8890822550383407
39192,11175,514701_mpc,514902_bpc,31.5,30.75,0.75,9.0,0.8903529935792462
12144,9931,511201_mpc,511702_bpc,65.25,80.75,-15.5,-1.0,0.9034736901734509
7545,966,508701_mpc,506601_mpc,7.25,10.25,-3.0,-11.0,0.9373163865175165
16037,28477,513602_bpc,514001_mpc,10.5,8.0,2.5,36.0,0.9233139466437114
6659,2631,507701_mpc,508001_mpc,36.0,34.5,1.5,-4.0,0.7288313646265487
21074,5973,511604_cec,512104_cec,9.25,8.0,1.25,26.0,0.9283662377960622
20334,37455,513704_cec,513904_cec,23.75,24.25,-0.5,-29.0,0.9603171781191643
22688,35351,505302_bpc,505702_bpc,35.0,27.5,7.5,29.0,0.8046287763742572
21360,19937,505701_mpc,505302_bpc,61.5,65.25,-3.75,3.0,0.9618450575987412
27692,13194,511801_mpc,511802_bpc,37.5,30.5,7.0,6.0,0.6298023645334389
4529,16147,503202_bpc,504202_bpc,28.0,32.5,-4.5,11.0,0.9359490319543569
8527,13778,509302_bpc,509502_bpc,43.0,40.75,2.25,24.0,0.8247797296094939
16961,5977,501801_mpc,509501_mpc,79.0,101.25,-22.25,-11.0,0.9434168982136832
17129,20269,507301_mpc,507002_bpc,30.0,22.5,7.5,3.0,0.8425247685593992
17162,36356,503301_mpc,513201_mpc,75.0,100.25,-25.25,-13.0,0.9332843080737886
3227,4901,507602_bpc,507702_bpc,22.0,14.25,7.75,-3.0,0.9210851354704869
33141,15564,513504_cec,512104_cec,15.25,2.75,12.5,-46.0,0.9788329348496136
286,28080,509002_bpc,509302_bpc,40.75,40.0,0.75,13.0,0.7422377950332995
3557,4199,507602_bpc,507702_bpc,22.5,21.25,1.25,13.0,0.948038742437923
10401,15564,513503_mec,512104_cec,9.75,2.75,7.0,-14.0,0.893425926888357
32597,35829,512702_bpc,513403_mec,60.0,82.5,-22.5,-20.0,0.9324312344615742
29052,14069,505802_bpc,505502_bpc,44.75,48.0,-3.25,-17.0,0.8892872604349037
13325,7885,503302_bpc,503102_bpc,22.75,6.25,16.5,21.0,0.8691746152761973
21225,33760,514701_mpc,514801_mpc,35.5,39.25,-3.75,19.0,0.8643917383919677
34603,3487,505302_bpc,505602_bpc,56.25,54.25,2.0,-18.0,0.9414275609073315
17610,25934,512402_bpc,510102_bpc,22.0,20.0,2.0,-16.0,0.9619994028206443
37879,33069,512902_bpc,512801_mpc,43.75,48.25,-4.5,13.0,0.8073281144353276
23951,4338,511304_cec,513504_cec,15.0,15.0,0.0,1.0,0.9177286864412713
8736,6854,512701_mpc,512501_mpc,38.0,36.25,1.75,13.0,0.9589483493891187
5271,22712,514001_mpc,513601_mpc,10.75,8.5,2.25,-6.0,0.9625071732682354
8556,4137,502802_bpc,503002_bpc,45.5,40.5,5.0,3.0,0.8385213819925392
21034,8115,512104_cec,511304_cec,28.75,15.25,13.5,-5.0,0.814472081850355
3,16678,508402_bpc,509502_bpc,50.25,52.5,-2.25,-6.0,0.8952174814858169
8391,2628,508802_bpc,509501_mpc,11.25,8.75,2.5,15.0,0.9647266494662019
8284,5278,514801_mpc,514601_mpc,61.0,53.0,8.0,-28.0,0.9546555659984408
946,3404,507502_bpc,508002_bpc,52.75,51.25,1.5,-1.0,0.8934488394479538
6883,1141,509501_mpc,509401_mpc,73.75,71.25,2.5,17.0,0.9312224187895184
1921,12172,508302_bpc,508801_mpc,25.0,16.5,8.5,-42.0,0.8648372364018917
6674,30796,504201_mpc,503302_bpc,32.0,36.25,-4.25,-18.0,0.7133459115088704
20618,16961,502201_mpc,501801_mpc,79.75,79.0,0.75,10.0,0.9975247663568511
3045,13810,512801_mpc,512802_bpc,65.0,55.0,10.0,4.0,0.9101147980631598
6129,13335,511801_mpc,511201_mpc,57.0,63.5,-6.5,-1.0,0.878461889545782
14969,8435,512502_bpc,512702_bpc,41.25,51.5,-10.25,-18.0,0.7323112076742238
21867,38871,502004_cec,502102_bpc,33.0,36.5,-3.5,-1.0,0.8102474713869482
30976,31933,513503_mec,513903_mec,19.0,5.0,14.0,12.0,0.9326205048967927
30982,18015,511701_mpc,512202_bpc,52.5,58.75,-6.25,7.0,0.7932572444013244
4495,1259,503002_bpc,502801_mpc,26.25,12.25,14.0,15.557129,0.8418438122824934
26681,27948,514702_bpc,514801_mpc,32.75,27.5,5.25,-26.0,0.7710317548804265
8455,18724,514501_mpc,514301_mpc,36.5,31.25,5.25,-23.0,0.7340657568670488
7014,8338,514801_mpc,514601_mpc,73.5,86.25,-12.75,8.0,0.9866543570292406
21614,15099,504701_mpc,504903_mec,28.75,22.5,6.25,-3.0,0.8485864878427145
2930,385,514902_bpc,514602_bpc,21.5,17.5,4.0,-4.0,0.908485105744469
32083,4554,505204_cec,506002_bpc,30.25,24.0,6.25,4.0,0.8766848981984263
23365,25938,512801_mpc,512802_bpc,61.25,55.0,6.25,-3.0,0.9040264760009823
4269,38423,514702_bpc,514701_mpc,50.5,61.25,-10.75,-29.0,0.9060278180944016
5806,3292,506002_bpc,506001_mpc,21.25,20.0,1.25,-4.0,0.9318374064258629
11556,19423,501502_bpc,501602_bpc,37.75,41.5,-3.75,4.0,0.9359282756336424
190,13428,509302_bpc,508302_bpc,31.25,28.75,2.5,-22.0,0.7656261987755381
24246,19118,505601_mpc,505501_mpc,71.5,95.0,-23.5,-10.0,0.969002596009238
4428,36359,503302_bpc,503202_bpc,35.25,26.25,9.0,-14.0,0.6916466787380384
24501,19039,504402_bpc,504701_mpc,51.25,53.75,-2.5,0.0,0.8594751530537881
9172,1927,503002_bpc,502505_hec,7.5,11.25,-3.75,-37.0,0.9469459139991554
28989,4927,506801_mpc,506601_mpc,37.25,36.75,0.5,-4.0,0.68701571760954
17040,17259,509001_mpc,508401_mpc,33.75,40.5,-6.75,-5.0,0.806327427320726
12262,6507,506404_cec,506904_cec,17.25,10.0,7.25,-6.0,0.9044584007017672
10027,13415,505702_bpc,505402_bpc,55.75,53.75,2.0,-7.0,0.9321128443849478
34949,26842,505401_mpc,502005_hec,15.0,5.0,10.0,4.0,0.8623548443971999
30871,12814,510102_bpc,512202_bpc,50.0,49.5,0.5,-4.0,0.9599214262549388
7926,4320,504202_bpc,504002_bpc,32.5,25.5,7.0,28.0,0.7317631262426576
24889,3327,508302_bpc,509402_bpc,62.5,72.0,-9.5,-15.0,0.9398696330021821
16929,23998,507302_bpc,506602_bpc,33.5,30.25,3.25,8.0,0.8501686389640937
17407,6428,505301_mpc,505302_bpc,45.75,47.5,-1.75,-2.0,0.8289800285188134
30553,28529,511401_mpc,511402_bpc,65.0,51.25,13.75,44.0,0.9063792916852426
22040,16964,504504_cec,504903_mec,23.75,20.0,3.75,-27.0,0.9380693206466689
6090,31761,506001_mpc,506302_bpc,11.5,3.75,7.75,-4.0,0.9406552361640222
19035,14417,506601_mpc,506801_mpc,37.5,29.0,8.5,33.0,0.7263821608481222
31812,32473,514001_mpc,514002_bpc,15.0,8.75,6.25,-15.0,0.8994578526682707
5435,5384,508702_bpc,509202_bpc,30.5,28.0,2.5,10.0,0.8349169512843785
19021,9074,509402_bpc,508402_bpc,48.25,43.75,4.5,-13.0,0.9115208544951175
2733,2840,507602_bpc,508002_bpc,32.5,31.5,1.0,3.0,0.6758952738887077
8115,6909,511304_cec,513504_cec,15.25,18.75,-3.5,14.0,0.927393803021534
33361,16724,503202_bpc,503602_bpc,40.0,44.5,-4.5,24.0,0.8477929372989877
1830,35509,513404_cec,514901_mpc,52.75,50.5,2.25,15.0,0.8789781148715065
13346,6037,506903_mec,505203_mec,58.5,84.5,-26.0,-4.0,0.8492696120755723
9668,6090,505101_mpc,506001_mpc,21.25,11.5,9.75,8.0,0.8984119500079552
37298,17783,511303_mec,511603_mec,26.25,23.75,2.5,-22.0,0.9592459490591378
30095,11753,505902_bpc,506002_bpc,-1.75,17.25,-19.0,18.442871,0.9169959500821503
28889,15240,513903_mec,514801_mpc,47.5,61.25,-13.75,-25.0,0.8371188443371854
7189,6129,513601_mpc,511801_mpc,56.25,57.0,-0.75,-5.0,0.8510927157678125
6482,32354,507702_bpc,508201_mpc,34.0,36.25,-2.25,10.0,0.7281911928915603
3096,5614,504402_bpc,504702_bpc,36.25,33.75,2.5,6.0,0.8920636284549285
8819,4539,509201_mpc,508401_mpc,50.0,50.5,-0.5,-20.0,0.9015074600763355
38972,11062,507701_mpc,507501_mpc,30.0,22.5,7.5,-7.0,0.7941087275144793
23803,13998,513704_cec,512104_cec,30.0,16.25,13.75,-10.0,0.8454429704254806
24834,26832,512701_mpc,512501_mpc,64.0,62.5,1.5,20.0,0.9819533314318712
10598,17173,506801_mpc,506502_bpc,60.0,50.75,9.25,6.0,0.9179481697650932
7940,16772,503801_mpc,503601_mpc,43.75,46.75,-3.0,29.0,0.8381892492598186
8213,31969,509201_mpc,508801_mpc,36.5,40.0,-3.5,10.0,0.8263863141598848
13792,3333,507501_mpc,507401_mpc,81.25,67.0,14.25,5.0,0.9572598688018321
2596,1990,508001_mpc,508101_mpc,36.25,37.5,-1.25,7.0,0.9078479665922695
16996,8630,509502_bpc,515002_bpc,28.0,29.5,-1.5,6.0,0.9069900834234086
18993,21735,502701_mpc,506903_mec,15.25,10.25,5.0,37.0,0.9051808397614239
7336,33381,512104_cec,503002_bpc,6.0,10.0,-4.0,-37.0,0.9427656321528475
8872,2521,503301_mpc,503801_mpc,34.75,26.25,8.5,-15.0,0.7338918981258549
5942,17997,514601_mpc,514901_mpc,57.25,71.25,-14.0,0.0,0.9631562544532587
3933,8139,514301_mpc,514401_mpc,17.5,15.0,2.5,-17.0,0.9592533737782847
39133,9214,510101_mpc,514701_mpc,42.75,41.5,1.25,-20.0,0.9529218018349637
6439,8908,508501_mpc,508701_mpc,27.5,31.5,-4.0,26.0,0.8687189613642413
36140,25726,509002_bpc,509302_bpc,28.75,28.75,0.0,0.0,0.8708092259900433
3443,3556,507501_mpc,508002_bpc,30.0,23.75,6.25,24.0,0.8224258613715675
36819,13128,511702_bpc,511802_bpc,44.0,40.0,4.0,6.0,0.8235346873245102
20770,15213,505302_bpc,505601_mpc,67.0,85.75,-18.75,2.0,0.9531778377681196
7940,20882,503801_mpc,503101_mpc,43.75,55.25,-11.5,4.0,0.7621309525893254
24352,19757,507904_cec,506904_cec,20.0,22.5,-2.5,-2.0,0.859691855381117
26273,8904,505702_bpc,506202_bpc,18.0,20.0,-2.0,-15.442871,0.847734938391931
19893,27273,506601_mpc,506201_mpc,40.5,45.75,-5.25,-5.0,0.8281044788082639
30821,2724,514502_bpc,514402_bpc,32.5,31.25,1.25,-14.0,0.8321415039499157
7534,3898,501602_bpc,501802_bpc,41.75,40.0,1.75,-5.0,0.9195554703456567
12762,39000,509104_cec,509402_bpc,37.75,31.25,6.5,9.0,0.6483948763603825
5464,16674,508002_bpc,507802_bpc,23.75,28.75,-5.0,-5.0,0.9529159006932658
39293,29576,505203_mec,505801_mpc,73.75,63.75,10.0,27.0,0.9790926383723837
21450,1132,503101_mpc,504201_mpc,25.5,6.25,19.25,18.442871,0.8372803489999214
32909,12884,506001_mpc,505401_mpc,42.5,58.5,-16.0,-8.0,0.769981436408246
4992,11835,504701_mpc,504503_mec,47.5,49.0,-1.5,-5.0,0.9348860484044745
37675,22338,508801_mpc,508301_mpc,32.5,31.5,1.0,22.0,0.8208722402672273
23597,36879,507201_mpc,507001_mpc,38.5,36.5,2.0,-5.0,0.9008725337066187
8236,5065,514602_bpc,514902_bpc,37.5,32.5,5.0,-11.0,0.727672097228795
13952,36792,503201_mpc,506101_mpc,95.0,92.5,2.5,-1.0,0.9557212869460489
24390,14174,502101_mpc,501602_bpc,27.5,22.25,5.25,15.0,0.8905094296480671
10704,4013,504503_mec,503301_mpc,22.5,16.25,6.25,3.0,0.9220345008605517
13908,68,508903_mec,506102_bpc,41.25,53.25,-12.0,3.0,0.7648354748183228
18655,5973,513504_cec,512104_cec,13.75,8.0,5.75,27.0,0.9560823872409054
28272,23675,508501_mpc,508401_mpc,63.0,79.0,-16.0,11.0,0.9348168250049106
9150,26842,501904_cec,502005_hec,6.25,5.0,1.25,12.0,0.8984322868576633
27311,8966,508201_mpc,508101_mpc,23.75,29.0,-5.25,-2.0,0.9341303738531814
2015,23803,514701_mpc,513704_cec,33.75,30.0,3.75,3.0,0.7454542527898053
26227,8795,504202_bpc,503102_bpc,49.25,51.75,-2.5,-29.0,0.8473685978169074
15245,25928,514501_mpc,514301_mpc,39.75,33.0,6.75,-39.0,0.8236049603957192
4974,618,513103_mec,511802_bpc,39.5,37.0,2.5,-8.0,0.7739703272065538
3483,10449,505601_mpc,505101_mpc,48.5,53.75,-5.25,-7.0,0.8659100505415182
35652,12208,513201_mpc,513202_bpc,45.0,57.25,-12.25,9.0,0.7824330585723321
6805,17003,504504_cec,504401_mpc,30.0,23.25,6.75,-20.0,0.7067122205042036
3053,35968,512502_bpc,512104_cec,25.0,5.0,20.0,0.0,0.8158526360440456
20670,1341,512104_cec,514902_bpc,7.75,3.75,4.0,-17.0,0.9431754588855529
23184,28116,502801_mpc,502702_bpc,21.0,25.25,-4.25,7.0,0.9012281688189889
8907,18985,509402_bpc,515002_bpc,35.25,36.25,-1.0,12.0,0.8704574501398228
5460,4285,508501_mpc,509301_mpc,27.5,25.0,2.5,-17.0,0.8662489196678133
5330,19795,507801_mpc,507401_mpc,50.0,67.0,-17.0,-9.0,0.8756192207343659
34146,17759,501801_mpc,501601_mpc,28.75,28.75,0.0,4.0,0.832802897143747
4183,2539,507802_bpc,507502_bpc,71.25,61.25,10.0,21.0,0.9693969221906275
28605,7635,508302_bpc,508801_mpc,63.0,61.5,1.5,-12.0,0.9656951924265322
10883,4277,506201_mpc,506102_bpc,56.25,61.5,-5.25,-3.0,0.9281741677499121
29454,4279,507701_mpc,507401_mpc,26.25,15.0,11.25,-4.0,0.873828616106254
10748,6954,509301_mpc,508501_mpc,29.75,28.75,1.0,9.0,0.94158013308632
35113,14998,511604_cec,513704_cec,41.25,39.75,1.5,7.0,0.8482690503782261
37692,4735,503905_hec,504201_mpc,22.5,15.5,7.0,13.0,0.7336873043175414
3135,5079,505601_mpc,505801_mpc,80.25,71.25,9.0,-7.0,0.9843415785839741
3460,12875,507201_mpc,506701_mpc,23.75,28.75,-5.0,20.0,0.8956055948447855
4247,20148,511701_mpc,513503_mec,46.25,39.25,7.0,-3.0,0.8054799300743508
12701,23794,504401_mpc,504701_mpc,23.75,25.75,-2.0,-6.0,0.9321236125791866
16086,33730,502102_bpc,501802_bpc,62.25,67.5,-5.25,-14.0,0.989445281662315
22182,9748,508302_bpc,509002_bpc,22.5,11.25,11.25,-22.0,0.9214439904806296
2565,36022,505402_bpc,505802_bpc,52.0,46.25,5.75,11.0,0.9019115383691583
5878,24572,512701_mpc,512501_mpc,67.5,80.0,-12.5,-26.0,0.9719941547379563
11835,12060,504503_mec,504401_mpc,49.0,53.75,-4.75,13.0,0.8749860806132311
3863,3521,507601_mpc,507802_bpc,17.5,11.75,5.75,-49.0,0.955074572889482
31048,21572,514001_mpc,514201_mpc,43.5,53.75,-10.25,-9.0,0.7263718825886039
2997,36548,514502_bpc,514402_bpc,33.75,30.0,3.75,-23.0,0.9287367073266317
16462,13228,512601_mpc,505301_mpc,98.75,94.0,4.75,12.0,0.958750179006273
12552,16559,506001_mpc,505701_mpc,43.75,52.5,-8.75,5.0,0.8931825885636104
5285,16444,506201_mpc,506302_bpc,41.0,47.75,-6.75,-20.0,0.7412138139573456
33722,14653,514301_mpc,513403_mec,6.5,4.0,2.5,51.0,0.9028912415566772
27477,18642,512601_mpc,512701_mpc,44.5,42.5,2.0,12.0,0.8462810189360772
4930,11238,514801_mpc,514701_mpc,30.0,25.0,5.0,3.557129,0.9192025348306598
6655,3292,505602_bpc,506001_mpc,30.25,20.0,10.25,-50.0,0.8208395420409971
19085,33826,512801_mpc,513104_cec,42.75,57.5,-14.75,-12.0,0.7621287668791749
7798,34483,507401_mpc,501601_mpc,85.0,101.25,-16.25,-1.0,0.9517485897011327
21563,14850,507301_mpc,506801_mpc,28.25,29.0,-0.75,-7.0,0.8930076042026297
16506,33141,511604_cec,513504_cec,27.5,15.25,12.25,55.0,0.8611391034893026
1877,6909,513104_cec,513504_cec,26.25,18.75,7.5,-19.0,0.7931363330464563
21217,5226,507202_bpc,506602_bpc,37.5,30.25,7.25,-7.0,0.7807472850070856
22729,5050,509104_cec,504701_mpc,30.0,14.75,15.25,3.0,0.635611244145323
29576,20770,505801_mpc,505302_bpc,63.75,67.0,-3.25,-28.0,0.9786403541124639
14102,20090,508701_mpc,509201_mpc,31.25,26.25,5.0,47.0,0.9118802837154596
2544,19658,507904_cec,508202_bpc,18.0,17.75,0.25,-11.0,0.9564689617176432
8452,6636,502202_bpc,501602_bpc,29.25,31.0,-1.75,-10.0,0.9944816561090615
30323,18326,511801_mpc,513601_mpc,7.75,4.0,3.75,16.0,0.8894333892685715
4290,4313,508002_bpc,508101_mpc,13.25,17.5,-4.25,-34.0,0.9496697257184958
7886,32288,506301_mpc,506302_bpc,22.5,8.75,13.75,-10.0,0.9160753941307924
4269,14356,514702_bpc,514901_mpc,50.5,75.75,-25.25,-28.0,0.8692284296646532
15898,19322,507001_mpc,506701_mpc,18.75,17.5,1.25,4.557129,0.8260068631754581
7740,7298,512601_mpc,512701_mpc,51.25,55.0,-3.75,18.0,0.9603652341484014
22375,7810,501502_bpc,502101_mpc,28.75,30.0,-1.25,-12.0,0.9244291692268419
11556,10371,501502_bpc,502202_bpc,37.75,43.75,-6.0,-2.0,0.8365685178038161
24905,21966,514701_mpc,514702_bpc,82.5,75.5,7.0,3.0,0.9815772200355936
14952,1418,503202_bpc,503904_cec,21.0,10.0,11.0,21.0,0.8959509597027894
38715,32149,514002_bpc,514201_mpc,12.5,11.25,1.25,-33.0,0.934319966849895
34153,36693,506001_mpc,506002_bpc,16.25,28.25,-12.0,3.0,0.8525708870166819
7575,12955,506903_mec,506802_bpc,3.75,6.25,-2.5,-1.0,0.9045823159119608
109,17177,506502_bpc,506702_bpc,72.5,57.25,15.25,9.0,0.9249919883622953
7085,4871,505301_mpc,505801_mpc,38.75,41.25,-2.5,0.0,0.8032971407455172
5062,36856,512801_mpc,513103_mec,53.75,84.0,-30.25,-6.0,0.9042550570163015
3443,5144,507501_mpc,507701_mpc,30.0,24.0,6.0,11.0,0.8745559506654444
18650,10118,514902_bpc,514802_bpc,32.25,31.25,1.0,9.0,0.9671576500635983
3023,25561,507301_mpc,506502_bpc,28.75,26.25,2.5,-4.0,0.8211624941901823
5512,1975,506201_mpc,506301_mpc,56.25,61.5,-5.25,1.0,0.9605204734470847
38598,6897,503302_bpc,503905_hec,6.25,1.0,5.25,-58.0,0.9820765333052366
36198,5458,502504_cec,502701_mpc,17.5,12.5,5.0,0.0,0.8343627427358631
16715,2317,502101_mpc,506301_mpc,27.75,30.0,-2.25,21.0,0.8789138400751532
9975,2561,507502_bpc,508002_bpc,40.25,40.0,0.25,3.0,0.948115873347729
5031,16283,502802_bpc,503002_bpc,32.5,35.25,-2.75,-1.0,0.8058917209642474
17591,3170,506404_cec,507002_bpc,21.25,25.0,-3.75,8.0,0.928053900770408
5050,14656,504701_mpc,504201_mpc,14.75,11.5,3.25,-3.0,0.8426648623745541
16436,22156,507202_bpc,507002_bpc,25.0,25.0,0.0,14.0,0.9630029529789377
25919,14824,507202_bpc,506702_bpc,42.5,39.5,3.0,0.0,0.8051915122347033
7504,22923,511604_cec,511201_mpc,18.75,7.25,11.5,-19.0,0.9456793888077129
6876,11062,507701_mpc,507501_mpc,15.5,22.5,-7.0,-11.0,0.9470510961428201
10881,1821,512701_mpc,512702_bpc,35.5,34.25,1.25,-6.0,0.6778122575616097
3321,4660,508102_bpc,508002_bpc,41.5,37.75,3.75,12.0,0.7978036061274313
4523,7988,511201_mpc,511202_bpc,43.75,41.25,2.5,35.0,0.7698327565094085
11837,26331,513201_mpc,513202_bpc,43.75,68.75,-25.0,-10.0,0.7108356581557679
29978,2754,505602_bpc,505102_bpc,44.75,43.25,1.5,-2.0,0.8809025662465158
12567,2638,508501_mpc,508702_bpc,33.5,31.5,2.0,-26.0,0.7448370812404251
33011,9703,511902_bpc,512104_cec,14.0,25.25,-11.25,12.0,0.8704053621222316
5659,4571,507502_bpc,508002_bpc,43.25,40.0,3.25,9.0,0.8079050034098492
13572,33337,502004_cec,502202_bpc,33.75,33.0,0.75,20.0,0.8293962555724977
3635,10913,508002_bpc,507502_bpc,28.0,21.25,6.75,-16.0,0.9515331287762194
8749,19161,505402_bpc,506002_bpc,42.5,39.5,3.0,20.0,0.9625454417655264
4464,6541,508102_bpc,507402_bpc,42.5,50.0,-7.5,-3.0,0.7713979356048414
27144,12273,503101_mpc,503301_mpc,28.75,30.0,-1.25,5.0,0.814570087320744
18744,18351,501903_mec,501801_mpc,46.5,47.5,-1.0,1.0,0.8930609822958674
24557,12467,511603_mec,511201_mpc,40.0,53.0,-13.0,-16.0,0.7012649954097295
3133,30651,514001_mpc,514901_mpc,40.0,52.75,-12.75,48.0,0.4381116270003033
20354,19820,508802_bpc,508502_bpc,32.5,30.0,2.5,-25.0,0.9380058815584227
30984,20991,509001_mpc,509104_cec,21.25,23.25,-2.0,-15.0,0.8727635100228855
21985,16506,512104_cec,511604_cec,33.75,27.5,6.25,-34.0,0.8448501620632529
24584,7482,504201_mpc,503101_mpc,54.0,56.0,-2.0,-25.442871,0.8944646528582244
18989,17432,514902_bpc,512602_bpc,42.0,50.25,-8.25,-9.0,0.5695483811657073
5431,23230,507802_bpc,507201_mpc,32.5,27.5,5.0,6.0,0.7237047861184662
9463,2077,514402_bpc,514302_bpc,18.75,25.0,-6.25,-9.442871,0.9595716626838293
28471,7444,505102_bpc,505302_bpc,74.25,73.25,1.0,0.0,0.988778665353295
14048,6881,507602_bpc,507802_bpc,33.75,31.0,2.75,-14.0,0.8942970505566742
34861,2303,515001_mpc,508301_mpc,73.75,77.75,-4.0,13.0,0.945893385061617
20033,4133,506702_bpc,507202_bpc,35.0,37.5,-2.5,3.0,0.7802794158109327
31920,9249,505204_cec,505601_mpc,25.0,26.25,-1.25,14.0,0.9452894799800132
2544,17185,507904_cec,507601_mpc,18.0,18.75,-0.75,-11.0,0.9344087374312094
34482,6950,503801_mpc,503202_bpc,48.75,75.5,-26.75,6.0,0.7581879573215777
25684,7089,509201_mpc,508302_bpc,34.25,34.0,0.25,10.0,0.6245569822035062
19736,6284,505702_bpc,505902_bpc,46.25,39.25,7.0,-7.0,0.8889649204427705
25135,8583,508801_mpc,508401_mpc,6.25,12.5,-6.25,21.0,0.9340346669743133
161,7794,514602_bpc,514901_mpc,29.0,28.0,1.0,19.0,0.9134877545162676
4562,20497,506602_bpc,506502_bpc,42.0,43.75,-1.75,5.0,0.6288942276753504
9017,4856,512902_bpc,512801_mpc,61.25,60.75,0.5,13.0,0.974022634487392
36440,38392,508202_bpc,507401_mpc,71.5,66.5,5.0,3.0,0.9870391137783586
2083,536,514501_mpc,514502_bpc,7.75,8.75,-1.0,7.0,0.9494050149801497
14809,4983,507702_bpc,507904_cec,14.25,10.25,4.0,-19.0,0.9443402780558994
21216,17458,512202_bpc,512402_bpc,16.25,7.75,8.5,6.442871,0.9414182484177985
406,20119,504503_mec,504904_cec,24.0,26.25,-2.25,-31.0,0.8697175222347722
16263,7110,504401_mpc,504503_mec,54.0,63.75,-9.75,-2.0,0.9268880318372144
10141,4400,508201_mpc,508001_mpc,37.0,36.5,0.5,-7.0,0.8332237478652729
27335,16270,504903_mec,508202_bpc,43.75,45.0,-1.25,-3.0,0.6568012665976147
4677,17821,506602_bpc,506802_bpc,0.75,14.25,-13.5,-8.0,0.9619826765364634
17030,20100,512202_bpc,512402_bpc,40.25,39.5,0.75,5.0,0.8744855118220679
15291,7508,501502_bpc,502101_mpc,16.25,14.5,1.75,0.0,0.9650399364028804
18422,39031,506301_mpc,506101_mpc,56.25,57.25,-1.0,5.0,0.9383835418185018
20278,14551,503201_mpc,503202_bpc,40.5,40.0,0.5,7.0,0.8746179777424374
244,14450,509402_bpc,509302_bpc,40.5,42.0,-1.5,1.0,0.9444640544401195
12898,27261,512802_bpc,513404_cec,8.0,-2.5,10.5,-9.0,0.8796834103877131
2536,23852,513202_bpc,512702_bpc,49.75,57.5,-7.75,-34.0,0.7619988657572753
9135,12956,502004_cec,502005_hec,32.0,29.5,2.5,-17.0,0.7868965901952713
13086,25507,503001_mpc,502701_mpc,31.25,24.5,6.75,5.0,0.6986358486700167
1749,15974,514901_mpc,514801_mpc,29.25,35.0,-5.75,-1.0,0.8687697179505919
8682,1821,512602_bpc,512702_bpc,26.25,34.25,-8.0,-12.0,0.8078902413724887
23591,9986,505901_mpc,505101_mpc,36.5,37.0,-0.5,3.0,0.8916666996080551
5955,22973,507801_mpc,502005_hec,25.0,15.25,9.75,34.0,0.7908256596714949
9613,30991,508401_mpc,509201_mpc,36.25,37.75,-1.5,25.0,0.8590675689933267
19500,15912,508401_mpc,509501_mpc,49.0,58.0,-9.0,-8.0,0.89235070415407
10069,30162,514701_mpc,514702_bpc,35.5,31.25,4.25,0.0,0.8195311012502883
15740,20986,505901_mpc,505902_bpc,75.25,71.25,4.0,-6.0,0.9711816238406078
9578,566,506001_mpc,505602_bpc,31.25,35.0,-3.75,-5.0,0.7585695424739728
20241,11518,512602_bpc,512502_bpc,46.25,45.0,1.25,32.0,0.8786122466212201
4748,10594,505902_bpc,505101_mpc,38.75,36.75,2.0,-2.0,0.833341623303752
34843,12478,504903_mec,504503_mec,29.25,28.25,1.0,-4.0,0.9070509654829226
45,37642,512104_cec,511901_mpc,31.25,36.25,-5.0,-9.0,0.8206322140741485
20849,16828,503101_mpc,504201_mpc,53.25,71.25,-18.0,-3.0,0.9111091387360597
8301,19161,505801_mpc,506002_bpc,40.75,39.5,1.25,20.0,0.8683954989497585
3749,973,504701_mpc,504903_mec,79.0,59.0,20.0,-6.0,0.9421201643913162
22022,19358,506904_cec,506903_mec,23.75,25.75,-2.0,-2.0,0.8427343957498056
27075,8206,511401_mpc,511201_mpc,57.25,70.0,-12.75,0.0,0.9664498662113518
21638,777,508502_bpc,509302_bpc,31.5,28.75,2.75,-31.0,0.839192599190757
18289,17006,514201_mpc,513903_mec,65.25,65.0,0.25,-3.0,0.9739232167097391
16796,21558,506701_mpc,507301_mpc,50.0,45.0,5.0,2.0,0.8026735604732173
29328,16724,504002_bpc,503602_bpc,40.25,44.5,-4.25,-5.0,0.6175103030501548
30337,21134,513103_mec,513704_cec,15.25,6.25,9.0,29.0,0.8685821277608067
16146,37287,501602_bpc,501802_bpc,53.75,48.25,5.5,-31.0,0.9541162906676137
98,90,512602_bpc,512702_bpc,46.25,39.0,7.25,28.0,0.6669777960647242
1263,320,508801_mpc,508501_mpc,31.25,22.5,8.75,16.0,0.8080038579372448
32224,15754,511604_cec,511801_mpc,47.75,62.5,-14.75,-7.0,0.7043039555476136
35593,18902,508701_mpc,508501_mpc,75.0,64.5,10.5,5.0,0.9424148463087269
12262,3960,506404_cec,506904_cec,17.25,7.5,9.75,7.0,0.9055827648367079
14555,32531,502201_mpc,501903_mec,58.75,69.75,-11.0,-14.0,0.9366667561537809
30553,13384,511401_mpc,514301_mpc,65.0,97.75,-32.75,3.0,0.9029806019750366
7706,9089,502702_bpc,503002_bpc,32.75,41.75,-9.0,-1.0,0.7475311267242855
32211,2064,509302_bpc,508903_mec,52.25,56.5,-4.25,-5.0,0.8874052563308049
24878,29804,512801_mpc,512902_bpc,46.0,43.75,2.25,1.0,0.7200665005863129
28687,8329,504702_bpc,504701_mpc,64.25,72.5,-8.25,-12.0,0.9034001063144451
5456,2941,512901_mpc,513103_mec,17.0,24.0,-7.0,2.0,0.8787403150068313
7593,34703,503602_bpc,503302_bpc,37.5,41.75,-4.25,-26.0,0.7281382467565923
7940,5035,503801_mpc,503101_mpc,43.75,43.0,0.75,10.0,0.7752834890078573
30399,19142,502202_bpc,502101_mpc,50.0,49.0,1.0,3.0,0.9448825751489666
20336,21459,508501_mpc,509501_mpc,28.0,31.25,-3.25,2.0,0.854636958000538
26980,15660,512801_mpc,513103_mec,35.0,26.75,8.25,-8.0,0.7895137718607671
22307,28477,514201_mpc,514001_mpc,18.75,8.0,10.75,60.0,0.9426953000665281
6369,27411,502801_mpc,502504_cec,30.75,27.75,3.0,-10.0,0.6173186320660562
16074,3157,504001_mpc,503801_mpc,41.25,41.25,0.0,-14.0,0.8284926071754135
13194,16389,511802_bpc,511701_mpc,30.5,33.75,-3.25,2.0,0.7235837982574231
13156,14282,504904_cec,508501_mpc,11.75,3.75,8.0,61.0,0.902395089680064
25087,13545,506801_mpc,512901_mpc,68.75,102.5,-33.75,13.0,0.9150190192572181
25990,28786,512801_mpc,512901_mpc,97.5,76.25,21.25,-5.0,0.9770952298918731
23702,5459,509501_mpc,506002_bpc,9.25,15.25,-6.0,-16.0,0.9174618982557532
26480,11392,502702_bpc,502504_cec,30.25,26.5,3.75,-2.0,0.707766917422238
16641,4456,506802_bpc,508401_mpc,40.5,40.0,0.5,6.0,0.8090489864748656
8809,31482,504503_mec,504702_bpc,20.0,21.5,-1.5,-30.0,0.8566065763343554
4842,27523,509105_hec,508903_mec,13.75,11.25,2.5,-11.0,0.8717454638217826
21601,257,509402_bpc,509105_hec,22.5,17.5,5.0,8.442871,0.8783030688600717
27849,14688,502101_mpc,501601_mpc,64.25,61.25,3.0,-1.0,0.9796274671402987
559,8733,511202_bpc,511303_mec,29.25,18.75,10.5,-15.0,0.8213185092363874
24721,18611,508402_bpc,509502_bpc,44.25,48.75,-4.5,-4.0,0.8347946529105612
14859,20269,506802_bpc,507002_bpc,13.0,22.5,-9.5,30.0,0.9534374397870845
39003,26328,513904_cec,513704_cec,11.25,19.0,-7.75,11.0,0.9465420325826465
27411,27702,502504_cec,501904_cec,27.75,21.75,6.0,14.0,0.7725299365366446
23998,21416,506602_bpc,506702_bpc,30.25,19.75,10.5,1.0,0.817678069831113
23765,23861,511603_mec,511304_cec,10.0,10.0,0.0,-32.0,0.9754990863803438
5993,3891,514701_mpc,514601_mpc,36.25,36.75,-0.5,-13.442871,0.9091963916186854
8220,12570,512402_bpc,512202_bpc,53.75,67.5,-13.75,7.0,0.933270560870986
244,9109,509402_bpc,508802_bpc,40.5,40.25,0.25,0.0,0.8837186787866077
5290,2271,505602_bpc,505702_bpc,34.25,33.75,0.5,13.0,0.8561566019569457
29580,10864,514001_mpc,513903_mec,22.5,22.5,0.0,6.0,0.9354255802130331
10278,34284,505401_mpc,506002_bpc,45.25,46.25,-1.0,11.0,0.8272929678706779
20278,6405,503201_mpc,503801_mpc,40.5,35.0,5.5,3.0,0.732174181957749
27311,15813,508201_mpc,508101_mpc,23.75,26.5,-2.75,10.0,0.9448897812467403
32038,15413,506202_bpc,506302_bpc,51.25,71.75,-20.5,0.0,0.8660024421885277
34428,33036,509202_bpc,509502_bpc,45.0,48.75,-3.75,39.0,0.843518383620302
7414,12959,501802_bpc,501602_bpc,25.75,14.25,11.5,0.0,0.8798257770781962
14479,8850,509502_bpc,509002_bpc,30.0,23.75,6.25,-17.0,0.8279488296345741
24853,23675,509401_mpc,508401_mpc,63.75,79.0,-15.25,5.0,0.9413103035148394
28471,2887,505102_bpc,505602_bpc,74.25,57.5,16.75,10.0,0.9327636010878281
36276,7061,508201_mpc,508001_mpc,36.5,40.0,-3.5,-1.0,0.8845660148413688
1643,626,506101_mpc,506201_mpc,82.5,75.25,7.25,-3.0,0.979556878732939
32049,18675,511201_mpc,511401_mpc,46.0,57.0,-11.0,-26.0,0.8763164311949937
30426,24665,513704_cec,514001_mpc,14.25,13.0,1.25,-21.0,0.9509872201266402
30294,6643,505502_bpc,505301_mpc,34.0,30.5,3.5,9.0,0.8582623276284258
10416,14515,505902_bpc,505701_mpc,39.0,40.0,-1.0,5.0,0.8537723641438202
2751,12733,506102_bpc,506302_bpc,55.5,47.75,7.75,1.0,0.867153924351969
15315,5429,505204_cec,501904_cec,31.25,33.75,-2.5,13.0,0.7679337064033048
20700,13086,503101_mpc,503001_mpc,23.75,31.25,-7.5,-28.0,0.8395313035932311
20183,11951,514701_mpc,514801_mpc,37.5,36.5,1.0,13.0,0.9259284399196943
20050,9626,502701_mpc,503001_mpc,47.5,50.0,-2.5,-10.0,0.8243440505458149
18695,15029,509402_bpc,508903_mec,27.25,26.5,0.75,-3.0,0.8122627177445557
29891,8962,505702_bpc,505302_bpc,33.5,35.0,-1.5,0.0,0.8979580998486448
12730,36340,514802_bpc,514902_bpc,37.75,44.75,-7.0,3.0,0.8130502177292595
27412,14059,514701_mpc,501601_mpc,76.5,105.25,-28.75,-3.0,0.9398513228936431
7185,1866,504904_cec,504402_bpc,23.75,22.5,1.25,6.0,0.8897733960713852
16283,4325,503002_bpc,502802_bpc,35.25,26.25,9.0,4.0,0.7463841596383791
23960,21293,509502_bpc,515002_bpc,52.75,54.0,-1.25,-16.0,0.9806626737732066
7794,38090,514901_mpc,514801_mpc,28.0,28.0,0.0,-4.0,0.9324037432689829
4279,4313,507401_mpc,508101_mpc,15.0,17.5,-2.5,1.0,0.9944486167875174
3092,39176,512501_mpc,512601_mpc,18.75,23.0,-4.25,-23.0,0.9825907335996956
8966,22604,508101_mpc,507801_mpc,29.0,25.0,4.0,10.0,0.9310127060161543
17216,35755,506701_mpc,506404_cec,14.5,14.25,0.25,2.0,0.9204472788776659
16252,7534,501502_bpc,501602_bpc,40.0,41.75,-1.75,0.0,0.9290129499998238
3541,4815,503904_cec,503905_hec,20.0,13.5,6.5,-33.0,0.9189074906065918
27849,10089,502101_mpc,501601_mpc,64.25,57.75,6.5,1.0,0.9717542808009827
5128,26243,505901_mpc,505301_mpc,40.0,40.0,0.0,16.442871,0.627060927424215
12955,14913,506802_bpc,509501_mpc,6.25,14.0,-7.75,-29.0,0.9518191300200628
4207,25359,509501_mpc,515001_mpc,27.5,29.5,-2.0,6.0,0.846382134074416
16529,19262,504504_cec,504702_bpc,20.0,6.5,13.5,14.0,0.8398003461656209
9360,28041,501602_bpc,502102_bpc,45.0,62.0,-17.0,5.0,0.8394297760755735
5846,8744,505204_cec,505203_mec,28.75,21.75,7.0,13.0,0.8901223234158135
13234,25990,514302_bpc,512801_mpc,60.75,97.5,-36.75,7.0,0.8654792333805033
38902,17891,505601_mpc,506001_mpc,35.0,32.5,2.5,-11.0,0.8157754034211514
16462,36792,512601_mpc,506101_mpc,98.75,92.5,6.25,-3.0,0.9575689546521636
3711,16926,514901_mpc,511802_bpc,32.75,33.75,-1.0,-35.0,0.7958952369995705
27225,25527,508202_bpc,507601_mpc,12.5,11.25,1.25,23.557129,0.9642322992952433
11165,286,508802_bpc,509002_bpc,42.5,40.75,1.75,-3.0,0.8124585827874482
32852,34921,514601_mpc,514801_mpc,24.5,30.25,-5.75,27.0,0.9589134139677699
14155,38062,501602_bpc,502202_bpc,41.25,46.75,-5.5,3.0,0.9051497212341307
24705,6885,501904_cec,502201_mpc,34.25,37.5,-3.25,-2.0,0.8021137243872489
4646,2176,507802_bpc,507402_bpc,13.75,15.5,-1.75,10.0,0.9897117931302879
30090,22155,507002_bpc,507001_mpc,65.0,81.75,-16.75,-18.0,0.9040974384819302
19258,2499,507802_bpc,508202_bpc,26.5,22.5,4.0,10.0,0.9441136417955672
15920,30148,509105_hec,508301_mpc,16.0,12.5,3.5,-8.0,0.9653053174581786
35498,6206,513503_mec,511603_mec,8.75,16.25,-7.5,-27.0,0.9557433059836173
19831,9300,502702_bpc,503002_bpc,39.25,38.75,0.5,-1.0,0.9187733948898121
9949,6587,514301_mpc,514501_mpc,47.5,47.5,0.0,11.0,0.9587912124651562
1263,6954,508801_mpc,508501_mpc,31.25,28.75,2.5,10.0,0.7612358289671467
6881,12912,507802_bpc,508002_bpc,31.0,24.75,6.25,1.0,0.9012415395120853
12324,7649,508904_cec,508903_mec,18.75,8.75,10.0,2.0,0.9328339773316114
14088,18668,507401_mpc,508001_mpc,45.25,38.75,6.5,13.0,0.8440195107988222
13931,19080,506102_bpc,506302_bpc,55.0,67.5,-12.5,-1.0,0.963930783548338
20234,25032,513704_cec,513602_bpc,33.75,23.75,10.0,-10.0,0.7418747928744179
26618,5029,504503_mec,504701_mpc,29.75,34.25,-4.5,-48.0,0.8353149722280568
18302,20882,503601_mpc,503101_mpc,55.25,55.25,0.0,0.0,0.9284706225255174
22394,2224,503101_mpc,504001_mpc,65.25,67.75,-2.5,2.0,0.97693913942603
5920,25483,511201_mpc,511401_mpc,28.75,26.25,2.5,1.0,0.9465085219655297
21165,13045,511902_bpc,514902_bpc,15.25,12.75,2.5,-26.0,0.9267109421863141
4282,14794,508201_mpc,507801_mpc,36.5,37.5,-1.0,-12.0,0.9394809687949045
34542,26832,512701_mpc,512501_mpc,63.25,62.5,0.75,30.0,0.9604019913753784
35120,14014,505101_mpc,505601_mpc,35.0,36.25,-1.25,6.0,0.8033345180603888
27397,3406,503905_hec,502802_bpc,17.25,13.75,3.5,26.0,0.9322728859347182
4748,4867,505902_bpc,506002_bpc,38.75,42.5,-3.75,4.0,0.8352682339641448
21752,33568,511802_bpc,511701_mpc,61.25,60.75,0.5,6.0,0.9372757479112169
28096,16636,513103_mec,513104_cec,31.75,21.25,10.5,10.0,0.7032966890048611
6973,30984,515002_bpc,509001_mpc,22.5,21.25,1.25,11.0,0.9170438004585391
4096,29186,508301_mpc,509201_mpc,50.0,66.25,-16.25,-5.0,0.8814456588648891
8185,38866,509202_bpc,509201_mpc,65.0,87.5,-22.5,-20.0,0.9570829744196377
9785,24412,506202_bpc,506302_bpc,44.75,56.75,-12.0,1.0,0.8206582819798659
4511,10774,505402_bpc,505802_bpc,36.0,32.5,3.5,-14.0,0.829110425915396
26234,13545,512202_bpc,512901_mpc,70.0,102.5,-32.5,-8.442871,0.915023747074921
3146,7935,504503_mec,504904_cec,20.0,23.75,-3.75,-34.0,0.8992110154867122
21332,15883,506702_bpc,507302_bpc,18.75,9.0,9.75,-2.0,0.9283174505255892
20707,10896,502201_mpc,502101_mpc,35.5,40.0,-4.5,-6.0,0.8553618440784848
20275,18655,514202_bpc,513504_cec,21.0,13.75,7.25,15.0,0.8981803023164433
3951,35617,507002_bpc,507202_bpc,46.25,52.5,-6.25,-13.0,0.9111184584404783
6950,18278,503202_bpc,508501_mpc,75.5,99.75,-24.25,5.0,0.9291078724090674
15312,4435,512502_bpc,512702_bpc,31.25,33.75,-2.5,-49.0,0.9762143821836333
25655,36665,502701_mpc,506602_bpc,28.5,26.5,2.0,-27.0,0.8847442599602083
3546,19517,502702_bpc,502505_hec,25.0,25.25,-0.25,14.0,0.9153043572290597
4212,4455,503801_mpc,502504_cec,19.75,6.25,13.5,7.0,0.8152409090867723
8170,14032,503102_bpc,503202_bpc,42.75,40.5,2.25,-2.0,0.6391734368243392
20568,22939,510101_mpc,511304_cec,26.25,26.75,-0.5,-16.0,0.8263613841049922
30954,7794,514701_mpc,514901_mpc,30.0,28.0,2.0,7.0,0.7762373050780267
25904,10088,501502_bpc,501802_bpc,36.75,39.0,-2.25,4.0,0.9527341109791218
5644,21108,508201_mpc,507801_mpc,32.0,25.5,6.5,6.0,0.844179995919525
7794,10182,514901_mpc,513404_cec,28.0,18.0,10.0,-1.0,0.8836626868124997
12490,20721,502702_bpc,502504_cec,30.25,26.75,3.5,-6.0,0.7855579242919886
11124,4727,515001_mpc,509301_mpc,41.25,37.75,3.5,2.0,0.8608744304678977
10411,3292,505203_mec,506001_mpc,30.25,20.0,10.25,-10.0,0.8347971822654
11475,8800,505102_bpc,505802_bpc,10.0,15.5,-5.5,-1.0,0.9212782959983087
27948,1749,514801_mpc,514901_mpc,27.5,29.25,-1.75,6.0,0.9811640307746436
18643,7794,514701_mpc,514901_mpc,34.0,28.0,6.0,-8.0,0.8852571005248782
17434,29349,514401_mpc,514501_mpc,58.5,66.25,-7.75,19.0,0.9571272474261844
10466,18782,511201_mpc,511402_bpc,27.5,20.5,7.0,-37.0,0.8435446894718859
5601,19152,504504_cec,508904_cec,24.0,16.25,7.75,-2.0,0.8109957001190466
4107,2828,504202_bpc,504002_bpc,21.25,27.0,-5.75,-4.0,0.844579009581101
14730,37455,513504_cec,513904_cec,28.75,24.25,4.5,-6.0,0.8823453108338896
2641,8104,508701_mpc,509105_hec,16.5,11.25,5.25,39.0,0.93750319498473
13378,7109,501502_bpc,502101_mpc,43.25,51.25,-8.0,21.0,0.8616622949662517
1775,33108,503001_mpc,502801_mpc,26.25,21.25,5.0,-32.0,0.9481883427988811
5608,5565,513704_cec,512401_mpc,21.75,4.25,17.5,-6.0,0.8380176323909787
10598,22155,506801_mpc,507001_mpc,60.0,81.75,-21.75,-4.0,0.8683679631749147
24139,11331,507602_bpc,507701_mpc,17.5,14.0,3.5,-44.0,0.9645413136886174
3616,30110,511702_bpc,513503_mec,20.0,29.0,-9.0,0.0,0.8600896516252208
4479,4529,503102_bpc,503202_bpc,26.25,28.0,-1.75,-14.0,0.8632407333334802
28963,15037,506001_mpc,505501_mpc,60.0,71.25,-11.25,-35.0,0.9507656881256482
6212,20031,503905_hec,503904_cec,22.75,23.25,-0.5,5.0,0.9173940285981304
7769,14103,514602_bpc,510102_bpc,46.25,50.0,-3.75,5.0,0.9475384805893307
4249,13332,512201_mpc,511901_mpc,45.75,55.0,-9.25,-17.0,0.8809136189794845
5472,27397,508202_bpc,503905_hec,31.5,17.25,14.25,-5.0,0.694074877969956
24885,4622,502202_bpc,501801_mpc,49.25,48.0,1.25,-10.0,0.905586749119601
7539,22065,503202_bpc,503102_bpc,90.0,65.25,24.75,11.0,0.9567169940151499
18375,24592,501602_bpc,501802_bpc,27.75,20.5,7.25,1.0,0.9086987990654644
3750,2842,508102_bpc,507702_bpc,30.0,24.25,5.75,10.0,0.9239269919197557
25014,3255,507201_mpc,506801_mpc,51.25,60.0,-8.75,10.0,0.7958370343679699
24616,27336,512502_bpc,512601_mpc,44.0,53.75,-9.75,-9.0,0.7752852059749679
14730,10941,513504_cec,513404_cec,28.75,25.0,3.75,26.0,0.8004807879648781
2958,2528,503201_mpc,503101_mpc,61.25,50.75,10.5,2.0,0.8987614076084021
17382,6058,501903_mec,502005_hec,38.75,31.75,7.0,-11.0,0.510181136143799
37222,8855,502005_hec,502505_hec,15.0,6.75,8.25,8.0,0.83625673328212
3308,39223,503202_bpc,503602_bpc,43.5,52.5,-9.0,8.0,0.8257614611438537
29912,13045,514802_bpc,514902_bpc,25.25,12.75,12.5,-4.442871,0.9316131706333272
30791,27150,510102_bpc,512202_bpc,35.0,30.0,5.0,0.0,0.9091420176923656
24699,13476,512104_cec,512202_bpc,26.25,32.5,-6.25,15.0,0.8238855774140981
6736,780,508401_mpc,509001_mpc,49.0,49.0,0.0,-26.0,0.9292310551613218
13454,16733,504701_mpc,504504_cec,26.25,27.0,-0.75,12.442871,0.8424868559877563
3043,4221,509502_bpc,508302_bpc,46.75,47.5,-0.75,-3.0,0.8572599871661956
14417,22829,506801_mpc,507301_mpc,29.0,31.25,-2.25,3.0,0.9325153560012223
2162,37088,506903_mec,507301_mpc,17.75,22.5,-4.75,6.0,0.9102496256756036
24939,15947,504201_mpc,506301_mpc,25.0,21.75,3.25,1.0,0.9320540455126739
19415,18801,508802_bpc,509401_mpc,17.75,16.25,1.5,3.0,0.8809957412017817
24931,16180,502505_hec,507801_mpc,6.25,0.75,5.5,15.0,0.8729917526231499
20144,4462,514301_mpc,514501_mpc,7.5,22.75,-15.25,10.0,0.9180763061760067
16567,37514,503905_hec,504002_bpc,12.75,16.5,-3.75,0.0,0.8780988236464735
17724,37899,502201_mpc,505501_mpc,10.0,4.25,5.75,3.0,0.8617423197878716
21528,21713,508502_bpc,515001_mpc,29.5,32.5,-3.0,35.0,0.9160478582432697
25047,27128,501904_cec,506404_cec,21.25,18.75,2.5,-0.5571289,0.8592263978470046
11831,12289,501502_bpc,501903_mec,25.25,30.25,-5.0,-4.0,0.8622256787046396
1743,27523,502505_hec,508903_mec,14.0,11.25,2.75,2.0,0.9432801291563251
34390,32451,511303_mec,511402_bpc,21.75,21.5,0.25,7.0,0.9363897363030418
6546,15520,504503_mec,508903_mec,45.75,68.75,-23.0,13.0,0.6770398950022773
5372,1559,508802_bpc,505601_mpc,81.75,103.0,-21.25,9.0,0.9441161404305474
13429,18675,511202_bpc,511401_mpc,55.75,57.0,-1.25,-7.0,0.9106563748485317
16081,2273,507904_cec,507801_mpc,4.5,9.0,-4.5,-59.0,0.9137435000569226
3863,2698,507601_mpc,507501_mpc,17.5,18.75,-1.25,-49.0,0.9830744867895106
3378,6252,502802_bpc,508002_bpc,56.25,93.75,-37.5,-4.0,0.8211403774076226
30001,10323,507201_mpc,506601_mpc,72.25,73.0,-0.75,-1.0,0.9971563334920222
6211,9711,505204_cec,506202_bpc,65.75,68.5,-2.75,-4.0,0.9597165235319725
4867,17931,506002_bpc,505702_bpc,42.5,41.5,1.0,5.0,0.8400902544917052
17076,4556,506502_bpc,502504_cec,22.0,20.0,2.0,8.0,0.9358559983163883
39198,21507,505402_bpc,505501_mpc,32.5,26.25,6.25,-16.442871,0.8376421887557289
29576,6533,505801_mpc,506001_mpc,63.75,52.5,11.25,-7.0,0.9636599770377405
20986,6314,505902_bpc,505602_bpc,71.25,85.5,-14.25,21.442871,0.9893732847219351
27523,7020,508903_mec,503904_cec,11.25,12.5,-1.25,-14.0,0.8811144238443963
3764,21416,506903_mec,506702_bpc,22.5,19.75,2.75,9.0,0.9190174792975478
34784,9833,510101_mpc,513503_mec,16.0,6.25,9.75,14.0,0.8557374172074406
5766,3767,507602_bpc,507702_bpc,26.0,25.0,1.0,15.0,0.9775529819268405
2680,31529,514202_bpc,514002_bpc,14.5,9.25,5.25,35.0,0.9534719318119059
6451,9942,508802_bpc,509002_bpc,48.75,55.0,-6.25,-1.0,0.8637701624047672
17782,15898,506601_mpc,507001_mpc,31.5,18.75,12.75,25.442871,0.7142913647692154
38451,3012,507702_bpc,508102_bpc,31.25,32.5,-1.25,-21.0,0.8732767309259692
32775,27437,506404_cec,502701_mpc,30.25,39.0,-8.75,-14.0,0.676058212838246
15077,21394,506702_bpc,507202_bpc,18.75,19.0,-0.25,-9.442871,0.9473471427430121
4516,2170,502802_bpc,508702_bpc,43.75,47.5,-3.75,42.0,0.591794517252313
14744,10062,506903_mec,506904_cec,21.25,3.5,17.75,-19.0,0.9221668496022375
11779,17931,505802_bpc,505702_bpc,48.75,41.5,7.25,15.0,0.8651636177676066
3744,4539,509201_mpc,508401_mpc,47.5,50.5,-3.0,-10.0,0.8828755561870715
4880,29874,506601_mpc,506404_cec,29.0,21.25,7.75,16.0,0.7811034079583753
4202,16462,502701_mpc,512601_mpc,81.5,98.75,-17.25,3.0,0.9443732478997237
14660,3365,502802_bpc,502702_bpc,44.5,53.25,-8.75,1.0,0.7975337214644287
5866,839,505902_bpc,505302_bpc,36.25,35.0,1.25,51.0,0.9082419166956377
27552,10769,508801_mpc,509501_mpc,50.0,55.0,-5.0,10.0,0.8715865024133508
4682,3308,503602_bpc,503202_bpc,36.75,43.5,-6.75,-15.0,0.7779569647351482
1880,11806,508201_mpc,508001_mpc,17.75,18.75,-1.0,34.0,0.9722240849110318
4893,37546,513201_mpc,513403_mec,48.25,40.25,8.0,-4.0,0.7089458302773124
7428,4400,508202_bpc,508001_mpc,36.25,36.5,-0.25,-11.0,0.5399825546281057
16886,25258,501904_cec,502005_hec,26.25,16.25,10.0,17.0,0.8415253440984661
29552,16222,511202_bpc,511402_bpc,41.25,56.25,-15.0,-47.0,0.7570464636131882
17177,10667,506702_bpc,506502_bpc,57.25,51.25,6.0,-2.0,0.8692622156387131
5640,20609,503102_bpc,503202_bpc,28.75,28.75,0.0,1.0,0.8008006095684002
23934,14714,506501_mpc,506802_bpc,35.0,40.0,-5.0,-8.0,0.8017114824800364
4975,9373,515001_mpc,509001_mpc,37.5,36.0,1.5,8.0,0.8076732286694414
22548,20379,512104_cec,511902_bpc,8.75,-2.5,11.25,0.0,0.9741616362794147
11122,3835,506801_mpc,506904_cec,24.0,22.5,1.5,-7.0,0.9042426641902428
5940,31504,501801_mpc,502202_bpc,51.25,54.0,-2.75,23.0,0.9097914727427779
19895,15480,506801_mpc,506501_mpc,25.5,25.75,-0.25,9.0,0.9276336354882304
4221,16378,508302_bpc,509202_bpc,47.5,48.75,-1.25,-7.0,0.8811514360538757
31728,19000,513904_cec,513602_bpc,16.5,8.75,7.75,9.0,0.9419903999291991
5602,6314,505502_bpc,505602_bpc,85.5,85.5,0.0,26.442871,0.9940577496935789
65,21313,512602_bpc,514602_bpc,46.5,53.75,-7.25,-7.0,0.9285687102284349
37642,14388,511901_mpc,512201_mpc,36.25,26.75,9.5,35.0,0.7399449583358539
3518,37874,513103_mec,513503_mec,15.0,16.0,-1.0,-12.0,0.9519794198190631
35489,21290,514701_mpc,514801_mpc,32.75,29.25,3.5,-12.0,0.9330146454925139
1260,12745,511902_bpc,512401_mpc,57.5,70.0,-12.5,-5.0,0.9322358825594295
6318,11105,509105_hec,508302_bpc,12.5,16.5,-4.0,-4.0,0.9645980286238255
14894,37427,509104_cec,509105_hec,12.0,18.75,-6.75,-13.442871,0.9402467920926015
26219,6533,505501_mpc,506001_mpc,51.5,52.5,-1.0,21.0,0.8901756882744268
1336,1335,504401_mpc,504702_bpc,48.75,59.0,-10.25,-5.0,0.8681782517862277
15476,2105,508401_mpc,509301_mpc,66.25,91.5,-25.25,-6.0,0.9381815126701716
4516,6801,502802_bpc,503002_bpc,43.75,56.25,-12.5,13.0,0.6222403823331847
8985,5533,507602_bpc,507402_bpc,61.75,52.5,9.25,-2.0,0.9504637117780758
14889,6839,501802_bpc,501903_mec,69.5,67.5,2.0,-15.0,0.934274090189258
10647,1171,507501_mpc,507601_mpc,7.5,17.5,-10.0,-24.0,0.9538395522388601
14032,11205,503202_bpc,503602_bpc,40.5,44.75,-4.25,-5.0,0.8424428212349995
24139,2176,507602_bpc,507402_bpc,17.5,15.5,2.0,-39.0,0.9512215590948091
2037,15490,502701_mpc,502702_bpc,38.75,43.75,-5.0,0.0,0.5982057369026972
26434,10018,505101_mpc,509001_mpc,38.0,35.75,2.25,9.0,0.6051488607571415
2543,30300,507301_mpc,506702_bpc,19.25,8.75,10.5,-18.0,0.8133332139062152
28690,6197,505701_mpc,505801_mpc,47.75,42.5,5.25,-29.0,0.8552386935292323
2628,18153,509501_mpc,509502_bpc,8.75,11.25,-2.5,1.0,0.9300072362200222
35329,22307,513904_cec,514201_mpc,16.25,18.75,-2.5,-36.0,0.943677946597423
7549,2026,505502_bpc,505602_bpc,13.75,14.25,-0.5,15.0,0.9153932856825022
17801,8662,507401_mpc,508001_mpc,43.75,52.5,-8.75,4.0,0.8812870998033231
24768,34390,511402_bpc,511303_mec,16.25,21.75,-5.5,-16.0,0.8886129615415884
25463,10841,505801_mpc,505901_mpc,45.25,46.25,-1.0,8.0,0.8632804112189153
28876,21372,507302_bpc,506903_mec,19.0,22.5,-3.5,-30.0,0.9402144044061346
10650,24592,502102_bpc,501802_bpc,25.0,20.5,4.5,-3.0,0.9633029060066587
20536,3449,507402_bpc,507904_cec,17.5,15.0,2.5,-25.0,0.959279092142645
22074,34630,505102_bpc,504201_mpc,58.75,53.75,5.0,-34.0,0.9162670770853932
14035,14176,513602_bpc,513601_mpc,33.75,25.0,8.75,-13.0,0.7073235149568824
36036,11027,506602_bpc,506801_mpc,2.5,-1.25,3.75,-2.0,0.9153425776634184
22722,23977,505901_mpc,505801_mpc,29.0,30.0,-1.0,-13.0,0.8762982448725549
38784,26966,514702_bpc,514901_mpc,70.0,77.75,-7.75,-7.0,0.9589325776489596
32816,3855,504202_bpc,508302_bpc,11.5,7.75,3.75,13.0,0.8632336130264161
23414,25726,508802_bpc,509302_bpc,28.25,28.75,-0.5,-9.0,0.8903624037581696
23897,14069,505802_bpc,505502_bpc,43.75,48.0,-4.25,-13.0,0.8925090245401407
31049,23804,505203_mec,515002_bpc,30.25,32.5,-2.25,-8.0,0.6536362063151059
32466,38262,504402_bpc,504702_bpc,63.75,60.0,3.75,9.0,0.9874581197321478
31504,17798,502202_bpc,501602_bpc,54.0,49.0,5.0,-30.0,0.9209169723187933
8249,4363,503302_bpc,504002_bpc,35.0,35.0,0.0,14.0,0.7431245253967652
37159,8217,505802_bpc,505102_bpc,41.25,49.75,-8.5,-22.0,0.5904287461235085
17034,29893,503801_mpc,504001_mpc,21.75,21.5,0.25,36.0,0.9112442397564995
17391,5831,507402_bpc,507502_bpc,45.0,40.75,4.25,4.0,0.9483466966160088
20334,5973,513704_cec,512104_cec,23.75,8.0,15.75,30.0,0.9080415119505204
37222,12832,502005_hec,502004_cec,15.0,18.75,-3.75,-10.0,0.8367015678514683
30767,23765,513404_cec,511603_mec,22.75,10.0,12.75,61.0,0.8708485205208781
700,25896,503905_hec,504002_bpc,23.25,18.75,4.5,-3.0,0.8372218308735546
12745,36356,512401_mpc,513201_mpc,70.0,100.25,-30.25,-9.0,0.9288078930987138
14993,35829,513201_mpc,513403_mec,77.5,82.5,-5.0,-7.0,0.9451539229083847
57,5070,512902_bpc,512802_bpc,48.5,51.25,-2.75,17.557129,0.7729499042587211
31521,8236,514702_bpc,514602_bpc,34.0,37.5,-3.5,-1.0,0.8878126625076952
3853,8507,503904_cec,506904_cec,14.25,18.75,-4.5,1.0,0.9106292509959064
1730,12121,515001_mpc,506101_mpc,84.25,108.75,-24.5,2.0,0.9541815721445559
21634,11328,511401_mpc,511303_mec,37.5,30.0,7.5,-10.0,0.7358771124566401
13940,15271,504402_bpc,504904_cec,35.25,26.5,8.75,8.0,0.7289292579880222
18275,5977,514801_mpc,509501_mpc,87.75,101.25,-13.5,-21.0,0.9552758867550655
31952,18802,502004_cec,501904_cec,35.0,28.75,6.25,-16.0,0.7333164783104833
9809,23259,512402_bpc,513504_cec,7.0,5.0,2.0,-12.0,0.8921869460602921
4101,29869,511802_bpc,511604_cec,49.25,47.5,1.75,31.0,0.7250563373640247
330,21068,509402_bpc,508402_bpc,42.0,42.5,-0.5,0.0,0.8299154599013313
21994,8583,508402_bpc,508401_mpc,18.75,12.5,6.25,5.0,0.9331704484586044
5577,8823,508101_mpc,507601_mpc,50.0,70.0,-20.0,6.0,0.8777642356924176
12012,6008,503802_bpc,503202_bpc,36.25,39.0,-2.75,-5.0,0.9369178438488428
10816,4310,509202_bpc,509402_bpc,38.25,32.25,6.0,3.0,0.8482122856546699
7877,7271,504701_mpc,504402_bpc,30.5,25.0,5.5,-17.0,0.8133829544244322
12324,11610,508904_cec,503301_mpc,18.75,12.0,6.75,45.0,0.8749099712760164
36005,5448,508903_mec,506102_bpc,51.5,65.0,-13.5,2.0,0.8747115916898984
12172,5019,508801_mpc,508702_bpc,16.5,6.25,10.25,9.0,0.9469499181044203
11076,36611,503904_cec,504202_bpc,19.75,17.0,2.75,-2.0,0.8111226025732419
2282,8249,504002_bpc,503302_bpc,35.5,35.0,0.5,-19.0,0.7664623907540866
35339,10083,503905_hec,504002_bpc,20.0,20.75,-0.75,13.0,0.9138801223535287
6849,18793,511801_mpc,511701_mpc,48.75,54.5,-5.75,16.0,0.9607653397902389
15344,16304,502004_cec,501904_cec,17.0,17.5,-0.5,-10.0,0.971592107227552
4536,27741,509301_mpc,508402_bpc,48.75,59.75,-11.0,-9.0,0.7689878260583708
1946,33220,504202_bpc,503302_bpc,25.0,6.75,18.25,-8.0,0.8634477424385386
3646,12691,505203_mec,505401_mpc,9.75,23.75,-14.0,-14.0,0.9197124883621934
14650,38973,514202_bpc,514201_mpc,47.5,54.25,-6.75,-3.0,0.8219149412121138
33905,14817,502102_bpc,502005_hec,12.5,14.75,-2.25,0.0,0.9116944328643222
14708,16936,512901_mpc,512801_mpc,16.25,23.25,-7.0,17.0,0.9445927526679989
11920,22118,506502_bpc,507002_bpc,41.25,37.25,4.0,28.0,0.9263034827760476
29109,32202,511304_cec,512104_cec,18.75,15.0,3.75,14.0,0.8815155354916231
8518,6347,502005_hec,501801_mpc,34.75,36.75,-2.0,-9.0,0.7968174631981247
21408,12010,504702_bpc,504401_mpc,46.25,62.5,-16.25,-9.0,0.7259849188555892
30914,1830,511801_mpc,513404_cec,43.75,52.75,-9.0,11.0,0.7211588671670017
29580,14840,514001_mpc,513601_mpc,22.5,15.5,7.0,-2.0,0.9784805345977112
37079,21074,512104_cec,511604_cec,23.25,9.25,14.0,-16.0,0.8845577877780966
23675,1163,508401_mpc,508501_mpc,79.0,71.25,7.75,-13.0,0.9622348349705522
25032,7249,513602_bpc,514202_bpc,23.75,10.0,13.75,15.0,0.9294812875880578
29304,3418,508001_mpc,507501_mpc,73.75,52.5,21.25,-1.0,0.9313886655698475
30802,14240,502004_cec,502201_mpc,42.5,40.0,2.5,39.0,0.8489248695148147
26681,27670,514702_bpc,514901_mpc,32.75,33.0,-0.25,-3.0,0.8092346298467648
5495,13698,506601_mpc,506501_mpc,36.75,40.0,-3.25,-9.0,0.8049358036709697
28400,18384,507801_mpc,507701_mpc,34.25,24.0,10.25,10.0,0.8006310844131947
15599,2224,503601_mpc,504001_mpc,70.0,67.75,2.25,-2.0,0.9685739069259931
2972,30316,509402_bpc,508502_bpc,26.25,29.0,-2.75,-10.0,0.9467215205016701
21393,9540,514502_bpc,514501_mpc,37.5,38.75,-1.25,6.0,0.8305449327217366
330,3043,509402_bpc,509502_bpc,42.0,46.75,-4.75,4.0,0.8041776469389411
4972,8105,505902_bpc,505401_mpc,38.75,37.5,1.25,-14.0,0.8553745117243973
22510,5860,501904_cec,502004_cec,21.0,20.0,1.0,12.0,0.9270089920200956
3229,20208,508802_bpc,509302_bpc,40.25,42.25,-2.0,-13.0,0.9441982607751568
6280,20394,506101_mpc,506904_cec,50.0,91.25,-41.25,18.0,0.7973180919742999
15086,10133,503102_bpc,503602_bpc,55.5,49.5,6.0,20.0,0.8828070657021773
19117,26434,509401_mpc,505101_mpc,37.0,38.0,-1.0,-6.0,0.7519142353491803
18448,23713,503904_cec,508903_mec,26.5,19.0,7.5,-20.0,0.8902209242721936
5085,3327,508402_bpc,509402_bpc,47.5,72.0,-24.5,-3.0,0.7906471737504853
3492,35829,513202_bpc,513403_mec,66.5,82.5,-16.0,5.0,0.9166821221212589
19316,27896,512901_mpc,512902_bpc,35.25,40.75,-5.5,-1.0,0.7832489976065558
25151,31181,511401_mpc,513602_bpc,21.25,10.0,11.25,-6.0,0.8303785636260326
4652,6280,507402_bpc,506101_mpc,38.75,50.0,-11.25,0.0,0.5707523095403483
2529,6627,508903_mec,509001_mpc,26.75,22.5,4.25,3.0,0.8248144791366003
22740,22550,502701_mpc,502801_mpc,29.25,30.0,-0.75,-17.0,0.9905272255434349
38343,1963,514301_mpc,514502_bpc,38.75,32.5,6.25,4.0,0.617783322357882
18590,1946,504001_mpc,504202_bpc,20.0,25.0,-5.0,-11.0,0.852416230232995
13792,3969,507501_mpc,507401_mpc,81.25,64.5,16.75,-2.0,0.9559532560047715
34604,21280,514202_bpc,513903_mec,20.0,21.25,-1.25,4.0,0.9575162688629157
5400,16953,506302_bpc,506201_mpc,48.75,55.0,-6.25,10.0,0.901247149762678
16863,15873,501602_bpc,502202_bpc,42.25,41.25,1.0,8.0,0.9748548125780974
24967,22716,514002_bpc,513704_cec,8.75,5.0,3.75,6.557129,0.9645298833573599
16320,9172,507002_bpc,503002_bpc,13.75,7.5,6.25,46.0,0.9202593772848837
37958,22391,513602_bpc,514801_mpc,62.5,98.25,-35.75,3.0,0.8768687656887327
12320,6970,512602_bpc,512502_bpc,34.5,31.25,3.25,34.0,0.806148224645438
21250,3617,503101_mpc,502801_mpc,45.25,49.75,-4.5,9.0,0.9195135188599431
10312,1313,502202_bpc,501601_mpc,57.5,96.25,-38.75,-25.0,0.9243614037941766
8243,28985,515002_bpc,509502_bpc,28.25,27.75,0.5,-4.0,0.8493541612278049
20963,8892,507501_mpc,508201_mpc,22.5,23.75,-1.25,-2.0,0.981414176842278
4751,19103,502505_hec,502504_cec,15.25,27.5,-12.25,16.0,0.8513851741489551
19865,24853,508301_mpc,509401_mpc,60.5,63.75,-3.25,-1.0,0.9419092570563881
9074,25456,508402_bpc,509302_bpc,43.75,55.0,-11.25,0.0,0.806286669596395
5822,17931,505302_bpc,505702_bpc,35.5,41.5,-6.0,-4.0,0.5314370987981315
24549,24305,512802_bpc,512901_mpc,23.75,26.75,-3.0,-12.0,0.7534673992333684
10718,32477,514901_mpc,514902_bpc,31.75,33.0,-1.25,14.0,0.799649433193038
16543,12370,513202_bpc,513201_mpc,47.5,43.25,4.25,7.0,0.8415452324050828
10283,22768,507002_bpc,506802_bpc,40.25,41.25,-1.0,8.0,0.8579436994020884
5212,3587,504504_cec,508102_bpc,34.5,30.0,4.5,5.0,0.5882639099005871
5497,8415,508002_bpc,507602_bpc,38.75,36.25,2.5,0.0,0.9434737539703054
3903,20129,514801_mpc,514802_bpc,16.5,13.75,2.75,-19.0,0.970487562956867
26157,19118,514301_mpc,505501_mpc,77.5,95.0,-17.5,-16.0,0.9361987673763738
7198,26762,510101_mpc,512201_mpc,33.75,32.5,1.25,9.0,0.9140127654529528
24889,7481,508302_bpc,508802_bpc,62.5,81.25,-18.75,-5.0,0.9432615417718383
1965,23643,504402_bpc,504903_mec,35.0,41.5,-6.5,1.0,0.7604237118934776
5396,946,507904_cec,507502_bpc,55.0,52.75,2.25,-21.0,0.8812046697814402
5142,5329,505402_bpc,507904_cec,27.5,6.25,21.25,11.0,0.7875697112958051
27182,24787,512902_bpc,513103_mec,21.25,16.25,5.0,0.0,0.9084200157733183
13451,37998,506702_bpc,506502_bpc,32.5,37.5,-5.0,25.442871,0.8181017523428673
1512,6396,507702_bpc,507802_bpc,25.0,26.75,-1.75,-49.0,0.9438813333839575
27858,2474,501904_cec,502702_bpc,24.0,24.5,-0.5,-28.0,0.841035611065457
2077,3585,514302_bpc,514402_bpc,25.0,1.0,24.0,23.0,0.8797637173401903
16959,31987,508502_bpc,509202_bpc,45.75,44.75,1.0,-13.0,0.9557579774491844
36140,16996,509002_bpc,509502_bpc,28.75,28.0,0.75,5.0,0.9443500351284668
14912,12554,502504_cec,503001_mpc,45.0,57.5,-12.5,-2.0,0.7992634323301676
16321,16958,513103_mec,512801_mpc,32.5,32.5,0.0,13.0,0.7507794558374412
25896,11249,504002_bpc,503905_hec,18.75,17.75,1.0,47.0,0.8669516636314509
3891,316,514601_mpc,514901_mpc,36.75,38.75,-2.0,-3.0,0.9498625812307651
14779,27610,512402_bpc,512201_mpc,27.25,18.75,8.5,-19.0,0.9000813287623297
4279,3379,507401_mpc,508101_mpc,15.0,18.75,-3.75,13.0,0.9954773663816292
31139,14894,509202_bpc,509104_cec,15.25,12.0,3.25,-0.5571289,0.9614960497122497
2642,4532,507502_bpc,508002_bpc,35.5,36.75,-1.25,13.0,0.9681395746888161
4993,39196,505602_bpc,505802_bpc,56.25,51.25,5.0,6.0,0.952881432895997
484,9159,508302_bpc,508501_mpc,43.75,56.25,-12.5,9.0,0.7714566994982447
17527,16109,507202_bpc,506502_bpc,38.75,48.0,-9.25,1.0,0.6752053624369263
30869,23338,513601_mpc,511801_mpc,40.0,55.0,-15.0,25.0,0.5335087912189647
4245,6801,502702_bpc,503002_bpc,43.75,56.25,-12.5,11.0,0.8001637154457676
20012,32050,507002_bpc,502202_bpc,18.0,15.0,3.0,11.0,0.8820122906573794
34630,4525,504201_mpc,503101_mpc,53.75,45.25,8.5,8.0,0.8831115645806404
10280,25215,501903_mec,502005_hec,17.0,16.0,1.0,-17.0,0.9595992959811611
6765,13457,502102_bpc,502202_bpc,46.25,52.25,-6.0,-7.0,0.8843334741443545
25424,13952,514301_mpc,503201_mpc,65.0,95.0,-30.0,-5.0,0.8936235997408002
13514,2077,514401_mpc,514302_bpc,26.25,25.0,1.25,0.0,0.8522737829586409
18949,38973,514001_mpc,514201_mpc,42.5,54.25,-11.75,-28.0,0.7952809328547872
11664,23651,507001_mpc,502101_mpc,16.25,20.0,-3.75,6.0,0.8916418804945689
8874,14697,502004_cec,501502_bpc,35.0,30.0,5.0,-29.0,0.8541738239664962
20667,20394,502504_cec,506904_cec,58.75,91.25,-32.5,14.0,0.8476799698120329
19176,18153,508904_cec,509502_bpc,26.25,11.25,15.0,-7.0,0.8144418291715655
33568,22391,511701_mpc,514801_mpc,60.75,98.25,-37.5,-4.0,0.8755798105106191
7414,7820,501802_bpc,501502_bpc,25.75,17.5,8.25,-4.0,0.9212857257427025
1270,32617,505902_bpc,505802_bpc,39.25,41.5,-2.25,0.0,0.8301579875780353
28274,25959,506202_bpc,506201_mpc,64.0,77.5,-13.5,7.0,0.9596283170592614
13792,1423,507501_mpc,507502_bpc,81.25,75.5,5.75,-2.0,0.9633121701186523
5206,22542,505302_bpc,506502_bpc,64.0,67.5,-3.5,0.0,0.9092506218400785
19482,19109,501601_mpc,501801_mpc,59.75,51.25,8.5,-7.0,0.9416808603895495
20148,2174,513503_mec,511802_bpc,39.25,28.75,10.5,15.0,0.6444121785060095
9143,19607,501802_bpc,501502_bpc,41.25,38.75,2.5,6.0,0.8776182355388322
4910,4660,508202_bpc,508002_bpc,40.25,37.75,2.5,-9.0,0.7683117429033904
3912,16306,515001_mpc,515002_bpc,13.75,12.5,1.25,2.0,0.901848705386399
14494,11673,502004_cec,502101_mpc,34.0,29.0,5.0,-2.0,0.8143215538619687
38572,35519,508802_bpc,515002_bpc,58.75,57.0,1.75,5.0,0.9814967618443712
11388,10457,512702_bpc,512701_mpc,61.25,64.5,-3.25,5.0,0.9295824518921892
10884,35833,511802_bpc,513503_mec,16.5,8.75,7.75,26.0,0.8708785967518685
6344,12134,504503_mec,504701_mpc,25.0,26.0,-1.0,-32.0,0.9277607226247002
13414,4966,508401_mpc,508801_mpc,47.5,57.5,-10.0,-2.0,0.8421221310546866
409,13016,515002_bpc,508302_bpc,32.75,36.0,-3.25,-3.0,0.832903312008934
7758,6621,506802_bpc,506404_cec,28.75,20.0,8.75,7.0,0.7269358136669016
37237,14012,514202_bpc,513503_mec,26.25,14.0,12.25,28.0,0.8952240644979541
34949,14282,505401_mpc,508501_mpc,15.0,3.75,11.25,37.0,0.8624006338752417
23033,20498,514002_bpc,514201_mpc,42.75,70.75,-28.0,-17.0,0.592745439889609
14383,14999,509302_bpc,508502_bpc,59.25,57.5,1.75,9.0,0.9884359910047588
14002,8502,508903_mec,515002_bpc,52.25,47.0,5.25,3.0,0.8584427201195722
5720,16567,503302_bpc,503905_hec,3.75,12.75,-9.0,-20.0,0.9257697212572993
15476,17785,508401_mpc,508302_bpc,66.25,75.25,-9.0,0.0,0.9191321819685127
14714,3100,506802_bpc,507302_bpc,40.0,40.25,-0.25,4.0,0.8032825176970181
3043,14230,509502_bpc,509202_bpc,46.75,51.0,-4.25,10.0,0.841502092746035
2318,5205,505802_bpc,505301_mpc,6.25,15.0,-8.75,14.0,0.9277202453250862
2265,6849,511701_mpc,511801_mpc,41.25,48.75,-7.5,8.0,0.8213915225044174
3960,21735,506904_cec,506903_mec,7.5,10.25,-2.75,36.0,0.9661783208948593
6212,18618,503905_hec,503101_mpc,22.75,17.5,5.25,-3.0,0.8429426111890979
18316,12038,509001_mpc,505101_mpc,27.5,30.0,-2.5,-19.0,0.8617824969415849
8337,26995,505502_bpc,505702_bpc,19.75,26.25,-6.5,-2.0,0.9362128464076149
15550,2268,514301_mpc,514501_mpc,10.0,18.75,-8.75,27.0,0.9635531726122002
25197,26995,505204_cec,505702_bpc,28.0,26.25,1.75,35.0,0.8630657477268068
29348,4210,502802_bpc,502504_cec,35.0,27.5,7.5,-1.0,0.8075667719375021
33186,16739,514901_mpc,514801_mpc,44.75,50.0,-5.25,19.0,0.8775295738726008
2317,15404,506301_mpc,506101_mpc,30.0,8.75,21.25,-4.0,0.7743571653524143
17101,6702,506903_mec,506702_bpc,13.25,16.25,-3.0,6.442871,0.942939895226405
7199,35509,510101_mpc,514901_mpc,51.25,50.5,0.75,10.0,0.9189954017357302
33060,2753,505802_bpc,505602_bpc,63.75,53.0,10.75,8.0,0.9269613982623524
33274,18998,509201_mpc,508301_mpc,65.5,69.75,-4.25,4.0,0.9883944521207171
4961,8583,509301_mpc,508401_mpc,16.75,12.5,4.25,22.0,0.8794609024033491
21394,1690,507202_bpc,506404_cec,19.0,4.0,15.0,-7.0,0.9244458219650518
12912,4199,508002_bpc,507702_bpc,24.75,21.25,3.5,30.0,0.9361543529852291
18165,21715,502202_bpc,506701_mpc,31.25,26.75,4.5,-6.0,0.7021439980054498
6825,28451,501903_mec,502005_hec,27.5,18.75,8.75,19.0,0.9064050175911255
11892,10615,514902_bpc,514701_mpc,30.0,31.5,-1.5,5.0,0.8614656980902259
10223,8422,508002_bpc,508102_bpc,36.25,29.25,7.0,-1.0,0.8773173826298145
34425,32551,503905_hec,503302_bpc,22.5,28.75,-6.25,35.0,0.9039672501874836
2030,3135,505801_mpc,505601_mpc,81.25,80.25,1.0,2.0,0.9878433032428052
37062,14425,507202_bpc,506502_bpc,48.75,73.5,-24.75,7.0,0.8355607463454835
19970,600,512602_bpc,512601_mpc,35.0,35.0,0.0,-8.0,0.8870764807483258
26681,10229,514702_bpc,514602_bpc,32.75,26.25,6.5,-30.0,0.8110621906090941
31260,30530,503101_mpc,503301_mpc,67.25,62.5,4.75,8.0,0.9363913151096127
32209,8674,514601_mpc,514802_bpc,21.75,17.5,4.25,33.0,0.9184668063102983
35726,17407,505701_mpc,505301_mpc,43.75,45.75,-2.0,-33.0,0.9579332709227499
32680,2219,506903_mec,506701_mpc,40.0,50.0,-10.0,26.0,0.4733422168875041
12374,21031,514702_bpc,514701_mpc,30.0,31.75,-1.75,-37.0,0.8187750216032548
3042,12742,502801_mpc,502701_mpc,61.25,50.0,11.25,3.0,0.8968067688818053
14646,13641,511202_bpc,513602_bpc,30.0,16.25,13.75,15.0,0.7489410552969258
6994,1462,511702_bpc,511701_mpc,33.75,27.5,6.25,-6.0,0.7884631967812232
6365,18993,505102_bpc,502701_mpc,32.5,15.25,17.25,2.0,0.6458969157774269
5274,12946,509402_bpc,508302_bpc,36.75,31.75,5.0,-1.0,0.7882993326579706
5144,5766,507701_mpc,507602_bpc,24.0,26.0,-2.0,-6.0,0.9468239534273224
1565,20395,505302_bpc,505602_bpc,24.5,26.25,-1.75,-3.0,0.9246585585106737
4554,32419,506002_bpc,505203_mec,24.0,28.0,-4.0,-1.0,0.9080787721383278
18824,21891,512802_bpc,511801_mpc,56.25,87.25,-31.0,-11.0,0.8238950162879126
33484,12597,509301_mpc,515001_mpc,41.25,52.75,-11.5,-15.0,0.7045274922276137
16028,6833,511901_mpc,513704_cec,20.0,20.25,-0.25,28.0,0.9615747137106152
16422,4124,502701_mpc,502504_cec,44.0,37.5,6.5,-13.0,0.621801887416534
21101,33459,513503_mec,513904_cec,26.5,16.25,10.25,-14.0,0.8241628703416249
39031,4775,506101_mpc,506201_mpc,57.25,55.75,1.5,3.0,0.925773276112937
19225,27797,507904_cec,508202_bpc,53.75,50.0,3.75,-7.0,0.905303374069477
14313,9526,514702_bpc,513704_cec,28.75,20.0,8.75,7.0,0.8705724032210922
38315,2125,512104_cec,513504_cec,10.0,7.5,2.5,18.0,0.9340273394892203
1834,38581,505602_bpc,505502_bpc,34.25,34.25,0.0,6.0,0.8147103528118536
249,29056,504904_cec,504504_cec,22.25,26.5,-4.25,14.0,0.9508537397820609
17599,38779,503601_mpc,503602_bpc,40.0,44.5,-4.5,-3.0,0.7615964951255315
10459,873,512502_bpc,512702_bpc,22.0,16.75,5.25,25.0,0.9813666294918237
3095,351,508501_mpc,509202_bpc,36.75,35.0,1.75,-3.0,0.4649725244931504
11122,17334,506801_mpc,506903_mec,24.0,11.5,12.5,-13.0,0.9043168416208439
4142,4174,504903_mec,504503_mec,27.5,13.25,14.25,13.0,0.895098315507425
30751,21964,506202_bpc,506102_bpc,66.5,87.5,-21.0,-13.0,0.9673617887102587
38081,33075,507302_bpc,506801_mpc,32.75,28.75,4.0,29.0,0.8120727425435875
12174,23897,505502_bpc,505802_bpc,41.25,43.75,-2.5,14.0,0.8225184183664321
7121,7452,502802_bpc,503002_bpc,36.25,42.75,-6.5,-10.0,0.8202150511785571
2073,4155,507802_bpc,507402_bpc,30.75,23.75,7.0,3.0,0.8564303277694243
38046,3158,506201_mpc,508903_mec,71.25,78.75,-7.5,4.0,0.9660848112347798
15240,13384,514801_mpc,514301_mpc,61.25,97.75,-36.5,15.0,0.8928910659602343
25233,15130,507302_bpc,506502_bpc,47.5,49.5,-2.0,3.0,0.8162195618084763
18405,11610,502101_mpc,503301_mpc,25.5,12.0,13.5,25.0,0.7759179540123419
3182,6227,501904_cec,502005_hec,35.25,38.25,-3.0,-8.557129,0.7693309635347608
36005,25595,508903_mec,506302_bpc,51.5,62.25,-10.75,-3.0,0.8661128770989441
13451,38081,506702_bpc,507302_bpc,32.5,32.75,-0.25,9.0,0.7957367422108557
32794,16981,511202_bpc,511402_bpc,66.25,57.75,8.5,-8.0,0.972235965968904
11184,8044,514002_bpc,513903_mec,25.25,15.0,10.25,-4.442871,0.9105028292420397
17520,31935,505901_mpc,505502_bpc,36.25,26.75,9.5,2.0,0.6788022702300719
36964,14169,507302_bpc,507202_bpc,55.0,45.0,10.0,-3.0,0.8838096911893376
8652,14358,509105_hec,509104_cec,17.5,17.5,0.0,27.0,0.9110747613273468
37767,14536,508702_bpc,509402_bpc,35.0,34.0,1.0,9.0,0.9383321387580006
13384,19118,514301_mpc,505501_mpc,97.75,95.0,2.75,-11.0,0.958483819608861
36978,3983,514902_bpc,514701_mpc,65.75,62.5,3.25,3.0,0.9219097960719134
14638,13894,505502_bpc,505102_bpc,45.75,45.25,0.5,4.0,0.9297685207967005
6334,22829,506801_mpc,507301_mpc,33.75,31.25,2.5,27.0,0.6165508557466933
14271,14017,509105_hec,509104_cec,23.0,15.25,7.75,-9.442871,0.847246052086291
8601,5084,508202_bpc,507904_cec,23.75,19.25,4.5,15.0,0.9114449930639159
28669,13670,505102_bpc,505902_bpc,33.75,38.75,-5.0,-18.0,0.8883274935702643
21169,10182,514602_bpc,513404_cec,27.75,18.0,9.75,-9.0,0.8920275869181488
30110,25653,513503_mec,511801_mpc,29.0,33.25,-4.25,0.0,0.8911859630951149
27753,2105,508701_mpc,509301_mpc,65.5,91.5,-26.0,-2.0,0.935162860694583
15434,20788,503001_mpc,506404_cec,24.5,15.0,9.5,-10.0,0.8521632179842868
3845,2330,504504_cec,504903_mec,30.0,23.0,7.0,12.0,0.7346155185496086
33466,24592,501502_bpc,501802_bpc,27.75,20.5,7.25,-13.0,0.8955909514495988
4291,39186,511702_bpc,512104_cec,45.25,55.0,-9.75,-39.0,0.6598044961888913
39140,4980,507801_mpc,507401_mpc,61.25,60.25,1.0,-1.0,0.9649651174470963
6218,21415,505402_bpc,505702_bpc,48.75,46.25,2.5,13.0,0.9029054342865137
36528,24886,511902_bpc,510102_bpc,40.25,35.75,4.5,28.0,0.8817333484979364
22378,11610,504001_mpc,503301_mpc,33.75,12.0,21.75,27.0,0.6235417246643904
17202,4320,503101_mpc,504002_bpc,16.25,25.5,-9.25,4.0,0.9043015595635788
28889,33591,513903_mec,513201_mpc,47.5,61.25,-13.75,24.0,0.8445301770753066
13957,12239,505801_mpc,505101_mpc,50.0,52.5,-2.5,2.0,0.920391681862877
37082,12144,513403_mec,511201_mpc,77.25,65.25,12.0,4.0,0.9447708627943556
21225,28661,514701_mpc,514801_mpc,35.5,31.75,3.75,7.0,0.8363232507777809
33484,23477,509301_mpc,508801_mpc,41.25,36.75,4.5,2.0,0.7193772026213096
30847,25379,511701_mpc,511304_cec,28.75,21.25,7.5,-48.0,0.8146348174184048
30914,37888,511801_mpc,513404_cec,43.75,44.25,-0.5,19.0,0.6929195811121561
10790,16341,509502_bpc,509302_bpc,31.25,30.0,1.25,13.0,0.8931676858216251
32116,34483,506802_bpc,501601_mpc,62.0,101.25,-39.25,1.0,0.8723871186425477
2111,8344,508001_mpc,508002_bpc,36.25,32.5,3.75,24.0,0.8283102547122421
12010,8329,504401_mpc,504701_mpc,62.5,72.5,-10.0,-3.0,0.9307859121253279
24632,26966,514801_mpc,514901_mpc,55.25,77.75,-22.5,-14.0,0.9416389924657899
29039,21994,508903_mec,508402_bpc,26.25,18.75,7.5,8.0,0.9002784126272885
1500,33708,503601_mpc,504202_bpc,53.75,47.5,6.25,0.0,0.8185143443320936
28529,8350,511402_bpc,511201_mpc,51.25,69.75,-18.5,-54.0,0.90606160918278
968,1341,514801_mpc,514902_bpc,10.0,3.75,6.25,9.0,0.86918731355437
21291,12846,505501_mpc,505801_mpc,81.25,68.0,13.25,8.0,0.9856130157705548
11631,27121,505101_mpc,505401_mpc,60.0,86.25,-26.25,-9.0,0.9365602779314848
28830,16360,509501_mpc,508903_mec,11.5,15.5,-4.0,8.442871,0.9016739980353549
12416,8343,501602_bpc,502102_bpc,42.5,41.25,1.25,4.0,0.8698687376221659
14760,4277,506202_bpc,506102_bpc,64.0,61.5,2.5,-6.0,0.9416699594340108
32497,30902,510101_mpc,512201_mpc,65.25,52.75,12.5,9.442871,0.9206659559824516
20234,38522,513704_cec,513602_bpc,33.75,39.25,-5.5,10.0,0.64990329840241
111,23259,511202_bpc,513504_cec,4.25,5.0,-0.75,14.0,0.9313640122920429
8965,39369,505702_bpc,505302_bpc,41.25,41.75,-0.5,8.0,0.6080309525837375
24261,4727,515001_mpc,509301_mpc,39.25,37.75,1.5,0.0,0.7810637800687567
34604,22712,514202_bpc,513601_mpc,20.0,8.5,11.5,20.0,0.9557245236114726
8274,4831,505902_bpc,505602_bpc,57.5,64.75,-7.25,2.0,0.9598286159198941
18801,15920,509401_mpc,509105_hec,16.25,16.0,0.25,2.0,0.9136825684125528
10125,3190,507602_bpc,507702_bpc,17.5,12.25,5.25,1.0,0.909601235102541
21821,6443,506702_bpc,507302_bpc,31.25,33.75,-2.5,-2.0,0.8926639788702987
18285,13013,504903_mec,504503_mec,23.75,23.75,0.0,10.0,0.940290477333638
14195,18675,511402_bpc,511401_mpc,51.25,57.0,-5.75,3.0,0.8945838143859242
37546,9020,513403_mec,513202_bpc,40.25,37.5,2.75,-15.0,0.5939873937647269
38,3646,505204_cec,505203_mec,17.5,9.75,7.75,-14.0,0.887202181492347
298,34011,515001_mpc,508801_mpc,44.75,52.5,-7.75,-8.0,0.8203003402357142
26349,3227,507801_mpc,507602_bpc,26.5,22.0,4.5,11.0,0.885050382394895
5822,9554,505302_bpc,505301_mpc,35.5,38.75,-3.25,10.0,0.7110862825623298
8624,13359,504201_mpc,508401_mpc,50.0,47.5,2.5,-4.0,0.8763331837265479
13963,14713,504904_cec,504503_mec,15.75,11.5,4.25,33.0,0.9649300594016291
20568,7556,510101_mpc,511604_cec,26.25,25.0,1.25,-26.0,0.8278029790363036
35726,12839,505701_mpc,505301_mpc,43.75,44.25,-0.5,-24.0,0.8829645054055063
22489,35329,513903_mec,513904_cec,10.0,16.25,-6.25,34.0,0.9408710332131873
31920,23702,505204_cec,509501_mpc,25.0,9.25,15.75,45.0,0.8977339889590705
23137,17724,501801_mpc,502201_mpc,25.0,10.0,15.0,2.0,0.8831615731868753
23314,2802,505802_bpc,505301_mpc,38.5,36.0,2.5,14.0,0.7625412808609043
19350,34483,514001_mpc,501601_mpc,61.25,101.25,-40.0,4.0,0.8729423883267089
37865,15158,502102_bpc,502202_bpc,66.5,69.5,-3.0,-4.0,0.9499126756763054
2293,14303,507502_bpc,507701_mpc,13.5,12.0,1.5,-8.0,0.9552975630662456
32529,19973,506502_bpc,506501_mpc,61.0,76.75,-15.75,-2.0,0.8993951915525018
14646,10785,511202_bpc,511303_mec,30.0,18.75,11.25,7.0,0.7645854540603834
12860,27848,512901_mpc,514601_mpc,82.5,91.75,-9.25,6.0,0.9463039869522084
32158,32126,513602_bpc,514202_bpc,36.25,36.0,0.25,8.0,0.8265965980337617
8952,16684,507701_mpc,507601_mpc,24.75,23.75,1.0,6.0,0.8982829212215458
30488,8044,513602_bpc,513903_mec,33.75,15.0,18.75,10.0,0.656373513190774
9055,4919,503202_bpc,503802_bpc,57.5,52.25,5.25,-7.0,0.8704022888461624
12932,38975,506501_mpc,507001_mpc,23.75,26.25,-2.5,31.0,0.8095010253617992
21820,35738,511201_mpc,511401_mpc,60.0,82.25,-22.25,-8.0,0.9479077692591478
21477,1998,502102_bpc,501502_bpc,45.0,45.25,-0.25,-24.442871,0.8644103117939823
6950,1313,503202_bpc,501601_mpc,75.5,96.25,-20.75,1.0,0.9268991656527357
2340,12856,508701_mpc,509201_mpc,47.0,44.0,3.0,28.0,0.8976293818268909
23591,3499,505901_mpc,505902_bpc,36.5,32.0,4.5,20.0,0.7847141548948228
30991,18644,509201_mpc,508401_mpc,37.75,45.5,-7.75,-23.0,0.8092717474911374
15286,22394,503301_mpc,503101_mpc,58.75,65.25,-6.5,-20.0,0.9412092695899872
13106,2539,507802_bpc,507502_bpc,61.5,61.25,0.25,16.0,0.9076974613182625
1890,27162,502702_bpc,502505_hec,31.25,22.5,8.75,-8.0,0.8637352118460031
11058,16086,501802_bpc,502102_bpc,50.25,62.25,-12.0,9.0,0.9449839592445437
9890,11513,511901_mpc,512402_bpc,10.25,8.75,1.5,-13.0,0.913274441225966
19820,2638,508502_bpc,508702_bpc,30.0,31.5,-1.5,-16.0,0.8994033817981311
30806,34321,512902_bpc,512702_bpc,27.5,26.75,0.75,-9.0,0.7847347216356649
22101,2563,504701_mpc,504402_bpc,65.0,73.75,-8.75,-4.0,0.9756192262722714
10884,3616,511802_bpc,511702_bpc,16.5,20.0,-3.5,4.0,0.9674688110384865
667,3292,506002_bpc,506001_mpc,25.0,20.0,5.0,-2.0,0.9284432511789643
15421,19792,514301_mpc,514302_bpc,30.0,27.75,2.25,3.0,0.9271218727830068
30464,11360,508302_bpc,508402_bpc,58.75,87.75,-29.0,-13.0,0.9084257700541479
32558,12121,502701_mpc,506101_mpc,62.5,108.75,-46.25,-9.0,0.9221531786796695
31082,29422,511604_cec,513704_cec,26.5,17.5,9.0,4.0,0.8868552715557859
4101,31143,511802_bpc,513104_cec,49.25,60.5,-11.25,22.0,0.8844087206484451
4522,5481,505101_mpc,505102_bpc,21.75,17.0,4.75,3.0,0.9392960086095782
16143,1320,511902_bpc,510101_mpc,34.25,32.25,2.0,11.0,0.8843723620761509
5804,10552,502101_mpc,501801_mpc,81.0,85.5,-4.5,5.0,0.995735595515265
3512,4265,508201_mpc,507701_mpc,46.25,42.5,3.75,-12.0,0.8595302564792107
3431,12981,506102_bpc,506202_bpc,49.75,44.0,5.75,-2.0,0.930076073183324
27561,17519,503904_cec,502004_cec,25.0,22.5,2.5,-11.0,0.7058661497209717
29758,39426,513504_cec,511604_cec,6.25,12.5,-6.25,-7.0,0.9155036481102519
20473,16185,502702_bpc,502801_mpc,24.0,5.75,18.25,30.0,0.8408016425966114
32240,4000,503801_mpc,503601_mpc,28.75,19.25,9.5,7.0,0.7912202263867072
10622,6284,505204_cec,505902_bpc,40.0,39.25,0.75,12.0,0.8545479408833146
13118,10312,502201_mpc,502202_bpc,70.0,57.5,12.5,27.0,0.9436536132246277
14356,12508,514901_mpc,514602_bpc,75.75,88.0,-12.25,16.0,0.9525012142960686
16156,25959,506301_mpc,506201_mpc,61.25,77.5,-16.25,1.0,0.9827240402313614
4112,5308,502702_bpc,502504_cec,31.25,23.75,7.5,21.0,0.8338856751046537
15180,1899,504001_mpc,509104_cec,4.5,18.75,-14.25,-34.0,0.9062054938000665
23259,14653,513504_cec,513403_mec,5.0,4.0,1.0,34.0,0.9072839703385721
12289,14174,501903_mec,501602_bpc,30.25,22.25,8.0,28.0,0.8597171474617037
14649,16675,506404_cec,508904_cec,21.25,25.0,-3.75,25.0,0.8716933253068077
13311,33717,501903_mec,501801_mpc,35.25,40.0,-4.75,-18.0,0.814043023017252
11184,7249,514002_bpc,514202_bpc,25.25,10.0,15.25,-8.442871,0.9079997157621066
6576,7089,508502_bpc,508302_bpc,28.75,34.0,-5.25,5.0,0.904945674823606
12447,32240,503101_mpc,503801_mpc,26.5,28.75,-2.25,-25.0,0.7990241025394091
14018,8507,506404_cec,506904_cec,5.0,18.75,-13.75,-7.442871,0.9251951789757745
6989,16886,501602_bpc,501904_cec,20.0,26.25,-6.25,-5.0,0.9076214197201623
34168,12815,511201_mpc,511402_bpc,45.0,50.0,-5.0,-1.0,0.8097723784090936
16591,28096,511702_bpc,513103_mec,35.0,31.75,3.25,-23.0,0.6183430643943256
4656,1209,504201_mpc,503601_mpc,32.5,23.25,9.25,-27.0,0.751021217095925
4751,3169,502505_hec,502702_bpc,15.25,24.0,-8.75,-5.0,0.8924260624076584
14095,2603,502005_hec,502202_bpc,29.75,26.25,3.5,11.0,0.8801053637502491
3687,34921,514602_bpc,514801_mpc,27.5,30.25,-2.75,19.0,0.9141514537012123
18905,35329,513601_mpc,513904_cec,21.0,16.25,4.75,25.0,0.9339069941770307
17798,19566,501602_bpc,502202_bpc,49.0,54.0,-5.0,21.0,0.8582883508698516
15086,23622,503102_bpc,503202_bpc,55.5,69.5,-14.0,-2.0,0.8837050111755879
9074,3883,508402_bpc,509402_bpc,43.75,50.0,-6.25,-9.0,0.8784205552280947
14824,25864,506702_bpc,507302_bpc,39.5,35.0,4.5,1.0,0.8022295036302876
31488,390,505101_mpc,505602_bpc,33.75,35.25,-1.5,20.0,0.8481261507285598
19225,946,507904_cec,507502_bpc,53.75,52.75,1.0,-29.0,0.9167165983456802
5459,31761,506002_bpc,506302_bpc,15.25,3.75,11.5,-26.0,0.939532436772961
27261,10556,513404_cec,511604_cec,-2.5,3.75,-6.25,-1.0,0.9461802176001297
28165,19691,502201_mpc,502101_mpc,54.0,48.25,5.75,19.0,0.9315896141516258
1834,3480,505602_bpc,505702_bpc,34.25,35.0,-0.75,7.0,0.8683694082524659
30164,21832,504702_bpc,504401_mpc,39.0,44.0,-5.0,-4.0,0.8134786455954448
28985,11233,509502_bpc,508702_bpc,27.75,17.5,10.25,-16.0,0.8951819955542286
2330,10933,504903_mec,504504_cec,23.0,9.5,13.5,15.0,0.882254734220408
18355,8769,511603_mec,511401_mpc,32.5,36.75,-4.25,12.0,0.8450813081390265
3127,20993,507601_mpc,507501_mpc,18.75,23.5,-4.75,23.0,0.9522186156357988
17844,22369,512201_mpc,514902_bpc,38.5,47.25,-8.75,-5.0,0.47482297029490234
6610,25977,506201_mpc,505102_bpc,23.75,7.5,16.25,-9.0,0.7330606651111465
17402,14095,501601_mpc,502005_hec,26.75,29.75,-3.0,7.0,0.8427039305045573
27011,5851,508904_cec,508401_mpc,15.25,10.0,5.25,-10.0,0.9103350156573582
1052,12802,511401_mpc,511201_mpc,21.25,26.25,-5.0,32.0,0.8742874276644397
18316,21994,509001_mpc,508402_bpc,27.5,18.75,8.75,11.0,0.8494596496527403
21964,5141,506102_bpc,506201_mpc,87.5,77.0,10.5,8.0,0.961770331674145
20856,4417,509502_bpc,509402_bpc,73.75,71.75,2.0,-2.0,0.9598593689706423
21123,34960,513504_cec,511801_mpc,32.75,34.5,-1.75,12.0,0.6139922743827093
7549,10403,505502_bpc,506001_mpc,13.75,16.75,-3.0,-9.0,0.9186388834662059
36792,13228,506101_mpc,505301_mpc,92.5,94.0,-1.5,15.0,0.9551756759144483
36528,37695,511902_bpc,512402_bpc,40.25,33.75,6.5,18.0,0.6868739307102012
20357,17059,505204_cec,506903_mec,32.75,22.5,10.25,9.0,0.748573226481901
17079,24246,505301_mpc,505601_mpc,86.25,71.5,14.75,7.0,0.9704822947067907
23983,14358,508501_mpc,509104_cec,22.5,17.5,5.0,21.0,0.9214524336630773
18775,30619,511603_mec,511202_bpc,23.75,28.75,-5.0,-15.0,0.8000238513536633
21406,37905,514602_bpc,514702_bpc,16.5,13.75,2.75,58.0,0.9071119959609559
24956,8800,506001_mpc,505802_bpc,20.0,15.5,4.5,-8.0,0.9051315878455749
33051,5851,508903_mec,508401_mpc,18.75,10.0,8.75,-31.0,0.8507483680826112
14743,5703,508201_mpc,507501_mpc,18.75,5.0,13.75,17.0,0.9703275238958995
21409,13545,514202_bpc,512901_mpc,65.0,102.5,-37.5,6.0,0.9052383320099157
20131,10291,514201_mpc,513503_mec,48.75,50.75,-2.0,16.0,0.8883392971070604
11565,4412,507702_bpc,508201_mpc,12.75,18.75,-6.0,14.0,0.942153063195112
3957,12010,504402_bpc,504401_mpc,52.5,62.5,-10.0,2.0,0.8882486732815096
23259,22548,513504_cec,512104_cec,5.0,8.75,-3.75,19.0,0.9331025963618326
20667,15202,502504_cec,503002_bpc,58.75,57.5,1.25,11.0,0.9419106595647386
14494,23470,502004_cec,502102_bpc,34.0,32.25,1.75,-7.0,0.8515891525387138
11236,5212,504702_bpc,504504_cec,35.0,34.5,0.5,-18.0,0.6714858083237618
4056,7353,503201_mpc,503202_bpc,66.25,61.25,5.0,4.0,0.9467166045620301
26473,22118,507302_bpc,507002_bpc,41.25,37.25,4.0,10.0,0.8293097052362309
19068,25977,506404_cec,505102_bpc,17.75,7.5,10.25,-2.0,0.8897517126596828
14001,3839,509202_bpc,508502_bpc,28.5,29.0,-0.5,-5.0,0.9759935781378422
31493,7198,511901_mpc,510101_mpc,37.5,33.75,3.75,-36.0,0.8597291704293142
24954,14316,502505_hec,502005_hec,11.25,5.75,5.5,7.0,0.9211512887226151
5400,28274,506302_bpc,506202_bpc,48.75,64.0,-15.25,3.0,0.9209356033550905
7841,35238,503602_bpc,504002_bpc,37.0,41.25,-4.25,-36.0,0.7720442637377527
37899,14683,505501_mpc,504503_mec,4.25,4.0,0.25,0.0,0.895859927602661
12136,7478,505101_mpc,505502_bpc,30.25,27.0,3.25,-2.0,0.8604906587086097
25879,8276,502201_mpc,501602_bpc,63.0,70.25,-7.25,0.0,0.975234359894508
24600,14363,507401_mpc,503302_bpc,38.75,37.75,1.0,30.0,0.7578427695292725
22299,1044,513403_mec,513201_mpc,40.5,42.5,-2.0,-21.0,0.8732647172736774
19846,11789,507202_bpc,507002_bpc,25.0,25.0,0.0,17.0,0.9231806585007144
33466,25632,501502_bpc,502004_cec,27.75,32.25,-4.5,-9.0,0.8943152238845768
8965,18144,505702_bpc,505902_bpc,41.25,39.75,1.5,2.0,0.6604079939517921
5403,34804,505203_mec,505101_mpc,26.25,27.5,-1.25,-7.0,0.7775548846251533
10423,9428,505501_mpc,505204_cec,30.0,27.5,2.5,12.0,0.7485870128491172
22766,18644,509401_mpc,508401_mpc,38.75,45.5,-6.75,-14.0,0.7764573161012855
13742,1112,509202_bpc,509105_hec,22.5,22.75,-0.25,20.0,0.8975104918775367
4527,3445,508301_mpc,508702_bpc,45.25,51.25,-6.0,-5.0,0.8889258186533239
15421,5849,514301_mpc,514302_bpc,30.0,23.25,6.75,-8.0,0.8961681596444154
17821,19846,506802_bpc,507202_bpc,14.25,25.0,-10.75,-9.0,0.9412884107249724
3991,5660,507302_bpc,507002_bpc,26.5,25.5,1.0,-6.0,0.904821868685489
19368,20991,508401_mpc,509104_cec,28.75,23.25,5.5,-8.0,0.8301273610354643
15404,29474,506101_mpc,510101_mpc,8.75,-2.5,11.25,12.0,0.8771362095503298
9668,23246,505101_mpc,505102_bpc,21.25,25.25,-4.0,0.0,0.9275602445323794
16835,4081,507802_bpc,507602_bpc,28.5,29.5,-1.0,10.0,0.9772317711618346
25260,16237,513403_mec,508801_mpc,25.0,23.75,1.25,-37.0,0.8841610051119961
9055,23457,503202_bpc,503802_bpc,57.5,64.75,-7.25,-4.0,0.9223272963709593
10521,4703,505901_mpc,505801_mpc,45.0,40.5,4.5,-8.0,0.8270952313294391
716,37001,513904_cec,513704_cec,10.0,9.75,0.25,2.0,0.9484319333954565
1363,10370,507602_bpc,508102_bpc,30.25,28.75,1.5,-9.0,0.9264538886083469
25592,25008,511603_mec,511402_bpc,23.0,15.0,8.0,32.0,0.8887751250786896
38427,24304,507602_bpc,509202_bpc,63.75,95.0,-31.25,4.0,0.8883977402450565
14859,19748,506802_bpc,507302_bpc,13.0,15.5,-2.5,12.0,0.9801664698955345
3095,4486,508501_mpc,508301_mpc,36.75,34.25,2.5,16.0,0.30894332910047606
18824,28786,512802_bpc,512901_mpc,56.25,76.25,-20.0,-7.0,0.8701199727752961
15514,8706,509301_mpc,508501_mpc,44.0,54.25,-10.25,2.0,0.7651742853175807
14200,13662,505301_mpc,505501_mpc,44.75,55.0,-10.25,-9.0,0.8772448005541367
42,873,512602_bpc,512702_bpc,25.0,16.75,8.25,40.0,0.9633679758756136
10902,22510,502004_cec,501904_cec,34.25,21.0,13.25,-9.0,0.5446532333557301
33065,21416,507201_mpc,506702_bpc,23.25,19.75,3.5,10.0,0.9387816252569896
2821,17297,514202_bpc,513903_mec,8.75,0.0,8.75,26.0,0.9172029043623188
20707,6382,502201_mpc,502101_mpc,35.5,39.75,-4.25,7.0,0.8609023198618363
4081,2050,507602_bpc,507702_bpc,29.5,27.75,1.75,1.0,0.956160478818185
20424,14043,503002_bpc,502701_mpc,1.25,14.0,-12.75,8.0,0.9506873011169723
14778,1132,502504_cec,504201_mpc,16.25,6.25,10.0,13.442871,0.9334921395629084
19849,2821,513704_cec,514202_bpc,15.25,8.75,6.5,-2.0,0.9334138193053287
21260,13303,504001_mpc,503904_cec,34.5,23.75,10.75,3.0,0.5411537951466757
27121,14682,505401_mpc,505701_mpc,86.25,68.75,17.5,7.0,0.9650270974015076
24626,1432,502005_hec,501903_mec,32.75,16.0,16.75,1.0,0.6772669891531794
12839,10521,505301_mpc,505901_mpc,44.25,45.0,-0.75,-7.0,0.8802300258630118
3465,22387,503001_mpc,502701_mpc,25.25,33.75,-8.5,-1.0,0.8343243137628614
31189,36022,505502_bpc,505802_bpc,41.25,46.25,-5.0,-2.0,0.913283487509952
10392,24311,504401_mpc,504701_mpc,64.5,59.25,5.25,11.0,0.969138687325666
5384,2638,509202_bpc,508702_bpc,28.0,31.5,-3.5,-7.0,0.8826045643281827
3434,12213,507801_mpc,507701_mpc,27.5,21.5,6.0,16.0,0.786543184048889
30679,23816,505203_mec,505701_mpc,25.5,25.5,0.0,1.0,0.8098324666877276
11076,35162,503904_cec,503201_mpc,19.75,11.25,8.5,-9.0,0.8250075051892297
10088,6360,501802_bpc,501602_bpc,39.0,34.5,4.5,-9.0,0.8881974476219643
21420,23622,503102_bpc,503202_bpc,60.25,69.5,-9.25,-8.0,0.9389669818945373
2177,626,508402_bpc,506201_mpc,53.75,75.25,-21.5,-3.0,0.7884463085044865
1289,3959,509502_bpc,508302_bpc,81.5,68.5,13.0,-3.0,0.9660700244532847
20581,10027,505602_bpc,505702_bpc,63.75,55.75,8.0,-1.0,0.9618393030335742
28393,9055,503102_bpc,503202_bpc,52.5,57.5,-5.0,-10.0,0.9028729130229796
5072,16958,505302_bpc,512801_mpc,35.0,32.5,2.5,27.0,0.7212340788766063
30679,6090,505203_mec,506001_mpc,25.5,11.5,14.0,-13.0,0.813078149947128
33337,13179,502202_bpc,502102_bpc,33.0,35.0,-2.0,-23.0,0.8587964969799537
7914,20155,506002_bpc,505102_bpc,23.5,19.5,4.0,2.0,0.9032438972851026
4056,7386,503201_mpc,503101_mpc,66.25,63.0,3.25,8.0,0.9487998227890392
90,18222,512702_bpc,512502_bpc,39.0,41.25,-2.25,9.0,0.9074074971102264
9360,10460,501602_bpc,501801_mpc,45.0,50.0,-5.0,20.0,0.8618579032149278
38585,194,511201_mpc,511401_mpc,66.0,66.0,0.0,8.0,0.9872482210963975
23575,3264,505401_mpc,505702_bpc,37.5,40.5,-3.0,8.0,0.7503310494599491
4060,6883,506903_mec,509501_mpc,60.5,73.75,-13.25,-3.0,0.8939967594281416
755,5673,504401_mpc,504503_mec,66.25,51.25,15.0,7.0,0.9088000245676146
15858,20080,511901_mpc,510102_bpc,36.0,32.5,3.5,-25.0,0.779897670467256
11122,21927,506801_mpc,506701_mpc,24.0,24.5,-0.5,-17.0,0.9108774535354289
10785,22878,511303_mec,511603_mec,18.75,21.25,-2.5,31.0,0.9013572447393748
20799,18801,508903_mec,509401_mpc,16.5,16.25,0.25,-5.0,0.9076544841166622
31987,14383,509202_bpc,509302_bpc,44.75,59.25,-14.5,-1.0,0.8596103205403346
14225,19077,512901_mpc,512801_mpc,21.5,32.5,-11.0,-19.0,0.8043766291151038
24616,15177,512502_bpc,512702_bpc,44.0,48.5,-4.5,-16.0,0.8914058278429298
21225,4744,514701_mpc,514901_mpc,35.5,31.25,4.25,-6.0,0.8690199117247699
5936,6027,507501_mpc,507601_mpc,23.75,4.5,19.25,7.0,0.9227105959793322
4677,10062,506602_bpc,506904_cec,0.75,3.5,-2.75,-30.0,0.9616048154520151
14130,28756,512104_cec,512401_mpc,30.0,24.25,5.75,23.0,0.6866039773187304
14556,5368,501801_mpc,508201_mpc,52.5,56.25,-3.75,-1.0,0.8261856421358067
2277,26517,512801_mpc,513104_cec,30.25,20.0,10.25,35.0,0.8427070019563372
17739,13294,511801_mpc,514201_mpc,30.0,24.25,5.75,7.0,0.735489833894819
2536,37082,513202_bpc,513403_mec,49.75,77.25,-27.5,-44.0,0.7532158643291246
25763,1418,503301_mpc,503904_cec,21.25,10.0,11.25,20.0,0.9042036832072398
8681,10312,501502_bpc,502202_bpc,77.5,57.5,20.0,29.0,0.9535983685364573
1462,28014,511701_mpc,513601_mpc,27.5,23.75,3.75,2.0,0.8999002933070775
12122,12079,503001_mpc,502505_hec,24.75,10.0,14.75,-50.0,0.836802882959038
31765,14102,508301_mpc,508701_mpc,22.5,31.25,-8.75,-52.0,0.8622222008284934
6372,4652,501904_cec,507402_bpc,38.75,38.75,0.0,4.0,0.5723982973045983
1604,23977,505702_bpc,505801_mpc,33.75,30.0,3.75,-14.442871,0.8470720037985401
20012,1193,507002_bpc,501601_mpc,18.0,19.75,-1.75,21.0,0.9112444214342255
92,11475,505402_bpc,505102_bpc,7.5,10.0,-2.5,-15.0,0.912678995533541
15676,19805,506101_mpc,509501_mpc,47.5,54.5,-7.0,13.0,0.9499825373106787
6347,6885,501801_mpc,502201_mpc,36.75,37.5,-0.75,1.0,0.887372842587664
4993,12784,505602_bpc,505802_bpc,56.25,55.75,0.5,40.0,0.9552932223595871
4973,17183,505502_bpc,505402_bpc,64.0,61.5,2.5,5.0,0.9250033511569934
29331,35498,511604_cec,513503_mec,12.75,8.75,4.0,22.0,0.9374493944593505
19748,2178,507302_bpc,506602_bpc,15.5,13.75,1.75,-19.0,0.9285402369449178
34053,36903,503201_mpc,502005_hec,40.0,38.75,1.25,15.0,0.5770864079216614
2157,39198,505602_bpc,505402_bpc,27.5,32.5,-5.0,-17.557129,0.8535252690958938
19865,505,508301_mpc,509001_mpc,60.5,78.0,-17.5,-5.0,0.9411731589122744
15779,6510,512501_mpc,512702_bpc,25.0,23.75,1.25,-29.0,0.9578826227321843
23622,10183,503202_bpc,503302_bpc,69.5,72.75,-3.25,11.0,0.9555011783809008
34390,1530,511303_mec,511603_mec,21.75,23.75,-2.0,-19.0,0.8932256223507028
16662,27857,506404_cec,507201_mpc,12.75,10.75,2.0,33.0,0.9660808647447041
23181,22548,511604_cec,512104_cec,16.25,8.75,7.5,12.0,0.9466242161258986
37369,9182,507001_mpc,506501_mpc,51.5,82.5,-31.0,-21.442871,0.8219341825469958
26796,19482,501801_mpc,501601_mpc,46.25,59.75,-13.5,6.0,0.888919568583066
26995,8337,505702_bpc,505502_bpc,26.25,19.75,6.5,2.0,0.9362128464076149
25763,12152,503301_mpc,503905_hec,21.25,22.75,-1.5,-8.0,0.8834441087793505
21436,1193,501903_mec,501601_mpc,16.25,19.75,-3.5,3.0,0.9051537249862258
13377,31614,511604_cec,511304_cec,35.0,25.0,10.0,2.0,0.7513199317597663
33381,36499,503002_bpc,512104_cec,10.0,1.5,8.5,47.0,0.9642627861150244
10371,28927,502202_bpc,501602_bpc,43.75,45.0,-1.25,4.0,0.9678993546565414
3404,3477,508002_bpc,507402_bpc,51.25,45.75,5.5,5.0,0.8713210208959612
11714,8994,501802_bpc,501502_bpc,34.0,37.5,-3.5,0.0,0.8698261162045219
9023,857,512501_mpc,512702_bpc,26.25,20.0,6.25,3.0,0.9318215039150088
2358,10841,505101_mpc,505901_mpc,41.25,46.25,-5.0,6.0,0.834331220256738
19973,21500,506501_mpc,506701_mpc,76.75,74.75,2.0,7.0,0.9695132134034805
17185,34088,507601_mpc,507701_mpc,18.75,20.0,-1.25,31.0,0.9725915257068967
13563,38504,505102_bpc,505802_bpc,49.75,52.5,-2.75,20.0,0.8917897920879306
4536,17785,509301_mpc,508302_bpc,48.75,75.25,-26.5,-6.0,0.7471640831023679
4806,1213,508702_bpc,508802_bpc,22.75,11.0,11.75,-7.0,0.9153047138080598
29415,4993,506002_bpc,505602_bpc,61.0,56.25,4.75,3.0,0.9433878549873184
3848,31340,505302_bpc,505902_bpc,35.0,39.5,-4.5,7.0,0.842872922338615
14342,38444,506002_bpc,505802_bpc,42.5,43.0,-0.5,-7.0,0.8328549866009134
2529,5732,508903_mec,509104_cec,26.75,21.25,5.5,-2.0,0.8108977110490144
26273,8506,505702_bpc,506001_mpc,18.0,11.25,6.75,-21.442871,0.8992124016081104
28937,12389,512502_bpc,512701_mpc,47.5,50.0,-2.5,-24.0,0.9287498146660118
13698,14787,506501_mpc,506801_mpc,40.0,33.75,6.25,15.0,0.7091338986576508
15858,30277,511901_mpc,510101_mpc,36.0,35.0,1.0,-27.0,0.9030771966693962
30729,22829,507201_mpc,507301_mpc,28.0,31.25,-3.25,7.0,0.736265832417527
4116,3621,504701_mpc,504401_mpc,36.25,35.25,1.0,-28.0,0.8453782897566909
7428,2572,508202_bpc,508001_mpc,36.25,39.0,-2.75,3.0,0.5603083625709745
4605,15550,514402_bpc,514301_mpc,6.25,10.0,-3.75,-33.0,0.9542266559155668
39363,18021,514702_bpc,514701_mpc,80.0,78.75,1.25,9.0,0.9672486987103018
3933,14845,514301_mpc,514302_bpc,17.5,17.0,0.5,-17.0,0.9274838530794509
23032,16772,503904_cec,503601_mpc,41.5,46.75,-5.25,21.0,0.5811814052397468
1486,29665,508701_mpc,509201_mpc,36.5,32.5,4.0,23.0,0.9016580413724615
33036,3963,509502_bpc,508302_bpc,48.75,57.75,-9.0,-36.0,0.868839323613257
34662,2453,506002_bpc,505402_bpc,41.25,46.75,-5.5,-22.0,0.9074691434569031
17006,25461,513903_mec,513103_mec,65.0,100.0,-35.0,24.0,0.9016537688527971
4691,24249,508501_mpc,508904_cec,75.0,68.0,7.0,-7.0,0.956903631467781
8947,27267,502004_cec,501903_mec,32.5,33.75,-1.25,8.0,0.6569202140934036
4529,4320,503202_bpc,504002_bpc,28.0,25.5,2.5,38.0,0.88533617839834
4331,11360,508502_bpc,508402_bpc,65.0,87.75,-22.75,20.0,0.9239034452988835
21681,17490,501502_bpc,502004_cec,38.5,34.25,4.25,31.0,0.8426778714215436
28720,4866,512402_bpc,512401_mpc,27.75,17.75,10.0,-22.0,0.8889972778901759
12289,8518,501903_mec,502005_hec,30.25,34.75,-4.5,21.0,0.8594410134464903
29552,25342,511202_bpc,511304_cec,41.25,32.5,8.75,-33.0,0.6547444885978616
26928,5665,503905_hec,503601_mpc,32.5,22.25,10.25,32.0,0.6813259666243274
20279,23581,505801_mpc,506002_bpc,67.5,75.0,-7.5,-9.0,0.9801005751373747
4744,4827,514901_mpc,514601_mpc,31.25,32.25,-1.0,-3.0,0.9226459399150233
21752,5704,511802_bpc,511701_mpc,61.25,71.25,-10.0,-5.0,0.9020275341154174
7666,17437,501502_bpc,501802_bpc,29.25,15.0,14.25,9.0,0.8227251990290774
19064,7885,504202_bpc,503102_bpc,21.5,6.25,15.25,30.0,0.899839783600879
37008,33415,513903_mec,514202_bpc,20.25,10.25,10.0,30.0,0.8945934359101668
32466,36306,504402_bpc,504702_bpc,63.75,76.25,-12.5,2.0,0.955778303323757
29115,17022,509202_bpc,508502_bpc,57.5,61.25,-3.75,-1.0,0.9591749451948351
14021,8875,514201_mpc,513601_mpc,56.75,78.0,-21.25,2.0,0.9396376276073813
3845,1541,504504_cec,504702_bpc,30.0,30.0,0.0,-9.0,0.7818300014288806
3271,764,514401_mpc,514402_bpc,45.0,78.75,-33.75,-21.0,0.7265240087437644
30620,7457,507602_bpc,507501_mpc,37.75,45.25,-7.5,-1.0,0.7418016051680937
35339,4929,503905_hec,503302_bpc,20.0,7.75,12.25,36.0,0.9223674321732439
21727,10516,505901_mpc,505601_mpc,65.75,65.0,0.75,25.0,0.9674204703649706
8907,14479,509402_bpc,509502_bpc,35.25,30.0,5.25,18.0,0.8521835899042447
6290,9094,503001_mpc,502802_bpc,39.0,45.25,-6.25,-23.0,0.6395703150617335
21422,3271,514502_bpc,514401_mpc,37.5,45.0,-7.5,-6.0,0.7741084778811691
5751,15037,505801_mpc,505501_mpc,61.25,71.25,-10.0,-19.0,0.9789575891488779
7885,31859,503102_bpc,503202_bpc,6.25,12.75,-6.5,-33.0,0.9634012636233811
14295,2468,511902_bpc,510101_mpc,50.25,54.5,-4.25,-9.0,0.8220876899040152
17434,37082,514401_mpc,513403_mec,58.5,77.25,-18.75,0.0,0.8531300111589409
2224,8410,504001_mpc,503802_bpc,67.75,71.0,-3.25,-7.0,0.9625824029380023
6636,10650,501602_bpc,502102_bpc,31.0,25.0,6.0,10.0,0.8616584626007738
13563,4468,505102_bpc,505602_bpc,49.75,59.0,-9.25,1.0,0.9456552512716461
3767,2993,507702_bpc,508202_bpc,25.0,22.5,2.5,-20.0,0.9722947549167098
17058,9975,508202_bpc,507502_bpc,35.0,40.25,-5.25,8.0,0.7794668310495246
22826,24524,502202_bpc,502102_bpc,40.0,42.5,-2.5,-10.0,0.9545227491092775
32861,29743,503101_mpc,503102_bpc,65.0,57.5,7.5,1.0,0.906747726920123
3894,16959,509202_bpc,508502_bpc,38.0,45.75,-7.75,-16.0,0.7990005698358037
4663,22524,513503_mec,513903_mec,17.5,1.25,16.25,12.0,0.8648782947768351
5780,12940,514901_mpc,514602_bpc,26.75,26.25,0.5,-9.0,0.9045691781873098
5163,21068,508904_cec,508402_bpc,47.25,42.5,4.75,11.0,0.8467501032729269
13118,25572,502201_mpc,503001_mpc,70.0,98.75,-28.75,0.0,0.9238479124066006
2972,1250,509402_bpc,504002_bpc,26.25,26.25,0.0,-5.0,0.9338547918125318
23800,21982,511202_bpc,511201_mpc,43.75,40.0,3.75,3.0,0.8762290789778022
19182,6293,506101_mpc,509002_bpc,7.75,9.5,-1.75,-15.0,0.9067240787558504
6405,17625,503801_mpc,503905_hec,35.0,31.25,3.75,10.0,0.7959037639810942
7042,17058,507402_bpc,508202_bpc,38.5,35.0,3.5,-10.0,0.6966925458814235
33484,18833,509301_mpc,509201_mpc,41.25,39.0,2.25,-1.0,0.7206066135859406
15323,35078,503802_bpc,503302_bpc,52.25,60.0,-7.75,1.0,0.8239752849324637
15511,12444,509502_bpc,508802_bpc,30.0,31.25,-1.25,-6.442871,0.9108067823446521
5162,18811,508501_mpc,508301_mpc,27.25,27.5,-0.25,-11.0,0.9228407645401129
27162,23184,502505_hec,502801_mpc,22.5,21.0,1.5,4.0,0.8903341247361385
2993,3767,508202_bpc,507702_bpc,22.5,25.0,-2.5,20.0,0.9722947549167098
4887,14230,508801_mpc,509202_bpc,54.25,51.0,3.25,20.0,0.9005386144908158
36198,10062,502504_cec,506904_cec,17.5,3.5,14.0,-10.0,0.7975786583661968
8725,37589,506101_mpc,506201_mpc,54.5,51.75,2.75,7.0,0.9349256967338705
3413,12856,508702_bpc,509201_mpc,41.25,44.0,-2.75,26.0,0.7148846253487833
19103,4751,502504_cec,502505_hec,27.5,15.25,12.25,-16.0,0.8513851741489551
1989,8371,508501_mpc,508702_bpc,20.0,13.5,6.5,3.0,0.9337839957874056
2823,16180,508102_bpc,507801_mpc,8.75,0.75,8.0,-9.0,0.9643047605757041
20471,13108,505802_bpc,505702_bpc,51.0,47.5,3.5,39.0,0.932439250400947
12784,4468,505802_bpc,505602_bpc,55.75,59.0,-3.25,-41.0,0.9543953149008513
15434,27702,503001_mpc,501904_cec,24.5,21.75,2.75,-11.0,0.8673045476076854
8901,11640,511201_mpc,513201_mpc,70.0,95.5,-25.5,-6.0,0.9232329788032175
25516,15752,505801_mpc,505501_mpc,32.0,37.5,-5.5,-15.0,0.7392887258252181
22489,33415,513903_mec,514202_bpc,10.0,10.25,-0.25,34.0,0.9428559924531276
33279,34713,510102_bpc,511902_bpc,23.75,24.25,-0.5,26.0,0.9714837222421
20371,14832,507502_bpc,507402_bpc,76.25,62.75,13.5,-1.0,0.9732875843057
14191,24954,506404_cec,502505_hec,11.25,11.25,0.0,2.0,0.926851083735168
295,31726,514402_bpc,514502_bpc,25.0,18.75,6.25,56.0,0.9574265238309236
7476,4459,512902_bpc,513202_bpc,49.0,44.5,4.5,-17.0,0.9001810321184931
38927,16394,502004_cec,501802_bpc,38.75,44.75,-6.0,-3.0,0.7976558157684998
25466,5501,512802_bpc,512902_bpc,42.5,45.0,-2.5,-36.0,0.9656300678801216
19678,14200,505701_mpc,505301_mpc,48.75,44.75,4.0,-6.0,0.9309593742554977
8445,17529,507502_bpc,507402_bpc,44.75,51.75,-7.0,-2.0,0.9133529146405577
6594,5740,505701_mpc,501601_mpc,53.75,75.75,-22.0,-3.0,0.8047589780009791
29906,14594,511902_bpc,512201_mpc,46.75,64.0,-17.25,14.0,0.7928203689965246
16617,14644,506301_mpc,506201_mpc,46.25,58.75,-12.5,-3.0,0.8369522016783175
13822,12555,508501_mpc,509301_mpc,30.0,30.0,0.0,-21.0,0.8096274791059147
32721,20618,501601_mpc,502201_mpc,62.5,79.75,-17.25,1.0,0.9759688833685749
17076,4128,506502_bpc,502505_hec,22.0,8.75,13.25,27.0,0.8393866356022365
17557,35799,502101_mpc,502201_mpc,48.25,52.5,-4.25,6.0,0.9544751401650219
13773,26273,505901_mpc,505702_bpc,23.75,18.0,5.75,-3.557129,0.9000966600292639
21865,16958,512901_mpc,512801_mpc,35.5,32.5,3.0,19.0,0.9551636879487174
15434,31395,503001_mpc,501904_cec,24.5,19.0,5.5,-12.557129,0.8363322784569194
31482,7372,504702_bpc,504504_cec,21.5,16.25,5.25,28.0,0.9271572397119023
14438,2940,504402_bpc,504401_mpc,57.0,66.75,-9.75,2.0,0.8848772746293632
16224,24426,507001_mpc,506404_cec,27.75,21.25,6.5,-7.0,0.8203517412616941
18222,15848,512502_bpc,512501_mpc,41.25,42.75,-1.5,-29.0,0.7452717567588907
28702,6323,506801_mpc,506501_mpc,38.75,46.5,-7.75,-1.0,0.8156131843430636
30546,10025,511401_mpc,511201_mpc,41.25,45.0,-3.75,-39.0,0.8855887980841249
7186,8809,504903_mec,504503_mec,22.75,20.0,2.75,44.0,0.8816885088089426
4657,11388,512601_mpc,512702_bpc,53.0,61.25,-8.25,8.0,0.9468487723617232
4876,4568,508102_bpc,507802_bpc,17.5,26.5,-9.0,-18.557129,0.9454576642847845
9995,23146,507001_mpc,507301_mpc,32.5,32.5,0.0,27.0,0.7703232940724767
9398,19736,505802_bpc,505702_bpc,45.0,46.25,-1.25,7.557129,0.8965304140184023
5070,20493,512802_bpc,513104_cec,51.25,77.5,-26.25,-32.0,0.776504248241297
23130,6405,503201_mpc,503801_mpc,36.75,35.0,1.75,-12.0,0.7317406041608217
641,13666,508401_mpc,509401_mpc,31.75,36.25,-4.5,12.0,0.7782477627309594
23421,8214,505402_bpc,505401_mpc,32.5,30.75,1.75,-20.0,0.9037929988382579
11800,25564,506602_bpc,506801_mpc,15.5,10.0,5.5,16.442871,0.8686157074038984
11799,15491,501502_bpc,501602_bpc,58.75,67.25,-8.5,-1.0,0.9451416247337624
7035,20284,502004_cec,502005_hec,23.5,27.5,-4.0,3.0,0.8734058275175226
23050,1559,502701_mpc,505601_mpc,70.5,103.0,-32.5,0.0,0.9214988906779482
10277,17529,508202_bpc,507402_bpc,42.0,51.75,-9.75,-3.0,0.7013530021272334
35904,37611,513904_cec,513201_mpc,22.5,24.0,-1.5,30.0,0.9178714774824273
3930,7165,507501_mpc,508001_mpc,53.75,67.5,-13.75,20.0,0.919900773260562
8991,33477,503301_mpc,503302_bpc,63.0,60.25,2.75,-13.0,0.9540980491682716
23591,11740,505901_mpc,505701_mpc,36.5,37.25,-0.75,5.0,0.8252216220839012
17382,20029,501903_mec,506202_bpc,38.75,45.0,-6.25,-17.0,0.4065752458164666
7198,7728,510101_mpc,512401_mpc,33.75,36.25,-2.5,12.0,0.9146956655696007
5274,3832,509402_bpc,509202_bpc,36.75,38.75,-2.0,-9.0,0.7759437849129607
9398,8217,505802_bpc,505102_bpc,45.0,49.75,-4.75,-21.442871,0.9097140028863816
4264,17784,502505_hec,508702_bpc,3.75,0.25,3.5,-22.0,0.881020201486809
4225,4666,505602_bpc,506002_bpc,9.0,13.25,-4.25,27.0,0.9635238775544499
4893,30651,513201_mpc,514901_mpc,48.25,52.75,-4.5,32.0,0.7174229767504301
10423,6090,505501_mpc,506001_mpc,30.0,11.5,18.5,12.0,0.7412098256567392
37124,7249,514002_bpc,514202_bpc,28.75,10.0,18.75,-9.0,0.7480843074482983
34221,5309,508701_mpc,509301_mpc,53.75,61.25,-7.5,-2.0,0.9214753832639975
11325,18811,515001_mpc,508301_mpc,27.75,27.5,0.25,14.0,0.7732735454610825
32538,6533,505801_mpc,506001_mpc,58.75,52.5,6.25,0.0,0.9450277775945582
4094,8415,508002_bpc,507602_bpc,37.5,36.25,1.25,3.0,0.9609788796866949
27070,20030,512601_mpc,512701_mpc,36.25,37.5,-1.25,-8.0,0.9697885851427798
21393,24751,514502_bpc,514401_mpc,37.5,28.75,8.75,-5.0,0.7285485728479533
5965,4719,503601_mpc,503201_mpc,37.5,40.5,-3.0,9.0,0.7729516714347631
18326,8323,513601_mpc,512802_bpc,4.0,1.25,2.75,20.0,0.8880333715402253
17679,18835,514302_bpc,514002_bpc,21.0,23.0,-2.0,-10.0,0.9307826533032946
19880,2661,503905_hec,507904_cec,22.5,4.75,17.75,22.0,0.8362446030887469
1193,14316,501601_mpc,502005_hec,19.75,5.75,14.0,-20.0,0.876711903213766
3100,12853,507302_bpc,507002_bpc,40.25,39.5,0.75,12.0,0.7924333421698873
7134,7166,502505_hec,502702_bpc,26.25,29.0,-2.75,-9.0,0.920700304830128
30337,38217,513103_mec,513503_mec,15.25,7.75,7.5,-10.0,0.8741331963608865
33591,23719,513201_mpc,511801_mpc,61.25,75.0,-13.75,-31.0,0.9004178820491912
27523,18993,508903_mec,502701_mpc,11.25,15.25,-4.0,-10.0,0.8919843056968643
15796,6376,512701_mpc,512501_mpc,72.5,70.5,2.0,-6.0,0.9879485217535774
1643,6211,506101_mpc,505204_cec,82.5,65.75,16.75,-4.0,0.9720168795522336
2828,21872,504002_bpc,503904_cec,27.0,17.5,9.5,30.0,0.8103430838965775
31945,34282,512901_mpc,513103_mec,27.5,31.25,-3.75,11.0,0.8014924503024061
15915,4103,513904_cec,514202_bpc,21.75,12.5,9.25,0.0,0.8635829073716075
19130,29465,514201_mpc,514001_mpc,55.0,54.5,0.5,22.0,0.8447459216998485
11638,26288,502801_mpc,503001_mpc,32.5,36.0,-3.5,-6.0,0.7732026049445785
15873,7603,502202_bpc,501502_bpc,41.25,43.75,-2.5,-10.0,0.9039482981401877
3809,4691,508401_mpc,508501_mpc,65.0,75.0,-10.0,-6.0,0.9815937721140732
2036,8444,505702_bpc,505902_bpc,40.0,37.75,2.25,9.0,0.85587638601502
16529,5525,504504_cec,504904_cec,20.0,23.75,-3.75,-14.0,0.9616604195801124
7672,15344,501904_cec,502004_cec,28.75,17.0,11.75,-40.0,0.5941589185247138
28095,1024,512202_bpc,504701_mpc,70.0,99.25,-29.25,-2.0,0.9131372273390898
3991,28938,507302_bpc,507301_mpc,26.5,22.75,3.75,21.0,0.8709258450406239
16302,18993,506404_cec,502701_mpc,27.5,15.25,12.25,16.0,0.7862142899049631
18824,18582,512802_bpc,511701_mpc,56.25,65.0,-8.75,-4.0,0.827256560982406
5940,13118,501801_mpc,502201_mpc,51.25,70.0,-18.75,-7.0,0.9158886335616157
2178,5660,506602_bpc,507002_bpc,13.75,25.5,-11.75,0.0,0.9212246751349148
16716,12666,509502_bpc,508502_bpc,52.5,57.5,-5.0,16.0,0.9177049907982455
21606,36665,507202_bpc,506602_bpc,35.75,26.5,9.25,-12.0,0.71926028387556
30606,24729,506002_bpc,505902_bpc,39.75,40.0,-0.25,1.0,0.9848308518442761
36879,28989,507001_mpc,506801_mpc,36.5,37.25,-0.75,2.0,0.6957798414690406
19970,28256,512602_bpc,512702_bpc,35.0,34.0,1.0,15.0,0.8144513917887074
12213,9466,507701_mpc,508001_mpc,21.5,17.5,4.0,14.0,0.9318574586420977
34153,5158,506001_mpc,505601_mpc,16.25,23.75,-7.5,-26.0,0.9682210649884567
968,13196,514801_mpc,514702_bpc,10.0,19.0,-9.0,1.0,0.9231816215895317
12552,12839,506001_mpc,505301_mpc,43.75,44.25,-0.5,12.0,0.8506804457933017
14653,10465,513403_mec,513404_cec,4.0,7.5,-3.5,-46.0,0.9303634183411985
35613,6164,502801_mpc,502701_mpc,52.5,63.75,-11.25,1.0,0.9472220542500963
4757,20471,505102_bpc,505802_bpc,54.0,51.0,3.0,-6.0,0.9775033046735048
6311,3939,507401_mpc,507904_cec,21.25,13.75,7.5,5.0,0.9499423209621489
11233,14709,508702_bpc,509105_hec,17.5,17.75,-0.25,22.442871,0.9694333668971278
6550,7935,504504_cec,504904_cec,30.0,23.75,6.25,-39.0,0.6980029653807037
2520,13545,511901_mpc,512901_mpc,91.25,102.5,-11.25,15.0,0.9595197971845048
1620,4012,508202_bpc,507802_bpc,20.25,13.75,6.5,-4.0,0.971894659923878
4623,34011,509501_mpc,508801_mpc,57.5,52.5,5.0,-12.0,0.9583699328962656
2543,37899,507301_mpc,505501_mpc,19.25,4.25,15.0,-43.0,0.7995299037268508
30729,25624,507201_mpc,506501_mpc,28.0,26.0,2.0,11.0,0.7766974949282357
12311,13648,508501_mpc,508502_bpc,25.5,28.75,-3.25,-5.0,0.8669358459805476
7457,14528,507501_mpc,507801_mpc,45.25,50.0,-4.75,3.0,0.9165894690176636
24514,12452,505203_mec,505702_bpc,56.75,72.5,-15.75,-2.0,0.9494924207056978
19770,22040,504903_mec,504504_cec,22.75,23.75,-1.0,19.0,0.9008351988183854
222,2653,508402_bpc,509502_bpc,58.5,64.0,-5.5,6.0,0.9686062670023271
29869,12141,511604_cec,513404_cec,47.5,50.0,-2.5,-2.0,0.796977154925072
19854,22251,504401_mpc,504701_mpc,31.25,30.0,1.25,-3.0,0.8759847870153525
21436,15882,501903_mec,501904_cec,16.25,17.5,-1.25,-2.0,0.8958385558954604
12482,409,509401_mpc,515002_bpc,32.5,32.75,-0.25,1.0,0.8115270419065603
3447,2318,505402_bpc,505802_bpc,6.25,6.25,0.0,31.0,0.9804334122813703
33944,92,506002_bpc,505402_bpc,10.0,7.5,2.5,16.0,0.9511614030846501
13998,21134,512104_cec,513704_cec,16.25,6.25,10.0,26.0,0.9385704324480479
7672,12078,501904_cec,502005_hec,28.75,26.25,2.5,-27.0,0.7766924393524928
5223,17522,509104_cec,508402_bpc,21.25,10.0,11.25,35.0,0.900810280834665
8640,8276,502005_hec,501602_bpc,58.25,70.25,-12.0,-7.0,0.8680430415113832
35461,7715,512602_bpc,512701_mpc,44.0,48.5,-4.5,12.0,0.841652097112822
12240,29797,506001_mpc,505402_bpc,20.5,27.5,-7.0,5.0,0.881851280884254
26663,9580,511802_bpc,513103_mec,22.5,12.5,10.0,21.0,0.8842750768905911
4999,22391,505601_mpc,514801_mpc,63.75,98.25,-34.5,16.0,0.8870081557575331
4268,13737,503201_mpc,503101_mpc,41.25,46.25,-5.0,7.0,0.7179157311638311
10577,13171,508201_mpc,507402_bpc,60.75,61.25,-0.5,-8.0,0.9370951251252504
25426,2765,503101_mpc,503802_bpc,54.25,52.5,1.75,-9.0,0.8824900581490666
33650,3959,515002_bpc,508302_bpc,61.25,68.5,-7.25,5.0,0.9487284938110381
4189,22017,506702_bpc,507002_bpc,33.25,31.0,2.25,-14.442871,0.8038037060194376
27989,18021,514601_mpc,514701_mpc,76.25,78.75,-2.5,13.0,0.9936998792694722
9875,8367,508401_mpc,509501_mpc,54.0,52.5,1.5,3.0,0.9109344124709915
32551,5453,503302_bpc,504202_bpc,28.75,32.5,-3.75,-25.0,0.8723571107291828
5073,318,503905_hec,502505_hec,12.5,11.5,1.0,38.0,0.8846726831470506
34728,9156,511303_mec,511304_cec,29.0,13.75,15.25,45.0,0.8273733942494285
18091,26234,511902_bpc,512202_bpc,47.5,70.0,-22.5,9.442871,0.8394697764547311
14021,33591,514201_mpc,513201_mpc,56.75,61.25,-4.5,42.0,0.833013705663536
9932,6581,509202_bpc,508502_bpc,64.0,61.75,2.25,-4.0,0.9538459419701837
19698,4301,508301_mpc,508701_mpc,36.25,27.25,9.0,-17.0,0.7795726176211399
11103,13332,512401_mpc,511901_mpc,71.25,55.0,16.25,-33.0,0.9394980516844246
19170,5384,509201_mpc,509202_bpc,33.75,28.0,5.75,-3.0,0.7923158188528271
20012,4847,507002_bpc,507904_cec,18.0,17.5,0.5,-12.0,0.9549917100788085
5939,11409,505102_bpc,505203_mec,33.75,28.5,5.25,6.0,0.8385881479570554
34604,24764,514202_bpc,514002_bpc,20.0,13.75,6.25,39.0,0.9179429361261422
38049,3185,508202_bpc,507502_bpc,76.0,77.5,-1.5,0.0,0.9561062587522342
34542,31645,512701_mpc,512601_mpc,63.25,78.75,-15.5,-1.0,0.9559606640464523
23033,16599,514002_bpc,513601_mpc,42.75,45.75,-3.0,-4.0,0.7425168449440303
21225,7899,514701_mpc,514801_mpc,35.5,36.25,-0.75,-12.0,0.88282645761707
29547,38086,513404_cec,513704_cec,26.75,18.0,8.75,-16.0,0.8481829067346626
21851,24885,501602_bpc,502202_bpc,52.25,49.25,3.0,-4.0,0.963031311277308
36611,7808,504202_bpc,503101_mpc,17.0,21.25,-4.25,12.0,0.840158776912182
6811,8526,502004_cec,501903_mec,32.75,22.75,10.0,9.0,0.7031688687178312
29618,4744,514701_mpc,514901_mpc,33.75,31.25,2.5,-28.0,0.9611127016845172
4202,1559,502701_mpc,505601_mpc,81.5,103.0,-21.5,9.0,0.9476078916864481
26011,17380,514901_mpc,514601_mpc,84.0,61.25,22.75,-1.0,0.9714606369155608
17529,15023,507402_bpc,507502_bpc,51.75,52.75,-1.0,12.0,0.9828861444576833
3708,23759,508201_mpc,507801_mpc,16.75,13.0,3.75,1.0,0.8518921265285604
14461,2638,509402_bpc,508702_bpc,31.25,31.5,-0.25,-15.0,0.822072127875883
19541,16086,502202_bpc,502102_bpc,54.5,62.25,-7.75,1.0,0.9249357528058322
12317,18801,508904_cec,509401_mpc,16.25,16.25,0.0,-55.0,0.9013654974788713
13085,8427,501801_mpc,501601_mpc,60.25,57.5,2.75,4.0,0.9673016634162148
20029,31413,506202_bpc,501904_cec,45.0,40.5,4.5,4.0,0.6633113643635592
3133,20002,514001_mpc,514902_bpc,40.0,43.0,-3.0,-4.0,0.47426103505614586
21957,39190,507301_mpc,507201_mpc,23.0,28.75,-5.75,-35.0,0.8197846933318012
36186,13014,506302_bpc,506202_bpc,57.5,50.25,7.25,1.0,0.9293613368775827
5926,5409,507501_mpc,508001_mpc,10.0,11.75,-1.75,26.0,0.9898585660298361
4101,38342,511802_bpc,514302_bpc,49.25,46.5,2.75,22.0,0.8736712544367823
27384,5040,502802_bpc,502801_mpc,44.5,53.25,-8.75,-7.0,0.5891570374770523
1838,12891,508201_mpc,507601_mpc,38.75,33.75,5.0,5.0,0.7755148721803453
5303,10402,508301_mpc,514301_mpc,15.25,7.5,7.75,-27.0,0.8910824125729261
20292,1160,505701_mpc,511401_mpc,59.5,105.0,-45.5,-27.0,0.8689219721449577
3876,4245,502802_bpc,502702_bpc,50.0,43.75,6.25,-15.0,0.8381775747761627
5303,9580,508301_mpc,513103_mec,15.25,12.5,2.75,-22.0,0.8949683598616985
4310,2638,509402_bpc,508702_bpc,32.25,31.5,0.75,-12.0,0.9547147700847018
36665,21484,506602_bpc,507202_bpc,26.5,13.75,12.75,25.0,0.8797731639903813
25336,22156,506702_bpc,507002_bpc,27.0,25.0,2.0,-6.0,0.9007834920028952
271,1963,514302_bpc,514502_bpc,34.0,32.5,1.5,-20.0,0.9530783743167774
34282,8887,513103_mec,512802_bpc,31.25,25.25,6.0,-8.557129,0.7662376227227743
2091,1866,504701_mpc,504402_bpc,31.25,22.5,8.75,1.0,0.7640703492843994
4876,8164,508102_bpc,507402_bpc,17.5,23.75,-6.25,-23.0,0.9320122071335514
570,28351,508401_mpc,509402_bpc,32.5,30.0,2.5,3.0,0.7656318623530393
11590,1800,507001_mpc,506602_bpc,28.75,26.25,2.5,-11.0,0.855205859646995
6291,20721,502505_hec,502504_cec,24.0,26.75,-2.75,-9.0,0.8518576495521628
1163,12914,508501_mpc,508701_mpc,71.25,60.5,10.75,4.0,0.9718132772490493
25807,5372,508702_bpc,508802_bpc,62.25,81.75,-19.5,-4.0,0.9532099652558456
31529,24665,514002_bpc,514001_mpc,9.25,13.0,-3.75,-35.0,0.9521226710408395
6960,38015,512202_bpc,511902_bpc,40.5,51.25,-10.75,-44.0,0.7244473848387094
18642,27477,512701_mpc,512601_mpc,42.5,44.5,-2.0,-12.0,0.8462810189360772
20366,8136,513704_cec,514301_mpc,14.5,11.25,3.25,-5.0,0.8726542318525201
28590,11852,507201_mpc,501502_bpc,17.5,16.0,1.5,-25.0,0.8756387060371614
22705,3518,513904_cec,513103_mec,23.75,15.0,8.75,3.0,0.8719912797954581
16413,8806,514501_mpc,514302_bpc,14.75,18.25,-3.5,-19.0,0.9625346236783837
28733,28728,512104_cec,512401_mpc,25.25,24.75,0.5,9.0,0.8893653272525712
18436,10567,504201_mpc,504001_mpc,31.5,37.5,-6.0,-6.0,0.7675918100810392
4119,8736,512501_mpc,512701_mpc,38.25,38.0,0.25,16.0,0.9688967043731077
28764,17003,504903_mec,504401_mpc,27.5,23.25,4.25,-18.0,0.78205620769598
17234,30487,507402_bpc,508202_bpc,45.0,48.75,-3.75,-12.0,0.8796790898496063
6291,3169,502505_hec,502702_bpc,24.0,24.0,0.0,-12.0,0.9041816074265909
19973,5244,506501_mpc,506601_mpc,76.75,69.75,7.0,7.0,0.9373435497759718
24640,6211,506101_mpc,505204_cec,65.25,65.75,-0.5,2.0,0.9829616042335612
10122,27141,511604_cec,512104_cec,24.25,26.25,-2.0,-17.0,0.8786916806219214
2434,14316,502801_mpc,502005_hec,25.0,5.75,19.25,0.0,0.7312081002871461
5343,2498,507602_bpc,508102_bpc,23.75,10.25,13.5,-2.0,0.880887024052426
21416,15883,506702_bpc,507302_bpc,19.75,9.0,10.75,38.0,0.9131396822514302
33337,14457,502202_bpc,501802_bpc,33.0,29.25,3.75,-26.0,0.8586376694709981
13977,16822,504903_mec,504401_mpc,27.5,33.75,-6.25,15.0,0.8637122724991873
28669,31488,505102_bpc,505101_mpc,33.75,33.75,0.0,-17.0,0.8119608675088512
10848,12981,506201_mpc,506202_bpc,40.25,44.0,-3.75,-14.0,0.7704070936419489
7457,2572,507501_mpc,508001_mpc,45.25,39.0,6.25,16.0,0.8657430519293459
9398,14638,505802_bpc,505502_bpc,45.0,45.75,-0.75,-13.442871,0.882212633630225
17734,3906,509302_bpc,509202_bpc,42.5,52.25,-9.75,4.0,0.8289266004417941
16958,25198,512801_mpc,512901_mpc,32.5,25.75,6.75,-24.0,0.8699287552027457
26663,1528,511802_bpc,513104_cec,22.5,15.0,7.5,58.0,0.8914791037880457
7551,8225,501502_bpc,501903_mec,20.25,23.0,-2.75,6.0,0.8978233276051016
11175,4744,514902_bpc,514901_mpc,30.75,31.25,-0.5,-8.0,0.9176891397104788
3159,2940,504402_bpc,504401_mpc,70.0,66.75,3.25,0.0,0.9332626587924429
37998,14257,506502_bpc,506802_bpc,37.5,44.25,-6.75,-26.442871,0.8345075162093089
23669,1528,513504_cec,513104_cec,25.0,15.0,10.0,41.0,0.7861608597768646
13116,5372,509402_bpc,508802_bpc,72.5,81.75,-9.25,-2.0,0.972637687191726
2765,1387,503802_bpc,503904_cec,52.5,45.5,7.0,10.0,0.8357041602910369
10183,6252,503302_bpc,508002_bpc,72.75,93.75,-21.0,-9.0,0.9246557187572715
14965,7028,509402_bpc,508502_bpc,33.75,30.0,3.75,17.0,0.9458087812481875
39198,12539,505402_bpc,505902_bpc,32.5,38.75,-6.25,-5.442871,0.8542388626682271
6543,20966,502802_bpc,502702_bpc,43.75,38.5,5.25,-7.0,0.8776556723159363
2069,1163,509201_mpc,508501_mpc,52.5,71.25,-18.75,1.0,0.8831863393439623
19359,10370,508202_bpc,508102_bpc,32.75,28.75,4.0,5.0,0.8999225853228218
10847,7035,502005_hec,502004_cec,19.75,23.5,-3.75,-7.0,0.8663419099748848
14056,38444,505102_bpc,505802_bpc,44.75,43.0,1.75,-11.0,0.863942098319872
707,14017,509401_mpc,509104_cec,4.25,15.25,-11.0,-9.442871,0.9159008230029381
2222,8653,505701_mpc,505301_mpc,39.25,37.0,2.25,9.0,0.9146527400220293
4820,4866,511902_bpc,512401_mpc,21.75,17.75,4.0,9.0,0.9430478989572364
9156,7847,511304_cec,511202_bpc,13.75,20.25,-6.5,-43.0,0.9495189584396856
22509,6037,506903_mec,505203_mec,56.75,84.5,-27.75,-8.0,0.8210006425901814
2348,5399,507601_mpc,508101_mpc,22.5,27.5,-5.0,8.0,0.883624730828975
1363,3767,507602_bpc,507702_bpc,30.25,25.0,5.25,6.0,0.9502108632398546
15141,19565,505203_mec,505101_mpc,68.75,96.5,-27.75,-3.0,0.9601034110421832
13698,20497,506501_mpc,506502_bpc,40.0,43.75,-3.75,8.0,0.771684650286853
19958,15029,509105_hec,508903_mec,20.0,26.5,-6.5,16.0,0.8992620522240181
36539,17599,503602_bpc,503601_mpc,45.5,40.0,5.5,8.0,0.7363661373517641
18091,34612,511902_bpc,510102_bpc,47.5,52.75,-5.25,-15.0,0.9239956363858629
28590,17437,507201_mpc,501802_bpc,17.5,15.0,2.5,-14.0,0.8359176774328256
3170,14726,507002_bpc,506601_mpc,25.0,16.25,8.75,-21.0,0.9228725860168485
295,240,514402_bpc,514401_mpc,25.0,23.0,2.0,17.0,0.8818590802658978
5608,4866,513704_cec,512401_mpc,21.75,17.75,4.0,-34.0,0.8252236857515033
4245,12066,502702_bpc,503002_bpc,43.75,50.0,-6.25,8.0,0.9133332595052681
27273,32230,506201_mpc,506301_mpc,45.75,48.75,-3.0,2.0,0.8974121576518439
15163,330,508402_bpc,509402_bpc,44.5,42.0,2.5,-2.0,0.836183364457806
14099,3396,511802_bpc,513504_cec,16.25,7.5,8.75,-25.0,0.9112576613381962
10217,16165,513404_cec,513403_mec,44.5,37.5,7.0,-1.0,0.6313725911250095
2295,25396,508302_bpc,508502_bpc,44.5,62.75,-18.25,0.0,0.8039772381122984
34921,4744,514801_mpc,514901_mpc,30.25,31.25,-1.0,-17.0,0.9478416159237076
26493,20279,505301_mpc,505801_mpc,63.75,67.5,-3.75,10.0,0.96390084710103
15912,31977,509501_mpc,509201_mpc,58.0,58.75,-0.75,16.0,0.956193893605128
3161,2019,505902_bpc,506002_bpc,40.0,39.75,0.25,-1.0,0.8784233063000947
37587,14080,514702_bpc,513201_mpc,35.0,24.75,10.25,-30.0,0.7047201473906994
7174,27450,508904_cec,508801_mpc,48.0,45.0,3.0,-7.0,0.8279818875366567
35370,3871,507202_bpc,506602_bpc,60.0,67.5,-7.5,3.0,0.9812651288214219
6746,9015,503602_bpc,504201_mpc,23.25,17.75,5.5,-10.0,0.8734789667825141
6779,3939,507601_mpc,507904_cec,10.0,13.75,-3.75,-23.0,0.9573151614452435
2906,28786,511202_bpc,512901_mpc,54.75,76.25,-21.5,-10.0,0.8058550237233579
10718,11951,514901_mpc,514801_mpc,31.75,36.5,-4.75,-1.0,0.8574294607274923
14664,31297,508202_bpc,507702_bpc,23.75,16.5,7.25,0.0,0.9535595531064547
24792,9330,511901_mpc,510102_bpc,50.0,43.5,6.5,20.0,0.8933865180717779
11892,33402,514902_bpc,513704_cec,30.0,29.0,1.0,12.0,0.860528531610191
14711,10788,508301_mpc,508701_mpc,36.25,38.75,-2.5,-13.0,0.9208150219607503
25624,30992,506501_mpc,507202_bpc,26.0,22.5,3.5,-29.0,0.791031316920668
2982,26331,513403_mec,513202_bpc,78.75,68.75,10.0,-7.0,0.9437627807975565
8894,27215,509201_mpc,509301_mpc,39.0,37.5,1.5,15.0,0.7846706368122215
4103,30976,514202_bpc,513503_mec,12.5,19.0,-6.5,-4.0,0.906008255463764
7371,9133,512901_mpc,512902_bpc,43.75,52.25,-8.5,-17.0,0.7721791321298102
2384,8653,505601_mpc,505301_mpc,35.25,37.0,-1.75,-1.0,0.9446399798336986
4252,12405,505402_bpc,506002_bpc,43.75,44.75,-1.0,1.0,0.885515676477726
11428,30844,507001_mpc,506601_mpc,30.0,32.25,-2.25,-9.0,0.8900522892182587
8424,19170,508701_mpc,509201_mpc,36.5,33.75,2.75,10.0,0.45584764564887426
2745,21148,503101_mpc,503601_mpc,25.5,33.75,-8.25,-28.0,0.7567686167353467
17611,36884,511401_mpc,511201_mpc,46.25,48.5,-2.25,8.0,0.9103606155262055
20208,24029,509302_bpc,508502_bpc,42.25,39.5,2.75,47.0,0.8007871158624634
4290,1620,508002_bpc,508202_bpc,13.25,20.25,-7.0,-37.0,0.9471048890530973
30469,19159,503801_mpc,504001_mpc,38.75,35.25,3.5,11.0,0.8730995485281444
12989,16307,513201_mpc,513202_bpc,36.0,30.0,6.0,-17.0,0.7751686217118251
21057,29370,512702_bpc,512701_mpc,58.25,57.75,0.5,-27.0,0.9667577493238002
8337,2318,505502_bpc,505802_bpc,19.75,6.25,13.5,1.0,0.9245744902766111
42,36845,512602_bpc,512501_mpc,25.0,33.75,-8.75,31.0,0.8216687029131937
10933,8809,504504_cec,504503_mec,9.5,20.0,-10.5,11.0,0.8868702627309588
17101,14859,506903_mec,506802_bpc,13.25,13.0,0.25,-8.0,0.9427080680478632
4839,29970,503904_cec,503102_bpc,16.5,1.5,15.0,23.0,0.9282695616735974
5345,12708,507002_bpc,506701_mpc,65.0,70.25,-5.25,-9.0,0.9007275219101061
4275,21207,512401_mpc,511901_mpc,64.0,62.5,1.5,13.0,0.9729484496132411
20379,7336,511902_bpc,512104_cec,-2.5,6.0,-8.5,-12.0,0.9539475049354535
32008,25461,512801_mpc,513103_mec,69.0,100.0,-31.0,-6.0,0.9469515419148361
2410,6933,512502_bpc,512701_mpc,32.25,31.5,0.75,-18.0,0.9167926210438009
12412,5181,514701_mpc,514601_mpc,48.25,56.5,-8.25,-1.0,0.8790068341371641
27670,21290,514901_mpc,514801_mpc,33.0,29.25,3.75,-20.0,0.882956832861231
8852,13593,505204_cec,505401_mpc,26.25,20.0,6.25,15.0,0.9194020557668126
11425,4308,502702_bpc,502802_bpc,44.0,47.5,-3.5,-4.0,0.8279374692107582
28273,38088,502102_bpc,502201_mpc,63.75,57.75,6.0,-17.0,0.9445920751377204
17915,4822,508702_bpc,508302_bpc,45.0,42.75,2.25,8.0,0.8023031268887652
2175,35461,512701_mpc,512602_bpc,41.25,44.0,-2.75,-16.0,0.8898373103180698
30061,10612,505901_mpc,505601_mpc,49.0,46.25,2.75,7.0,0.9011516636497249
18643,32477,514701_mpc,514902_bpc,34.0,33.0,1.0,6.0,0.8935887496727584
13414,23653,508401_mpc,509202_bpc,47.5,45.0,2.5,6.0,0.9269744983965907
14342,20783,506002_bpc,505402_bpc,42.5,53.75,-11.25,-11.0,0.8244828238149305
37683,13980,506502_bpc,506701_mpc,25.25,27.5,-2.25,-33.0,0.9121712986889143
29109,2125,511304_cec,513504_cec,18.75,7.5,11.25,10.0,0.9157814992622263
7930,9509,508201_mpc,508001_mpc,32.5,36.5,-4.0,-8.0,0.9082714018478129
28014,6478,513601_mpc,511701_mpc,23.75,16.25,7.5,40.0,0.8638900220256847
17997,36978,514901_mpc,514902_bpc,71.25,65.75,5.5,-3.0,0.9447078512244664
17034,5100,503801_mpc,503301_mpc,21.75,24.0,-2.25,17.0,0.8281241735670075
1252,20536,508001_mpc,507402_bpc,6.0,17.5,-11.5,24.0,0.9524682111617268
17700,12040,508702_bpc,509502_bpc,40.0,44.25,-4.25,16.0,0.7783072788173672
23647,32974,508903_mec,515001_mpc,15.0,7.75,7.25,-11.0,0.9091882618559315
4973,13415,505502_bpc,505402_bpc,64.0,53.75,10.25,-10.0,0.9261979473813751
25869,14537,509401_mpc,508301_mpc,21.5,20.0,1.5,33.0,0.8478221829445554
37695,33279,512402_bpc,510102_bpc,33.75,23.75,10.0,-12.0,0.6837665268052241
4836,6302,503802_bpc,503602_bpc,40.0,46.25,-6.25,2.0,0.8310801107196593
17332,15001,505301_mpc,505501_mpc,28.75,37.0,-8.25,-5.0,0.8175893505652756
951,38585,511202_bpc,511201_mpc,54.25,66.0,-11.75,-6.0,0.924493143301971
15286,16828,503301_mpc,504201_mpc,58.75,71.25,-12.5,-21.0,0.9403161834475272
6702,17101,506702_bpc,506903_mec,16.25,13.25,3.0,-6.442871,0.942939895226405
7435,9017,513903_mec,512902_bpc,41.75,61.25,-19.5,8.0,0.704913330925452
16619,30774,506802_bpc,507201_mpc,23.0,21.0,2.0,-12.0,0.9025978975011067
13888,24729,505702_bpc,505902_bpc,40.0,40.0,0.0,-24.0,0.9367275899008736
8422,6573,508102_bpc,507702_bpc,29.25,31.25,-2.0,2.0,0.921153531233729
34936,2219,506501_mpc,506701_mpc,45.0,50.0,-5.0,22.0,0.7683380905967087
36627,15789,512701_mpc,512601_mpc,37.75,35.25,2.5,14.0,0.8117378318022037
33381,26959,503002_bpc,511802_bpc,10.0,16.25,-6.25,24.0,0.9444175519556826
19763,21313,512701_mpc,514602_bpc,45.75,53.75,-8.0,5.0,0.8064439680609475
18320,25928,514501_mpc,514301_mpc,37.5,33.0,4.5,-30.0,0.9429289773288354
11812,18707,512104_cec,511902_bpc,26.25,-2.75,29.0,-25.0,0.81238011105198
14525,14688,501801_mpc,501601_mpc,47.5,61.25,-13.75,-9.0,0.891593902836127
12078,12959,502005_hec,501602_bpc,26.25,14.25,12.0,-24.0,0.6931610962587752
18984,16462,502201_mpc,512601_mpc,61.25,98.75,-37.5,-12.0,0.8718719724257475
30844,36879,506601_mpc,507001_mpc,32.25,36.5,-4.25,0.0,0.8775595572294201
23038,7017,503101_mpc,503801_mpc,43.75,40.0,3.75,-9.0,0.8129162701265092
5104,14126,507701_mpc,507904_cec,21.0,3.25,17.75,9.0,0.9212728740291619
5227,9341,507001_mpc,507701_mpc,42.5,40.0,2.5,-4.0,0.8563618198846996
14638,13393,505502_bpc,505102_bpc,45.75,51.25,-5.5,-13.0,0.8306271294130666
36279,36472,514501_mpc,512104_cec,50.25,51.5,-1.25,-10.0,0.7703533872755762
18012,12213,508102_bpc,507701_mpc,22.5,21.5,1.0,-21.0,0.9620797756532806
14130,25626,512104_cec,511901_mpc,30.0,21.25,8.75,-9.0,0.7107548132668926
10195,3308,503102_bpc,503202_bpc,46.0,43.5,2.5,-32.0,0.8126678902313296
3974,32174,503602_bpc,504202_bpc,37.75,34.25,3.5,5.0,0.7605063376466669
20686,18659,514501_mpc,514502_bpc,37.5,38.5,-1.0,-3.0,0.517805575090458
4267,2432,507601_mpc,507801_mpc,13.0,8.0,5.0,-11.0,0.9102760951262632
24600,26346,507401_mpc,504202_bpc,38.75,33.0,5.75,27.0,0.6647794753577524
2543,14913,507301_mpc,509501_mpc,19.25,14.0,5.25,-5.0,0.8024800480005869
8452,28124,502202_bpc,501904_cec,29.25,34.25,-5.0,-4.0,0.8694255835266137
4622,28927,501801_mpc,501602_bpc,48.0,45.0,3.0,4.0,0.8871424420644854
19844,8594,508701_mpc,508301_mpc,51.25,47.5,3.75,20.0,0.9642881937630755
39104,24311,504503_mec,504701_mpc,65.5,59.25,6.25,7.0,0.9302129887592695
37611,35968,513201_mpc,512104_cec,24.0,5.0,19.0,11.0,0.7206883428396671
8951,2277,512902_bpc,512801_mpc,35.0,30.25,4.75,16.0,0.7954043233949334
8566,13593,505801_mpc,505401_mpc,22.0,20.0,2.0,20.0,0.965802061394278
2105,18278,509301_mpc,508501_mpc,91.5,99.75,-8.25,5.0,0.9957517568435192
25170,25697,502201_mpc,502101_mpc,26.5,28.75,-2.25,3.0,0.8707607395046679
35480,29041,511702_bpc,511802_bpc,43.75,73.75,-30.0,-13.0,0.660028855534845
17644,37001,513504_cec,513704_cec,19.75,9.75,10.0,5.0,0.9565113822633693
5035,5721,503101_mpc,503801_mpc,43.0,48.25,-5.25,-12.0,0.8408011049718067
24500,17593,505501_mpc,505802_bpc,45.5,50.0,-4.5,-9.0,0.8438413519849126
10126,25928,514501_mpc,514301_mpc,40.0,33.0,7.0,-41.0,0.73156200639433
13896,21231,502801_mpc,502802_bpc,35.0,30.0,5.0,8.0,0.5629953957290104
24029,9074,508502_bpc,508402_bpc,39.5,43.75,-4.25,-38.0,0.7498842661705736
18065,22017,507201_mpc,507002_bpc,28.75,31.0,-2.25,-2.0,0.9209336731835658
9062,15016,502702_bpc,503002_bpc,39.0,41.25,-2.25,9.0,0.8655885860635437
27397,33148,503905_hec,505203_mec,17.25,4.0,13.25,18.0,0.8804218998987375
3556,1512,508002_bpc,507702_bpc,23.75,25.0,-1.25,19.0,0.9704930488958856
5796,2520,512202_bpc,511901_mpc,75.75,91.25,-15.5,-19.0,0.9583348487687883
34347,2193,503101_mpc,503301_mpc,8.75,13.5,-4.75,-27.0,0.9264822200471114
12851,27006,514902_bpc,514802_bpc,43.75,46.5,-2.75,1.0,0.7883272230403423
5251,24733,506101_mpc,506102_bpc,77.5,66.25,11.25,7.0,0.9645041511934005
286,4217,509002_bpc,508402_bpc,40.75,43.25,-2.5,31.0,0.9308454922198953
147,9664,507501_mpc,508201_mpc,70.0,67.75,2.25,4.0,0.986403234351427
33220,7885,503302_bpc,503102_bpc,6.75,6.25,0.5,35.0,0.9695410934933136
17184,22792,513601_mpc,514001_mpc,40.75,41.0,-0.25,5.0,0.5826038634052387
33568,23169,511701_mpc,511702_bpc,60.75,60.25,0.5,29.0,0.9613139614990088
34297,707,509104_cec,509401_mpc,16.25,4.25,12.0,1.4428711,0.9197159737863524
10174,7286,509502_bpc,509302_bpc,62.5,54.75,7.75,-3.0,0.9450957599274878
35726,1740,505701_mpc,505702_bpc,43.75,42.5,1.25,-11.0,0.818364921672625
8365,10033,514501_mpc,514301_mpc,34.25,40.0,-5.75,11.0,0.825610513825185
17185,2600,507601_mpc,508001_mpc,18.75,23.75,-5.0,9.0,0.9831658998093443
14740,29804,512802_bpc,512902_bpc,33.0,43.75,-10.75,-13.0,0.6611299753120535
27179,11717,503301_mpc,502701_mpc,51.25,57.5,-6.25,2.0,0.8688005082215892
28117,30091,511201_mpc,511401_mpc,45.0,46.0,-1.0,15.0,0.9747189529271356
22696,16112,508903_mec,509502_bpc,26.25,29.5,-3.25,-20.0,0.8212308612880392
13980,37683,506701_mpc,506502_bpc,27.5,25.25,2.25,33.0,0.9121712986889143
29002,820,505302_bpc,506002_bpc,49.75,52.5,-2.75,3.0,0.9794742099698155
17085,32578,513602_bpc,512801_mpc,46.75,64.5,-17.75,6.0,0.6444546877933761
39140,147,507801_mpc,507501_mpc,61.25,70.0,-8.75,-3.0,0.9832629116499445
20281,6249,506001_mpc,505501_mpc,21.75,0.0,21.75,-1.0,0.9315819469091986
30530,22384,503301_mpc,503802_bpc,62.5,55.0,7.5,-11.0,0.9087033395895479
20581,8274,505602_bpc,505902_bpc,63.75,57.5,6.25,-8.0,0.9613599719840675
21361,25359,508904_cec,515001_mpc,26.0,29.5,-3.5,23.0,0.8987299463228071
6199,31474,514502_bpc,514302_bpc,19.0,22.25,-3.25,-34.0,0.9267229983691918
16283,3287,503002_bpc,502802_bpc,35.25,41.0,-5.75,-3.0,0.7996272668599255
24388,34401,508802_bpc,509202_bpc,29.5,30.75,-1.25,0.0,0.8415910897193568
13484,10148,502505_hec,503002_bpc,26.25,19.5,6.75,12.0,0.776724199565812
6805,5525,504504_cec,504904_cec,30.0,23.75,6.25,-20.0,0.7114438009018553
16388,755,504402_bpc,504401_mpc,55.25,66.25,-11.0,0.0,0.8640376725620688
17988,33816,505601_mpc,505501_mpc,26.25,23.75,2.5,-10.0,0.9400748103170473
34482,15860,503801_mpc,503802_bpc,48.75,44.75,4.0,18.0,0.737194976139239
17067,14353,506903_mec,506501_mpc,35.75,42.5,-6.75,-4.0,0.5070251784168962
18842,14579,502101_mpc,501801_mpc,66.5,55.0,11.5,7.0,0.9316602549710766
38063,15452,510102_bpc,512401_mpc,8.75,17.75,-9.0,18.0,0.8944357663493716
19831,4472,502702_bpc,503002_bpc,39.25,44.0,-4.75,9.0,0.8309257300868669
37222,11664,502005_hec,507001_mpc,15.0,16.25,-1.25,-27.0,0.8515568675372432
34390,21592,511303_mec,511402_bpc,21.75,20.0,1.75,10.0,0.920790500491914
21318,2982,512902_bpc,513403_mec,61.75,78.75,-17.0,-8.0,0.9056486577533396
9828,18787,511202_bpc,511201_mpc,40.25,51.75,-11.5,-9.0,0.6641337445197614
16387,12606,513504_cec,513904_cec,10.25,11.25,-1.0,-27.0,0.9356487278204445
35440,14571,503201_mpc,504001_mpc,73.5,67.5,6.0,7.0,0.9367797177853805
6947,36643,512201_mpc,512401_mpc,54.25,53.0,1.25,15.0,0.897720437328479
4372,35370,506702_bpc,507202_bpc,45.0,60.0,-15.0,-4.0,0.7908536401296319
19068,25413,506404_cec,507904_cec,17.75,11.5,6.25,37.0,0.8890620827288499
19706,22391,502801_mpc,514801_mpc,83.75,98.25,-14.5,16.0,0.9480632664155139
19566,28139,502202_bpc,502102_bpc,54.0,58.75,-4.75,-16.0,0.9509872790114159
33211,1796,509002_bpc,509302_bpc,22.75,22.5,0.25,22.557129,0.9704942355853796
19566,33730,502202_bpc,501802_bpc,54.0,67.5,-13.5,-23.0,0.9307570745705639
7481,25015,508802_bpc,509401_mpc,81.25,78.0,3.25,-11.0,0.9621383937257255
9214,33191,514701_mpc,514902_bpc,41.5,45.25,-3.75,25.0,0.8260166203455667
10531,2603,501601_mpc,502202_bpc,22.75,26.25,-3.5,10.0,0.846073153444238
19661,8761,509002_bpc,509104_cec,26.25,21.25,5.0,-35.0,0.8403642271814489
32298,33713,510102_bpc,514201_mpc,23.75,10.0,13.75,28.0,0.8072534611132058
35586,2157,505502_bpc,505602_bpc,27.5,27.5,0.0,35.0,0.8896085892769918
10345,4912,515001_mpc,508302_bpc,36.5,37.5,-1.0,25.0,0.6637181776170823
4349,10141,508001_mpc,508201_mpc,38.25,37.0,1.25,8.0,0.8425294018403499
38916,2571,507201_mpc,507001_mpc,61.25,81.25,-20.0,-12.0,0.9550936756551656
29002,17593,505302_bpc,505802_bpc,49.75,50.0,-0.25,-3.0,0.9297081603924537
6460,19658,508101_mpc,508202_bpc,1.25,17.75,-16.5,-19.0,0.9196426948340386
4952,36845,512602_bpc,512501_mpc,28.75,33.75,-5.0,32.0,0.8618648535058495
34290,30249,501802_bpc,501602_bpc,35.0,28.5,6.5,-4.0,0.8505042995070708
16860,22886,511201_mpc,511402_bpc,46.0,56.25,-10.25,-17.0,0.8274807461413416
10426,3173,502802_bpc,503002_bpc,36.0,34.75,1.25,0.0,0.9156204236997583
17112,13288,512202_bpc,511902_bpc,33.75,37.5,-3.75,-30.0,0.8354800660924169
32149,7124,514201_mpc,513903_mec,11.25,20.0,-8.75,21.0,0.9502536070421369
7017,16772,503801_mpc,503601_mpc,40.0,46.75,-6.75,20.0,0.8193607267018661
36567,12634,503002_bpc,502701_mpc,34.0,38.75,-4.75,-33.0,0.7828293143461942
6372,7862,501904_cec,503601_mpc,38.75,39.5,-0.75,1.0,0.655766003340741
26796,19691,501801_mpc,502101_mpc,46.25,48.25,-2.0,18.0,0.9236798766421707
20302,5660,507302_bpc,507002_bpc,28.5,25.5,3.0,-2.0,0.8900827088440839
18166,32281,504701_mpc,504402_bpc,31.25,36.25,-5.0,-10.0,0.8005436396802871
34728,22078,511303_mec,511401_mpc,29.0,20.0,9.0,4.0,0.8672396994709968
20849,18004,503101_mpc,503601_mpc,53.25,52.25,1.0,-4.0,0.9460097302908461
23246,28715,505102_bpc,505802_bpc,25.25,21.25,4.0,14.0,0.8669157773885432
1510,2722,513104_cec,513404_cec,12.5,12.5,0.0,11.0,0.9883634337053716
28261,249,504401_mpc,504904_cec,33.75,22.25,11.5,24.0,0.7407919993549059
38315,23861,512104_cec,511304_cec,10.0,10.0,0.0,8.0,0.9530498490009767
11058,27946,501802_bpc,502202_bpc,50.25,60.5,-10.25,4.0,0.9168493700554099
31228,18079,514701_mpc,514801_mpc,67.75,77.5,-9.75,8.0,0.9876328916117587
10504,24963,511304_cec,511303_mec,21.25,13.75,7.5,9.0,0.8416742318882513
20377,6578,510102_bpc,511902_bpc,31.5,17.75,13.75,-16.0,0.827428757896798
1209,22186,503601_mpc,503101_mpc,23.25,27.5,-4.25,12.0,0.8137061475729966
11097,3308,503602_bpc,503202_bpc,41.75,43.5,-1.75,-17.0,0.8942138897133745
2226,27797,507602_bpc,508202_bpc,40.0,50.0,-10.0,13.0,0.7807806433473914
25551,3919,508101_mpc,507501_mpc,61.25,55.25,6.0,-8.0,0.9313603490084197
36022,19418,505802_bpc,505302_bpc,46.25,49.0,-2.75,10.0,0.9127724465021948
21765,19169,514702_bpc,514801_mpc,54.5,48.75,5.75,-49.0,0.927533507599529
35833,2647,513503_mec,511702_bpc,8.75,19.0,-10.25,-6.0,0.8948377071879842
105,13545,502801_mpc,512901_mpc,68.75,102.5,-33.75,-1.0,0.9150190192572181
6242,8225,501802_bpc,501903_mec,28.5,23.0,5.5,-3.0,0.8912305437304702
21318,17467,512902_bpc,511603_mec,61.75,50.0,11.75,-2.0,0.895445591329814
30917,18669,511603_mec,511303_mec,7.5,18.75,-11.25,-7.0,0.9084205418493437
12499,31987,508802_bpc,509202_bpc,41.25,44.75,-3.5,-4.0,0.9025534717315583
34575,14059,501802_bpc,501601_mpc,75.0,105.25,-30.25,2.0,0.9535292637063301
27141,22705,512104_cec,513904_cec,26.25,23.75,2.5,17.0,0.8631686576672745
547,25604,506101_mpc,507001_mpc,53.75,72.5,-18.75,3.0,0.9436099539840382
14493,2477,505401_mpc,507701_mpc,55.0,66.25,-11.25,1.0,0.9435278434726878
3042,19704,502801_mpc,503001_mpc,61.25,53.75,7.5,-6.0,0.9414764003087839
35162,1419,503201_mpc,503101_mpc,11.25,22.5,-11.25,5.0,0.9010369815850383
12980,5372,515002_bpc,508802_bpc,71.25,81.75,-10.5,-10.0,0.9853935299921646
22802,25561,506602_bpc,506502_bpc,30.0,26.25,3.75,-19.0,0.9209759311576691
27699,33061,512202_bpc,512402_bpc,39.75,30.5,9.25,24.0,0.744301110843595
31139,37252,509202_bpc,509104_cec,15.25,23.5,-8.25,-12.0,0.9239198372685846
2030,17352,505801_mpc,505401_mpc,81.25,65.0,16.25,-3.0,0.9776178111028233
2083,14845,514501_mpc,514302_bpc,7.75,17.0,-9.25,-41.0,0.9207108237541249
5435,12938,508702_bpc,508701_mpc,30.5,27.5,3.0,6.0,0.8286841527750135
27477,15712,512601_mpc,512701_mpc,44.5,43.75,0.75,22.0,0.82934526800866
14973,30095,502005_hec,505902_bpc,20.0,-1.75,21.75,-20.0,0.7668766444332517
32551,39394,503302_bpc,503202_bpc,28.75,27.5,1.25,-23.0,0.7999008992228842
6458,25215,502505_hec,502005_hec,23.75,16.0,7.75,22.0,0.8353055242266696
10416,30341,505902_bpc,505502_bpc,39.0,45.0,-6.0,-3.0,0.8408988823434045
7992,2698,507801_mpc,507501_mpc,17.5,18.75,-1.25,-23.0,0.9835240284817642
36417,17012,503002_bpc,502702_bpc,53.75,73.75,-20.0,-33.0,0.9429859752043657
27955,16772,503801_mpc,503601_mpc,47.25,46.75,0.5,30.0,0.8115024053110247
4601,33533,512602_bpc,511702_bpc,31.25,35.25,-4.0,29.0,0.6527846063980082
2958,17579,503201_mpc,504001_mpc,61.25,63.75,-2.5,-2.0,0.899847840344652
18802,21436,501904_cec,501903_mec,28.75,16.25,12.5,32.0,0.7584914484433769
5225,32514,503904_cec,503102_bpc,23.25,26.25,-3.0,31.0,0.8713588044221823
4231,19880,508904_cec,503905_hec,27.5,22.5,5.0,8.0,0.8163587030900875
28117,951,511201_mpc,511202_bpc,45.0,54.25,-9.25,3.0,0.847762532485741
4052,22499,504202_bpc,504002_bpc,37.5,35.75,1.75,-2.0,0.8592336224197655
16636,22218,513104_cec,513904_cec,21.25,21.25,0.0,-20.0,0.9402829002113038
25987,36586,506801_mpc,506404_cec,18.75,16.5,2.25,-16.0,0.9130560526406154
7862,7076,503601_mpc,504201_mpc,39.5,48.75,-9.25,3.0,0.5738413563120008
36356,28530,513201_mpc,505701_mpc,100.25,92.5,7.75,7.0,0.9584037627164624
16378,16959,509202_bpc,508502_bpc,48.75,45.75,3.0,12.0,0.9630577155724349
6214,1743,506602_bpc,502505_hec,30.0,14.0,16.0,7.0,0.6940370829469061
10748,18894,509301_mpc,508904_cec,29.75,25.0,4.75,8.0,0.8018374332550472
23100,22961,506101_mpc,506102_bpc,23.25,26.0,-2.75,-4.0,0.8522579347283402
11993,12041,504201_mpc,504202_bpc,47.5,50.0,-2.5,12.0,0.7395852358167013
33274,28605,509201_mpc,508302_bpc,65.5,63.0,2.5,21.0,0.9736825015472271
12010,24311,504401_mpc,504701_mpc,62.5,59.25,3.25,4.0,0.9301553785691807
9404,25959,506301_mpc,506201_mpc,82.75,77.5,5.25,10.0,0.9871951304062317
15445,28756,512202_bpc,512401_mpc,18.5,24.25,-5.75,23.0,0.8335707664653004
14711,12998,508301_mpc,508701_mpc,36.25,38.5,-2.25,-7.0,0.9165692316406779
23702,36641,509501_mpc,505701_mpc,9.25,6.75,2.5,0.0,0.9572381086369596
1419,16425,503101_mpc,504001_mpc,22.5,25.0,-2.5,12.0,0.8020070300584998
11182,12148,504402_bpc,504503_mec,40.0,30.0,10.0,-2.0,0.6446497958122637
5000,13545,507501_mpc,512901_mpc,100.25,102.5,-2.25,19.0,0.9644515954475766
36157,15688,505301_mpc,505901_mpc,70.5,66.25,4.25,-14.0,0.9714868898885378
14043,32626,502701_mpc,502702_bpc,14.0,23.75,-9.75,-41.0,0.8931484745074981
966,8719,506601_mpc,508701_mpc,10.25,14.25,-4.0,-9.0,0.928586126779695
9416,9214,514702_bpc,514701_mpc,42.75,41.5,1.25,-32.0,0.8518124086283789
3370,38427,508102_bpc,507602_bpc,48.75,63.75,-15.0,6.0,0.7779854161209941
5073,1927,503905_hec,502505_hec,12.5,11.25,1.25,-4.0,0.8652575443703139
33541,9938,502004_cec,501502_bpc,32.5,30.0,2.5,-17.0,0.8545417030067528
21751,9553,505102_bpc,505502_bpc,57.5,83.5,-26.0,7.0,0.9350281150708001
6164,16016,502701_mpc,503001_mpc,63.75,53.25,10.5,-5.0,0.9676121626122273
25302,15096,506903_mec,506601_mpc,17.75,18.0,-0.25,-50.0,0.9332414684794162
19639,27849,501601_mpc,502101_mpc,57.5,64.25,-6.75,-9.0,0.9755268025684393
4612,11009,508001_mpc,507501_mpc,37.25,41.25,-4.0,-16.0,0.9033506576310923
32472,14017,504002_bpc,509104_cec,4.25,15.25,-11.0,-21.0,0.919485276339891
15158,8664,502202_bpc,501602_bpc,69.5,57.75,11.75,13.0,0.9460386313688409
3308,19920,503202_bpc,503102_bpc,43.5,46.25,-2.75,5.0,0.784860512128615
5733,19527,508801_mpc,509501_mpc,54.0,53.25,0.75,-11.0,0.9166125591620169
22374,38294,506501_mpc,506701_mpc,51.25,55.0,-3.75,9.0,0.8931438819534291
5181,14356,514601_mpc,514901_mpc,56.5,75.75,-19.25,-9.0,0.9256047042319678
24091,14402,510101_mpc,512201_mpc,31.25,35.25,-4.0,-1.0,0.8774654540943664
23713,25141,508903_mec,507702_bpc,19.0,14.5,4.5,28.0,0.9122680300663201
28117,12815,511201_mpc,511402_bpc,45.0,50.0,-5.0,20.0,0.8591864047528031
21689,19773,512502_bpc,512601_mpc,32.75,28.75,4.0,-33.0,0.7009413334822723
11122,37061,506801_mpc,506702_bpc,24.0,27.5,-3.5,19.0,0.9072982686647788
23140,16868,505401_mpc,505203_mec,32.5,28.75,3.75,-29.0,0.6236274451681859
3917,17059,509104_cec,506903_mec,21.25,22.5,-1.25,-20.0,0.78880241225175
23300,5704,511801_mpc,511701_mpc,46.25,71.25,-25.0,-4.0,0.7912951496704378
32680,22829,506903_mec,507301_mpc,40.0,31.25,8.75,31.0,0.5156540768687206
16285,7205,509002_bpc,508401_mpc,19.75,17.5,2.25,6.0,0.885745531409882
17380,8284,514601_mpc,514801_mpc,61.25,61.0,0.25,37.0,0.9956963212526004
16512,29474,511901_mpc,510101_mpc,23.5,-2.5,26.0,-36.0,0.8402341131672069
10465,12606,513404_cec,513904_cec,7.5,11.25,-3.75,-11.0,0.9624386080339314
8267,6587,514301_mpc,514501_mpc,60.0,47.5,12.5,-19.0,0.903746698735648
28517,3835,506903_mec,506904_cec,23.75,22.5,1.25,-17.0,0.8805946767376076
29087,8174,514402_bpc,514302_bpc,18.75,21.0,-2.25,34.0,0.9746240841040856
23259,25051,513504_cec,511702_bpc,5.0,0.0,5.0,8.0,0.9259292325259996
33292,32419,505702_bpc,505203_mec,25.0,28.0,-3.0,-28.0,0.9024061351537548
27096,26762,512104_cec,512201_mpc,27.5,32.5,-5.0,27.0,0.8008211394972128
7167,10402,514401_mpc,514301_mpc,6.25,7.5,-1.25,-4.0,0.918198178879269
2520,9009,511901_mpc,512201_mpc,91.25,66.25,25.0,20.0,0.976003897668665
14807,22722,505101_mpc,505901_mpc,37.0,29.0,8.0,23.0,0.7824460223498183
22488,35162,503101_mpc,503201_mpc,20.0,11.25,8.75,-11.0,0.9491680452547213
4742,25245,508502_bpc,509001_mpc,62.0,78.75,-16.75,1.0,0.9218970718906482
13771,24092,506701_mpc,506302_bpc,44.0,49.25,-5.25,-6.0,0.8711879191834079
2723,33051,509104_cec,508903_mec,23.75,18.75,5.0,36.0,0.8441630970985727
7611,12535,507202_bpc,504202_bpc,22.75,25.0,-2.25,-12.0,0.8852747084556593
11951,7889,514801_mpc,514702_bpc,36.5,33.0,3.5,39.0,0.8006361966514604
2204,11252,504702_bpc,504402_bpc,54.25,45.0,9.25,3.0,0.8769541848032661
33999,26117,512104_cec,513404_cec,31.25,26.5,4.75,34.0,0.7660523127930412
11229,9020,513201_mpc,513202_bpc,28.5,37.5,-9.0,-7.0,0.6612667018230809
3538,20155,506001_mpc,505102_bpc,18.75,19.5,-0.75,-21.0,0.8891396037954056
15174,14129,514001_mpc,513601_mpc,26.25,30.0,-3.75,14.0,0.8788616549937137
2403,30095,502702_bpc,505902_bpc,12.5,-1.75,14.25,-2.0,0.8574740347465336
3158,25461,508903_mec,513103_mec,78.75,100.0,-21.25,22.0,0.941101962577842
66,25307,514502_bpc,514302_bpc,12.75,20.75,-8.0,-25.0,0.9048325557181947
27858,24054,501904_cec,502004_cec,24.0,16.25,7.75,-20.557129,0.877674525898426
29372,24736,506701_mpc,506702_bpc,11.75,21.25,-9.5,1.0,0.9462300494398044
29040,11211,511304_cec,513104_cec,30.25,22.0,8.25,-4.0,0.7300823187606884
5461,2007,511902_bpc,512402_bpc,43.0,61.0,-18.0,8.0,0.75349090163024
38639,18620,503001_mpc,503002_bpc,47.5,53.75,-6.25,-13.0,0.7393945345142569
20100,37642,512402_bpc,511901_mpc,39.5,36.25,3.25,-15.0,0.8120283288037567
9089,11043,503002_bpc,502702_bpc,41.75,40.0,1.75,-6.0,0.9050778243618856
29334,6443,506702_bpc,507302_bpc,32.5,33.75,-1.25,-7.0,0.8941837017479196
16626,19973,507201_mpc,506501_mpc,51.25,76.75,-25.5,0.0,0.8412393258989768
755,21136,504401_mpc,504701_mpc,66.25,57.75,8.5,-3.0,0.9457464421251174
6347,8874,501801_mpc,502004_cec,36.75,35.0,1.75,20.0,0.8111753160681159
16506,5973,511604_cec,512104_cec,27.5,8.0,19.5,65.0,0.83784014325817
13545,36792,512901_mpc,506101_mpc,102.5,92.5,10.0,-18.0,0.9595504204433097
750,14450,509402_bpc,509302_bpc,40.75,42.0,-1.25,-4.0,0.9186450424792163
5186,16953,506301_mpc,506201_mpc,49.5,55.0,-5.5,-3.0,0.8744670806968838
4282,38603,508201_mpc,508001_mpc,36.5,36.0,0.5,-3.0,0.7635080524285354
30802,25652,502004_cec,501903_mec,42.5,40.0,2.5,11.0,0.8779590285372291
5497,36017,508002_bpc,507802_bpc,38.75,32.25,6.5,-2.0,0.8687084487511298
2724,30821,514402_bpc,514502_bpc,31.25,32.5,-1.25,14.0,0.8321415039499157
12344,36036,506404_cec,506602_bpc,6.25,2.5,3.75,-4.0,0.955228707839516
32423,17234,507502_bpc,507402_bpc,51.25,45.0,6.25,-2.0,0.9333166550050712
13228,27759,505301_mpc,505402_bpc,94.0,75.0,19.0,-11.0,0.9783430552304455
38282,2377,505401_mpc,506001_mpc,76.25,76.25,0.0,5.0,0.9941377135865732
9055,30540,503202_bpc,503302_bpc,57.5,56.5,1.0,2.0,0.8812985841823351
2318,31761,505802_bpc,506302_bpc,6.25,3.75,2.5,-28.0,0.9865357561462825
13378,20760,501502_bpc,501601_mpc,43.25,40.0,3.25,-1.0,0.8603768564702206
8744,802,505203_mec,505401_mpc,21.75,14.25,7.5,3.0,0.8930039422715632
22068,19812,508301_mpc,508701_mpc,52.5,46.25,6.25,0.0,0.9290608279085123
8165,14142,508101_mpc,505401_mpc,30.0,23.75,6.25,10.0,0.6562629243095337
10088,11605,501802_bpc,502102_bpc,39.0,41.5,-2.5,-19.0,0.870893436846873
4882,35593,508401_mpc,508701_mpc,62.25,75.0,-12.75,-11.0,0.9444538937192294
5720,6897,503302_bpc,503905_hec,3.75,1.0,2.75,-35.0,0.9793082639234455
15417,19532,505402_bpc,506002_bpc,23.75,14.0,9.75,-42.0,0.9132449841103416
11027,25302,506801_mpc,506903_mec,-1.25,17.75,-19.0,27.0,0.9259514217948543
32164,38427,507601_mpc,507602_bpc,51.25,63.75,-12.5,-5.0,0.9027079978226942
34784,28756,510101_mpc,512401_mpc,16.0,24.25,-8.25,28.0,0.8670061507720942
11116,10598,506502_bpc,506801_mpc,69.25,60.0,9.25,3.0,0.9270166468137413
19873,35510,513704_cec,511802_bpc,37.5,34.0,3.5,1.5571289,0.7637028852361765
31945,38676,512901_mpc,513104_cec,27.5,31.75,-4.25,-22.0,0.7901675100809071
36684,1752,507002_bpc,506602_bpc,39.5,35.0,4.5,-13.0,0.8524088909306033
25122,318,501602_bpc,502505_hec,22.5,11.5,11.0,43.0,0.8526124601972677
16886,20830,501904_cec,506404_cec,26.25,10.75,15.5,13.0,0.7989052692772624
9700,15976,502802_bpc,503002_bpc,33.75,25.0,8.75,-1.0,0.8169456308425438
667,9249,506002_bpc,505601_mpc,25.0,26.25,-1.25,15.0,0.9386503721086914
18187,31741,513104_cec,512801_mpc,15.0,13.0,2.0,-6.0,0.9337698295315171
8806,66,514302_bpc,514502_bpc,18.25,12.75,5.5,20.0,0.9552618994616202
14155,9988,501602_bpc,501802_bpc,41.25,43.75,-2.5,4.0,0.9220627458115732
37802,14440,506601_mpc,507001_mpc,29.0,28.0,1.0,-7.0,0.8981775004157959
1486,3894,508701_mpc,509202_bpc,36.5,38.0,-1.5,28.0,0.7896005179361283
30475,16626,506501_mpc,507201_mpc,40.5,51.25,-10.75,1.0,0.7775736636727699
17790,15524,513104_cec,513103_mec,16.25,17.5,-1.25,-19.0,0.9031765165475785
4308,36417,502802_bpc,503002_bpc,47.5,53.75,-6.25,32.0,0.8670232620242514
8272,23051,512802_bpc,512901_mpc,58.5,69.25,-10.75,-1.0,0.8775201002100513
13761,23300,511702_bpc,511801_mpc,37.5,46.25,-8.75,-33.0,0.6058956985284867
19461,16323,511402_bpc,511202_bpc,15.0,22.75,-7.75,8.0,0.8943193110963787
8236,28239,514602_bpc,514702_bpc,37.5,33.75,3.75,-6.0,0.9257690970610223
37960,18571,502504_cec,503101_mpc,73.75,74.75,-1.0,6.0,0.9348104367491352
33884,18993,502505_hec,502701_mpc,23.0,15.25,7.75,-11.0,0.8178097374539639
4757,16705,505102_bpc,505702_bpc,54.0,52.5,1.5,9.0,0.9211428080641133
14570,14059,502101_mpc,501601_mpc,68.75,105.25,-36.5,2.0,0.9403071202878489
5029,13149,504701_mpc,504402_bpc,34.25,27.0,7.25,18.0,0.7648623720334611
235,12044,508402_bpc,509001_mpc,9.25,21.25,-12.0,6.0,0.8916344689067811
1500,19920,503601_mpc,503102_bpc,53.75,46.25,7.5,2.0,0.8656005200340562
4207,1227,509501_mpc,509502_bpc,27.5,31.0,-3.5,-27.0,0.8643980801909131
11404,11912,502702_bpc,503001_mpc,33.25,31.75,1.5,8.0,0.8639284731709033
5796,18600,512202_bpc,511902_bpc,75.75,71.5,4.25,-20.0,0.9905846046099538
3243,6604,502802_bpc,502702_bpc,43.75,55.25,-11.5,-4.0,0.7710662223569739
3521,2273,507802_bpc,507801_mpc,11.75,9.0,2.75,22.0,0.9624251921301737
13341,13127,502101_mpc,501802_bpc,37.5,33.5,4.0,-18.0,0.8186671271534156
4554,9249,506002_bpc,505601_mpc,24.0,26.25,-2.25,-10.0,0.9199654047637917
23434,5513,512104_cec,512201_mpc,45.0,55.5,-10.5,4.0,0.695370247794503
30619,25483,511202_bpc,511401_mpc,28.75,26.25,2.5,5.0,0.8267936765949593
18869,5538,514602_bpc,514702_bpc,45.75,55.0,-9.25,-11.0,0.8585699627132218
32164,4401,507601_mpc,507402_bpc,51.25,54.5,-3.25,-1.0,0.923138003218132
11159,12175,505402_bpc,504701_mpc,5.0,15.0,-10.0,1.0,0.944574596832465
23514,34483,506202_bpc,501601_mpc,73.25,101.25,-28.0,2.0,0.9271378294282475
9711,17652,506202_bpc,506102_bpc,68.5,62.25,6.25,3.0,0.9915232785963238
16283,3041,503002_bpc,502802_bpc,35.25,40.5,-5.25,13.0,0.8137454684080132
10283,37998,507002_bpc,506502_bpc,40.25,37.5,2.75,19.442871,0.8366026680262322
14195,19043,511402_bpc,511202_bpc,51.25,58.5,-7.25,5.0,0.9631635726485415
8236,16069,514602_bpc,514802_bpc,37.5,28.75,8.75,-30.0,0.7926254958737832
29255,30992,506404_cec,507202_bpc,20.25,22.5,-2.25,-7.0,0.9298185582087641
23130,17625,503201_mpc,503905_hec,36.75,31.25,5.5,-2.0,0.640048996327671
38015,6947,511902_bpc,512201_mpc,51.25,54.25,-3.0,5.0,0.8412362395085422
14065,13378,502201_mpc,501502_bpc,42.5,43.25,-0.75,-15.0,0.9020562257561073
28530,2477,505701_mpc,507701_mpc,92.5,66.25,26.25,-9.0,0.9704425313417624
15362,12731,512104_cec,511801_mpc,25.0,17.5,7.5,4.0,0.8719432342398804
13325,10905,503302_bpc,503602_bpc,22.75,8.75,14.0,2.0,0.88277039756051
17630,14766,506702_bpc,506801_mpc,23.75,7.25,16.5,-7.0,0.9067625672290658
33292,1175,505702_bpc,505402_bpc,25.0,23.75,1.25,-43.0,0.9301310210219947
7413,33166,513404_cec,513104_cec,48.75,50.25,-1.5,3.0,0.9150650231040854
6299,7359,502102_bpc,501801_mpc,42.5,46.5,-4.0,8.0,0.6421665778290871
4391,10033,514501_mpc,514301_mpc,41.5,40.0,1.5,1.0,0.9138575741382708
2716,16709,506904_cec,506404_cec,22.5,14.0,8.5,-18.0,0.8197694623109719
23243,36580,513201_mpc,513202_bpc,40.75,35.25,5.5,8.0,0.7553244612995289
12391,29849,507201_mpc,507301_mpc,26.25,19.25,7.0,-23.0,0.7539159480357286
20354,4310,508802_bpc,509402_bpc,32.5,32.25,0.25,-29.0,0.8734144134914313
18932,33905,502202_bpc,502102_bpc,13.75,12.5,1.25,-19.0,0.9121515298827182
5368,29137,508201_mpc,503201_mpc,56.25,64.0,-7.75,-4.0,0.8404230014311107
113,330,509502_bpc,509402_bpc,43.75,42.0,1.75,8.0,0.7569040877544323
34570,19832,506201_mpc,506302_bpc,52.5,47.5,5.0,-9.0,0.9408352726346032
33938,2295,508702_bpc,508302_bpc,39.0,44.5,-5.5,5.0,0.748469615918994
17301,34120,512402_bpc,512104_cec,24.5,18.75,5.75,-9.0,0.8146231608844546
12412,24632,514701_mpc,514801_mpc,48.25,55.25,-7.0,0.0,0.945317666869316
27692,30982,511801_mpc,511701_mpc,37.5,52.5,-15.0,-4.0,0.5792255872723162
26699,5432,509301_mpc,509201_mpc,57.75,91.25,-33.5,-18.0,0.8965420311169591
1752,22156,506602_bpc,507002_bpc,35.0,25.0,10.0,13.0,0.7785711331705814
14346,24954,502504_cec,502505_hec,28.75,11.25,17.5,5.0,0.7902505928251177
10057,30399,501502_bpc,502202_bpc,45.25,50.0,-4.75,8.0,0.9514527628021461
32050,21436,502202_bpc,501903_mec,15.0,16.25,-1.25,7.0,0.9338286809537215
4874,18618,503905_hec,503101_mpc,17.75,17.5,0.25,-19.0,0.8677465464113113
37806,37306,504504_cec,504701_mpc,48.75,67.25,-18.5,-52.0,0.8656740242121731
1930,12608,505802_bpc,505701_mpc,93.75,90.75,3.0,10.0,0.9584050615728259
4348,5559,506102_bpc,506202_bpc,45.75,51.25,-5.5,7.0,0.9562488800016744
12886,27801,507501_mpc,514401_mpc,44.25,45.0,-0.75,-4.0,0.6374302922181382
3396,20379,513504_cec,511902_bpc,7.5,-2.5,10.0,30.0,0.9339469306854412
6507,20925,506904_cec,509501_mpc,10.0,10.75,-0.75,33.0,0.9065601641074276
26980,14740,512801_mpc,512802_bpc,35.0,33.0,2.0,-3.0,0.7256971473343572
3480,5232,505702_bpc,505602_bpc,35.0,35.0,0.0,9.0,0.9552828117159123
14880,35611,508201_mpc,507802_bpc,52.5,66.25,-13.75,2.0,0.8920431383897226
24500,21603,505501_mpc,505602_bpc,45.5,52.5,-7.0,-9.0,0.8832259908178001
6671,30832,502504_cec,505204_cec,73.25,71.0,2.25,-3.0,0.9597294366815736
28291,23578,513103_mec,512901_mpc,72.25,74.75,-2.5,32.0,0.9777178499212117
13326,14579,502101_mpc,501801_mpc,51.25,55.0,-3.75,-15.0,0.9803202224097491
24830,17644,512104_cec,513504_cec,17.5,19.75,-2.25,3.0,0.9390146800915311
1998,5627,501502_bpc,501801_mpc,45.25,48.75,-3.5,3.0,0.8736923095596782
4855,5031,502701_mpc,502802_bpc,31.25,32.5,-1.25,0.0,0.8575961414863368
20016,12175,504904_cec,504701_mpc,23.25,15.0,8.25,6.0,0.8756950842785163
29302,30488,514202_bpc,513602_bpc,41.5,33.75,7.75,-14.442871,0.6503468369471164
794,22768,506702_bpc,506802_bpc,37.5,41.25,-3.75,-8.0,0.868519301361287
5577,39140,508101_mpc,507801_mpc,50.0,61.25,-11.25,0.0,0.909584576408869
36356,30370,513201_mpc,513704_cec,100.25,70.75,29.5,36.0,0.9775133388109187
21372,6331,506903_mec,506502_bpc,22.5,25.75,-3.25,8.0,0.9362399639659318
12856,10209,509201_mpc,508701_mpc,44.0,40.75,3.25,-26.0,0.88745651411275
5871,4599,505302_bpc,505102_bpc,74.25,61.5,12.75,3.0,0.938122508328841
21957,24426,507301_mpc,506404_cec,23.0,21.25,1.75,-28.0,0.900673250911636
1311,10725,505204_cec,506001_mpc,29.75,31.25,-1.5,-23.0,0.8026956875789869
24670,1866,504904_cec,504402_bpc,22.5,22.5,0.0,14.0,0.9243652179168198
4083,14088,507502_bpc,507401_mpc,38.75,45.25,-6.5,12.0,0.648240640762578
1770,5784,505204_cec,506302_bpc,49.75,78.75,-29.0,2.0,0.7115277166998826
11930,28543,514802_bpc,514801_mpc,45.25,53.25,-8.0,0.0,0.8832692401872505
13128,29297,511802_bpc,511801_mpc,40.0,37.0,3.0,-17.0,0.5970139762784675
3829,6731,507601_mpc,506904_cec,28.0,22.75,5.25,9.0,0.7644758378743606
38749,38715,514001_mpc,514002_bpc,25.0,12.5,12.5,17.0,0.9175503617337798
6412,1394,508502_bpc,508802_bpc,29.0,11.25,17.75,20.0,0.6616799980483977
30185,7336,513504_cec,512104_cec,15.25,6.0,9.25,27.0,0.9441930075380378
11158,6621,506904_cec,506404_cec,24.25,20.0,4.25,-40.0,0.9699776611887494
31728,24665,513904_cec,514001_mpc,16.5,13.0,3.5,-5.0,0.9272759035338043
26681,1749,514702_bpc,514901_mpc,32.75,29.25,3.5,-20.0,0.8062819639188167
16484,7186,504701_mpc,504903_mec,33.5,22.75,10.75,-17.0,0.7325160110219642
21100,17784,509502_bpc,508702_bpc,6.25,0.25,6.0,-36.0,0.8829101291487906
19080,38046,506302_bpc,506201_mpc,67.5,71.25,-3.75,-1.0,0.9608564328743133
10302,36036,506802_bpc,506602_bpc,11.25,2.5,8.75,14.0,0.8902377581782552
27904,5160,514401_mpc,514302_bpc,31.5,31.25,0.25,-0.4428711,0.8100137947871271
16270,33349,508202_bpc,509105_hec,45.0,53.75,-8.75,-4.0,0.6214580911816822
8724,9134,513503_mec,511802_bpc,23.75,25.0,-1.25,-26.0,0.8123481171315005
21749,2669,507302_bpc,507002_bpc,39.0,37.5,1.5,16.0,0.7698741729579406
522,18132,504904_cec,508904_cec,26.25,17.5,8.75,22.0,0.7002417390193961
18093,7539,514302_bpc,503202_bpc,62.5,90.0,-27.5,-55.0,0.8752239815624284
31812,13962,514001_mpc,513601_mpc,15.0,16.0,-1.0,-3.0,0.9040573122963447
23804,29157,515002_bpc,508904_cec,32.5,21.25,11.25,-4.0,0.7356384665280957
19661,10471,509002_bpc,509104_cec,26.25,17.0,9.25,-11.0,0.8547926052288468
7808,1209,503101_mpc,503601_mpc,21.25,23.25,-2.0,-14.0,0.8846447444543389
30764,4732,505402_bpc,505802_bpc,35.0,33.75,1.25,-24.0,0.7908220356184146
22973,16651,502005_hec,502505_hec,15.25,11.5,3.75,14.0,0.9195785148484924
2713,23647,509105_hec,508903_mec,21.5,15.0,6.5,29.0,0.8751821510237662
279,18986,509402_bpc,509002_bpc,39.25,33.5,5.75,25.0,0.8215029205904645
928,2342,506302_bpc,506202_bpc,59.75,55.0,4.75,-2.0,0.9187442365150333
6227,6404,502005_hec,501502_bpc,38.25,43.5,-5.25,-17.442871,0.8047467502105151
3318,8105,505801_mpc,505401_mpc,38.75,37.5,1.25,-45.0,0.7813948240801867
20970,14059,504504_cec,501601_mpc,59.5,105.25,-45.75,-14.0,0.8569329118125875
19824,33912,502004_cec,501903_mec,29.25,16.25,13.0,3.0,0.6966125359198847
14062,25217,508502_bpc,508302_bpc,21.25,16.25,5.0,13.0,0.975394010900402
6720,5954,505102_bpc,505802_bpc,44.25,43.0,1.25,-29.0,0.8421634254411903
19373,11726,506903_mec,501903_mec,23.75,20.75,3.0,-4.0,0.7635425541283236
34630,3977,504201_mpc,503801_mpc,53.75,90.25,-36.5,-2.0,0.8747827632697338
712,22795,515002_bpc,508904_cec,28.75,25.0,3.75,17.0,0.9253582575435383
29928,13081,511304_cec,511603_mec,28.75,20.0,8.75,-8.0,0.8788992822570729
37820,28733,511902_bpc,512104_cec,29.25,25.25,4.0,36.0,0.8267834675942389
34849,25015,508402_bpc,509401_mpc,54.75,78.0,-23.25,-10.0,0.88984782524952
10887,16307,513201_mpc,513202_bpc,21.25,30.0,-8.75,-30.0,0.8328910640902565
26959,1341,511802_bpc,514902_bpc,16.25,3.75,12.5,7.0,0.9056537255720695
13781,6224,506101_mpc,506102_bpc,15.0,19.25,-4.25,20.0,0.9281817332686149
21539,8611,507904_cec,507601_mpc,21.0,21.0,0.0,-3.0,0.9596965739154996
10774,5290,505802_bpc,505602_bpc,32.5,34.25,-1.75,-5.0,0.8614951681251979
15769,27006,514902_bpc,514802_bpc,36.0,46.5,-10.5,-8.0,0.6873457866309098
9081,21576,506302_bpc,506202_bpc,58.0,52.5,5.5,0.0,0.9466191119537051
10491,11664,501802_bpc,507001_mpc,20.0,16.25,3.75,2.0,0.945605808676282
8042,37340,504402_bpc,506102_bpc,46.5,55.25,-8.75,1.0,0.9427593251299492
21800,20493,512104_cec,513104_cec,52.5,77.5,-25.0,9.0,0.8118627647205756
5354,7616,512202_bpc,512104_cec,6.5,16.25,-9.75,14.0,0.9041495856587657
2177,28940,508402_bpc,507402_bpc,53.75,63.75,-10.0,-9.0,0.8468148595032802
37421,12711,508502_bpc,509302_bpc,45.0,40.75,4.25,-3.0,0.835862204933848
18707,37315,511902_bpc,511402_bpc,-2.75,1.25,-4.0,19.0,0.9065827833994946
13228,24246,505301_mpc,505601_mpc,94.0,71.5,22.5,-3.0,0.9696772444668186
19228,4508,502505_hec,502702_bpc,31.25,25.25,6.0,29.0,0.6958923528037226
25020,37874,510102_bpc,513503_mec,22.5,16.0,6.5,-35.0,0.8232527570122589
17891,33816,506001_mpc,505501_mpc,32.5,23.75,8.75,-12.0,0.8931220029942151
29874,16224,506404_cec,507001_mpc,21.25,27.75,-6.5,1.0,0.8592248949567269
29213,13822,509501_mpc,508501_mpc,30.0,30.0,0.0,18.0,0.8814848996077697
3418,4183,507501_mpc,507802_bpc,52.5,71.25,-18.75,-1.0,0.9097258232467609
24412,21964,506302_bpc,506102_bpc,56.75,87.5,-30.75,0.0,0.9295412642153275
2547,10241,509104_cec,508701_mpc,28.75,14.75,14.0,16.0,0.785085727707354
4255,10471,508904_cec,509104_cec,18.75,17.0,1.75,-16.0,0.8450793993433025
10788,14183,508701_mpc,508301_mpc,38.75,39.0,-0.25,10.0,0.9572127111510733
16180,10764,507801_mpc,507601_mpc,0.75,7.5,-6.75,12.0,0.9543767957206615
5982,14191,504201_mpc,506404_cec,9.75,11.25,-1.5,-14.0,0.90696180047761
33938,1486,508702_bpc,508701_mpc,39.0,36.5,2.5,-10.0,0.7525222174273651
22015,39223,503102_bpc,503602_bpc,55.0,52.5,2.5,0.0,0.8938091055224532
4398,35146,505203_mec,505204_cec,27.75,25.75,2.0,21.0,0.8654000029014794
35968,20379,512104_cec,511902_bpc,5.0,-2.5,7.5,6.0,0.9640626345958486
38905,5905,506601_mpc,506701_mpc,46.75,54.25,-7.5,8.0,0.8672822991906132
4400,3892,508001_mpc,507401_mpc,36.5,40.0,-3.5,1.0,0.8650312562057236
11103,1160,512401_mpc,511401_mpc,71.25,105.0,-33.75,-29.0,0.9279864891116119
3898,6404,501802_bpc,501502_bpc,40.0,43.5,-3.5,7.0,0.8578635296405933
32214,12405,505402_bpc,506002_bpc,47.5,44.75,2.75,6.0,0.8890670409740399
36819,36132,511702_bpc,511802_bpc,44.0,52.5,-8.5,-8.0,0.8868733598844791
8301,14342,505801_mpc,506002_bpc,40.75,42.5,-1.75,2.0,0.8240743855236774
21691,38270,507301_mpc,503905_hec,28.25,20.0,8.25,-15.0,0.8170714238148192
25070,4962,506102_bpc,506404_cec,35.0,21.25,13.75,-22.442871,0.5520638275255582
6013,5982,506903_mec,504201_mpc,7.5,9.75,-2.25,2.0,0.8862186065146506
6056,1975,506201_mpc,506301_mpc,50.0,61.5,-11.5,10.0,0.7812445978103636
26997,28393,504002_bpc,503102_bpc,45.0,52.5,-7.5,1.0,0.9072248647414458
4998,6572,508702_bpc,508701_mpc,37.0,31.5,5.5,3.0,0.8247731324486516
3616,31194,511702_bpc,513504_cec,20.0,15.0,5.0,-5.0,0.9417347469136036
3859,31228,514601_mpc,514701_mpc,56.25,67.75,-11.5,-1.0,0.9713982046031215
2655,24079,508401_mpc,509501_mpc,39.75,52.0,-12.25,-23.0,0.7647637709467736
32680,36964,506903_mec,507302_bpc,40.0,55.0,-15.0,-2.0,0.5776173080747555
5538,31228,514702_bpc,514701_mpc,55.0,67.75,-12.75,-2.0,0.8802548063632024
33205,30110,511701_mpc,513503_mec,35.25,29.0,6.25,-20.0,0.838807045775819
27685,31395,502005_hec,501904_cec,15.25,19.0,-3.75,-11.557129,0.9464358855093833
37222,28590,502005_hec,507201_mpc,15.0,17.5,-2.5,-3.0,0.9311677894311158
6090,13593,506001_mpc,505401_mpc,11.5,20.0,-8.5,10.0,0.9170701851286899
17988,25516,505601_mpc,505801_mpc,26.25,32.0,-5.75,-2.0,0.8556694400905268
31146,13384,514201_mpc,514301_mpc,51.75,97.75,-46.0,-15.0,0.7556043811143704
10852,4225,506002_bpc,505602_bpc,12.25,9.0,3.25,6.0,0.980635105591375
10517,9361,512201_mpc,511901_mpc,31.5,27.5,4.0,-27.0,0.9528941597590355
6967,19539,508102_bpc,507802_bpc,9.25,20.0,-10.75,-12.0,0.9505315253265664
2661,20830,507904_cec,506404_cec,4.75,10.75,-6.0,-20.0,0.9314118287828003
7101,25869,509001_mpc,509401_mpc,22.5,21.5,1.0,-10.0,0.9066999439023208
3708,6027,508201_mpc,507601_mpc,16.75,4.5,12.25,9.0,0.8816864841232267
30110,35379,513503_mec,511702_bpc,29.0,25.0,4.0,16.0,0.9264796107385027
25507,19103,502701_mpc,502504_cec,24.5,27.5,-3.0,4.0,0.7726562554582368
17079,22323,505301_mpc,505801_mpc,86.25,75.0,11.25,13.0,0.992380913503667
5983,873,512601_mpc,512702_bpc,21.25,16.75,4.5,37.0,0.8287824652227821
14593,2713,508302_bpc,509105_hec,22.0,21.5,0.5,9.0,0.8980320172185374
2268,23105,514501_mpc,514401_mpc,18.75,19.25,-0.5,-29.0,0.9439790535911399
6280,29137,506101_mpc,503201_mpc,50.0,64.0,-14.0,-5.0,0.7445800369216062
20856,12980,509502_bpc,515002_bpc,73.75,71.25,2.5,3.0,0.9854181055722234
7640,32578,511202_bpc,512801_mpc,57.0,64.5,-7.5,30.0,0.8770694255961146
14850,3460,506801_mpc,507201_mpc,29.0,23.75,5.25,-1.0,0.9062647877656286
10204,4539,508702_bpc,508401_mpc,47.5,50.5,-3.0,-19.0,0.8646283004555423
22705,16636,513904_cec,513104_cec,23.75,21.25,2.5,1.0,0.8767968450637845
22218,36204,513904_cec,511702_bpc,21.25,17.5,3.75,45.0,0.9065330542041686
3460,25564,507201_mpc,506801_mpc,23.75,10.0,13.75,24.442871,0.8917847607989629
10474,29291,514301_mpc,514502_bpc,37.75,32.75,5.0,-3.0,0.6993856184173599
3095,18210,508501_mpc,503905_hec,36.75,31.25,5.5,-1.0,0.3254224632348912
1704,19423,501904_cec,501602_bpc,38.75,41.5,-2.75,-15.442871,0.648582867694762
31614,20670,511304_cec,512104_cec,25.0,7.75,17.25,36.0,0.8434664957616256
14065,7560,502201_mpc,502101_mpc,42.5,38.75,3.75,2.0,0.8802039686590787
10808,16462,512201_mpc,512601_mpc,82.5,98.75,-16.25,-2.0,0.9490060060191889
32435,11618,514702_bpc,514802_bpc,40.25,34.0,6.25,9.0,0.8126346599366531
32631,34120,510101_mpc,512104_cec,17.0,18.75,-1.75,-15.0,0.8617557285040526
10019,3333,507904_cec,507401_mpc,60.25,67.0,-6.75,0.0,0.9633680079532034
21260,7006,504001_mpc,503301_mpc,34.5,21.25,13.25,28.0,0.6045031849140576
4174,7340,504503_mec,504401_mpc,13.25,20.0,-6.75,0.0,0.9369323128574489
16306,4616,515002_bpc,509105_hec,12.5,2.0,10.5,13.442871,0.8536173825609457
33826,38466,513104_cec,512901_mpc,57.5,51.25,6.25,6.0,0.9248393430328672
19344,20859,501903_mec,501601_mpc,35.5,40.75,-5.25,-6.0,0.7966099371131872
12078,18932,502005_hec,502202_bpc,26.25,13.75,12.5,9.0,0.6957555000350755
34085,21896,504504_cec,504402_bpc,40.0,48.75,-8.75,-1.0,0.7032714986072797
18128,21987,512702_bpc,512701_mpc,70.0,72.25,-2.25,8.0,0.9886196280549574
12943,13326,502202_bpc,502101_mpc,49.0,51.25,-2.25,-29.0,0.8852103111930663
12511,6224,505401_mpc,506102_bpc,20.75,19.25,1.5,12.0,0.9382324630968105
17479,4409,503202_bpc,503101_mpc,15.0,26.25,-11.25,0.0,0.8657634968579166
16567,2895,503905_hec,503904_cec,12.75,18.25,-5.5,11.0,0.8774503967867789
4107,5509,504202_bpc,503802_bpc,21.25,24.0,-2.75,-8.0,0.9158071610988843
20234,11184,513704_cec,514002_bpc,33.75,25.25,8.5,13.442871,0.7594611477548275
21031,16544,514701_mpc,514702_bpc,31.75,35.25,-3.5,3.442871,0.8419232082807262
4627,20841,506701_mpc,506702_bpc,37.5,31.75,5.75,-45.0,0.5851352635748601
24626,27196,502005_hec,502504_cec,32.75,38.5,-5.75,13.0,0.648071560435963
31977,2806,509201_mpc,508301_mpc,58.75,66.25,-7.5,-10.0,0.9719180117986176
5040,16644,502801_mpc,502504_cec,53.25,51.25,2.0,-5.0,0.9234926927035497
29304,35611,508001_mpc,507802_bpc,73.75,66.25,7.5,3.0,0.9702751379484329
22852,13072,506802_bpc,506801_mpc,38.75,37.25,1.5,6.557129,0.8103181540230244
14282,20925,508501_mpc,509501_mpc,3.75,10.75,-7.0,-42.0,0.9280653255077745
39369,21603,505302_bpc,505602_bpc,41.75,52.5,-10.75,-22.0,0.662581601405145
3173,4855,503002_bpc,502701_mpc,34.75,31.25,3.5,2.0,0.8705379440993588
3683,23622,503302_bpc,503202_bpc,56.25,69.5,-13.25,-6.0,0.9183999332928772
18282,2645,508401_mpc,509301_mpc,22.75,31.75,-9.0,3.0,0.8774172930655932
28268,8558,506404_cec,507201_mpc,1.0,1.75,-0.75,15.0,0.9436618719349807
32240,22488,503801_mpc,503101_mpc,28.75,20.0,8.75,22.0,0.7875877976507664
24865,4207,508501_mpc,509501_mpc,33.75,27.5,6.25,26.0,0.7619740125371451
13849,24044,508702_bpc,508301_mpc,20.0,16.75,3.25,12.0,0.8387121194529539
12064,2104,507501_mpc,507502_bpc,58.75,57.5,1.25,-5.0,0.9203346277500273
2157,667,505602_bpc,506002_bpc,27.5,25.0,2.5,-37.0,0.8527386878534663
1193,25122,501601_mpc,501602_bpc,19.75,22.5,-2.75,-31.0,0.897293519216068
57,23578,512902_bpc,512901_mpc,48.5,74.75,-26.25,5.557129,0.800645592279473
20562,25073,504002_bpc,503802_bpc,35.0,35.0,0.0,-14.0,0.8438511920844786
37248,16482,501601_mpc,502101_mpc,39.75,40.5,-0.75,8.0,0.8928772958561785
29348,3755,502802_bpc,502702_bpc,35.0,33.5,1.5,-8.0,0.8784321548092363
11136,22394,503201_mpc,503101_mpc,51.25,65.25,-14.0,3.0,0.8697953180952991
38581,9986,505502_bpc,505101_mpc,34.25,37.0,-2.75,-6.0,0.8400023590442219
25302,22413,506903_mec,507001_mpc,17.75,15.25,2.5,-41.0,0.8804127662733722
20208,21986,509302_bpc,508802_bpc,42.25,45.75,-3.5,8.0,0.837582635435324
4225,10586,505602_bpc,505701_mpc,9.0,11.75,-2.75,-29.0,0.9401348720732033
1890,9256,502702_bpc,502504_cec,31.25,28.75,2.5,30.0,0.8374258163053097
780,8367,509001_mpc,509501_mpc,49.0,52.5,-3.5,3.0,0.8857834439602718
3925,15016,502802_bpc,503002_bpc,34.0,41.25,-7.25,7.0,0.7661836062080922
16086,8276,502102_bpc,501602_bpc,62.25,70.25,-8.0,-9.0,0.9720304957149487
1410,5002,508702_bpc,508302_bpc,27.0,12.75,14.25,12.0,0.8891233331290713
23259,13390,513504_cec,511604_cec,5.0,8.25,-3.25,-26.0,0.930352445787401
9570,29674,503802_bpc,504001_mpc,26.25,25.0,1.25,29.442871,0.8442199872333291
15676,21576,506101_mpc,506202_bpc,47.5,52.5,-5.0,-3.0,0.9078350377612789
25721,35272,510101_mpc,512201_mpc,51.75,62.0,-10.25,9.0,0.9598688667500364
13415,2887,505402_bpc,505602_bpc,53.75,57.5,-3.75,15.0,0.935942406806297
21923,2377,505801_mpc,506001_mpc,91.75,76.25,15.5,7.0,0.9810853214616567
19928,3624,503001_mpc,502802_bpc,61.25,84.0,-22.75,-19.0,0.9527506928368651
3991,30137,507302_bpc,506702_bpc,26.5,18.75,7.75,3.0,0.8675967131602665
39192,28661,514701_mpc,514801_mpc,31.5,31.75,-0.25,14.0,0.9200575990122454
20155,8070,505102_bpc,505203_mec,19.5,23.75,-4.25,35.0,0.8521133000278873
14230,4331,509202_bpc,508502_bpc,51.0,65.0,-14.0,-23.0,0.9153231642965088
3904,10290,503802_bpc,503302_bpc,47.0,48.75,-1.75,4.0,0.8457637225064375
24572,16288,512501_mpc,512601_mpc,80.0,81.0,-1.0,3.0,0.9985505015195771
14002,8706,508903_mec,508501_mpc,52.25,54.25,-2.0,0.0,0.848994415280338
16049,30462,513602_bpc,513503_mec,26.25,18.75,7.5,-2.0,0.8609210352485499
38667,3276,503202_bpc,503802_bpc,38.75,42.5,-3.75,9.0,0.8146526383995767
33255,15240,513201_mpc,514801_mpc,50.25,61.25,-11.0,-7.0,0.8368789743646334
4533,20779,505701_mpc,505901_mpc,25.0,25.0,0.0,-26.0,0.9853432342768151
29674,18618,504001_mpc,503101_mpc,25.0,17.5,7.5,-24.442871,0.8491393997049066
8236,18294,514602_bpc,514802_bpc,37.5,28.75,8.75,-9.0,0.793952512604203
32012,6252,511402_bpc,508002_bpc,71.25,93.75,-22.5,-3.0,0.9205249669533601
25595,5559,506302_bpc,506202_bpc,62.25,51.25,11.0,8.0,0.951232957216076
17382,1770,501903_mec,505204_cec,38.75,49.75,-11.0,-21.0,0.5069565317532835
20925,8277,509501_mpc,512702_bpc,10.75,12.5,-1.75,4.0,0.8983724456774193
18213,16146,502202_bpc,501602_bpc,47.5,53.75,-6.25,23.0,0.964769992599943
19176,5460,508904_cec,508501_mpc,26.25,27.5,-1.25,3.0,0.8797864708345348
13498,4686,514402_bpc,514502_bpc,25.25,14.25,11.0,46.0,0.9003030632564453
18600,25990,511902_bpc,512801_mpc,71.5,97.5,-26.0,8.0,0.9182205373529314
6280,6056,506101_mpc,506201_mpc,50.0,50.0,0.0,-3.0,0.8067392296406483
36580,37611,513202_bpc,513201_mpc,35.25,24.0,11.25,33.0,0.6277383744157895
14240,6347,502201_mpc,501801_mpc,40.0,36.75,3.25,-42.0,0.8573996692884767
32954,6883,501903_mec,509501_mpc,42.5,73.75,-31.25,-33.0,0.5278019582710469
5732,7545,509104_cec,508701_mpc,21.25,7.25,14.0,24.0,0.922181243467474
19695,14913,507301_mpc,509501_mpc,13.75,14.0,-0.25,16.0,0.9549491395283181
7958,28720,511901_mpc,512402_bpc,28.75,27.75,1.0,-7.0,0.7911942949577603
12261,31935,505601_mpc,505502_bpc,26.0,26.75,-0.75,-25.0,0.8356204908959801
712,20354,515002_bpc,508802_bpc,28.75,32.5,-3.75,18.0,0.878161693630518
4221,33420,508302_bpc,508802_bpc,47.5,44.0,3.5,3.0,0.863270561979542
33339,20030,512501_mpc,512701_mpc,42.5,37.5,5.0,-22.0,0.8821487531493684
23051,12121,512901_mpc,506101_mpc,69.25,108.75,-39.5,-5.0,0.9189662768309296
32451,7847,511402_bpc,511202_bpc,21.5,20.25,1.25,-19.0,0.9854936718451698
17259,22766,508401_mpc,509401_mpc,40.5,38.75,1.75,13.0,0.8195700613025201
10784,13325,504001_mpc,503302_bpc,28.75,22.75,6.0,0.0,0.7728489741307505
20774,32395,513404_cec,511702_bpc,37.5,36.25,1.25,19.0,0.7215579458415168
21523,12853,507202_bpc,507002_bpc,40.0,39.5,0.5,18.0,0.8245372391197067
18096,3006,512902_bpc,513103_mec,28.5,34.0,-5.5,10.0,0.7107904231101304
4624,6397,503802_bpc,503202_bpc,35.0,26.25,8.75,-11.0,0.7354971924989842
8166,19805,506101_mpc,509501_mpc,54.0,54.5,-0.5,9.0,0.9835718826790443
7382,3478,501903_mec,502505_hec,32.25,4.5,27.75,13.0,0.462859881704113
13641,22923,513602_bpc,511201_mpc,16.25,7.25,9.0,-8.0,0.9607182382057071
32954,13346,501903_mec,506903_mec,42.5,58.5,-16.0,-23.0,0.6808759579473567
2720,7239,514502_bpc,514302_bpc,29.25,25.0,4.25,-38.0,0.9514742965593547
6653,5168,508301_mpc,508501_mpc,36.25,28.5,7.75,-5.0,0.834695502929758
7863,20129,514602_bpc,514802_bpc,10.75,13.75,-3.0,3.0,0.9833288302664442
27904,25928,514401_mpc,514301_mpc,31.5,33.0,-1.5,-26.442871,0.970670135508881
18199,30129,512201_mpc,510101_mpc,40.25,52.0,-11.75,12.0,0.7496735367199366
1259,29633,502801_mpc,502505_hec,12.25,13.75,-1.5,-9.0,0.8714446973472613
16934,29774,514802_bpc,514801_mpc,43.75,60.0,-16.25,-2.0,0.7756777556814448
3974,34465,503602_bpc,503302_bpc,37.75,40.0,-2.25,17.0,0.7614031421902037
25904,3898,501502_bpc,501802_bpc,36.75,40.0,-3.25,-13.0,0.8704282823275149
10774,3480,505802_bpc,505702_bpc,32.5,35.0,-2.5,-14.0,0.9260238186793373
9664,4755,508201_mpc,507501_mpc,67.75,85.0,-17.25,-5.0,0.9831668091216718
12044,257,509001_mpc,509105_hec,21.25,17.5,3.75,-1.5571289,0.8760765514361288
6058,4085,502005_hec,506903_mec,31.75,22.0,9.75,2.0,0.5616628455573616
5497,14048,508002_bpc,507602_bpc,38.75,33.75,5.0,16.0,0.8993272293693559
3984,15813,507401_mpc,508101_mpc,23.75,26.5,-2.75,9.0,0.9549802618035617
968,21165,514801_mpc,511902_bpc,10.0,15.25,-5.25,15.0,0.9542318970074041
24272,21041,504904_cec,504903_mec,23.25,25.0,-1.75,-3.442871,0.8394030993348465
13585,15481,505101_mpc,505502_bpc,15.0,0.75,14.25,3.0,0.9471060997564543
18825,5608,512402_bpc,513704_cec,8.0,21.75,-13.75,23.0,0.913681838348142
1704,7638,501904_cec,501802_bpc,38.75,39.0,-0.25,-21.442871,0.6816817087463167
32205,15740,505802_bpc,505901_mpc,63.75,75.25,-11.5,7.0,0.9549121567156623
4096,3445,508301_mpc,508702_bpc,50.0,51.25,-1.25,-5.0,0.9273339925467617
4140,38392,507601_mpc,507401_mpc,53.0,66.5,-13.5,-7.0,0.9012026063692407
21074,10900,511604_cec,511303_mec,9.25,14.0,-4.75,-32.0,0.9294100400588805
29041,9931,511802_bpc,511702_bpc,73.75,80.75,-7.0,8.0,0.9790872985855308
3904,28393,503802_bpc,503102_bpc,47.0,52.5,-5.5,5.0,0.8400848722742359
10759,5784,506101_mpc,506302_bpc,63.75,78.75,-15.0,-3.0,0.9619716914148857
4047,23622,503802_bpc,503202_bpc,58.5,69.5,-11.0,2.0,0.8592832788372293
4633,29235,514501_mpc,514401_mpc,39.0,30.0,9.0,-43.0,0.7927441476511685
2001,17400,507001_mpc,506601_mpc,24.0,30.0,-6.0,-11.0,0.778275743399439
8480,19464,507601_mpc,507502_bpc,21.25,23.75,-2.5,12.0,0.9469739658818936
309,4271,507302_bpc,506602_bpc,33.75,30.0,3.75,-7.0,0.8757657231307869
11664,6148,507001_mpc,502102_bpc,16.25,19.0,-2.75,14.0,0.9563650736801372
31139,24713,509202_bpc,508904_cec,15.25,25.0,-9.75,11.0,0.8893053385318713
14594,30129,512201_mpc,510101_mpc,64.0,52.0,12.0,-22.0,0.8952590301646994
10774,5233,505802_bpc,505902_bpc,32.5,29.0,3.5,-9.0,0.8641716405421667
4879,37061,507302_bpc,506702_bpc,31.25,27.5,3.75,32.0,0.8569910983856531
27144,22321,503101_mpc,504201_mpc,28.75,31.25,-2.5,-1.0,0.9276690878746031
23159,19973,507202_bpc,506501_mpc,50.0,76.75,-26.75,3.0,0.7434227919761363
6280,22107,506101_mpc,515001_mpc,50.0,57.0,-7.0,3.0,0.8172511738634904
39019,20634,505501_mpc,512901_mpc,11.5,15.0,-3.5,3.0,0.9823789917450936
13428,1796,508302_bpc,509302_bpc,28.75,22.5,6.25,31.0,0.9055511462085741
6970,19970,512502_bpc,512602_bpc,31.25,35.0,-3.75,-44.0,0.7939780973358397
5351,30514,505902_bpc,505402_bpc,38.75,37.75,1.0,1.0,0.9307653181486627
14987,20379,503001_mpc,511902_bpc,8.25,-2.5,10.75,0.0,0.869574488655236
5420,4316,508701_mpc,509201_mpc,27.75,10.75,17.0,15.0,0.864526821170206
16575,8733,511401_mpc,511303_mec,13.75,18.75,-5.0,-6.0,0.9602525512484191
14461,17928,509402_bpc,508302_bpc,31.25,27.5,3.75,8.0,0.7876683123322512
10701,15976,502505_hec,503002_bpc,15.25,25.0,-9.75,-27.0,0.858934310048195
39190,17782,507201_mpc,506601_mpc,28.75,31.5,-2.75,-3.0,0.8919821761341047
14965,6576,509402_bpc,508502_bpc,33.75,28.75,5.0,12.0,0.8927629560967616
22905,7336,513904_cec,512104_cec,16.25,6.0,10.25,23.0,0.942337859251375
8061,9868,509104_cec,504202_bpc,23.0,16.5,6.5,19.0,0.9340967707847398
11039,24470,509301_mpc,509401_mpc,27.75,30.0,-2.25,1.0,0.9272177361763295
24725,20379,512104_cec,511902_bpc,18.75,-2.5,21.25,44.0,0.9310852723858243
13445,25928,514302_bpc,514301_mpc,33.25,33.0,0.25,-33.0,0.8899105307901969
25047,37093,501904_cec,505502_bpc,21.25,24.25,-3.0,-11.0,0.8752187357477401
19734,30976,513602_bpc,513503_mec,29.0,19.0,10.0,13.0,0.8443762222057656
13013,18285,504503_mec,504903_mec,23.75,23.75,0.0,-10.0,0.940290477333638
15625,3898,501602_bpc,501802_bpc,42.0,40.0,2.0,-16.0,0.8796205825049391
13581,21563,506903_mec,507301_mpc,30.25,28.25,2.0,7.0,0.8604174064562772
6134,27477,512702_bpc,512601_mpc,51.25,44.5,6.75,-4.0,0.8946245384811377
2979,36017,507602_bpc,507802_bpc,38.25,32.25,6.0,-7.0,0.8640548077079262
15114,4381,507702_bpc,507402_bpc,24.0,23.0,1.0,-2.0,0.9760759006256571
11320,12121,513201_mpc,506101_mpc,70.75,108.75,-38.0,-14.0,0.9255663656276482
5308,28116,502504_cec,502702_bpc,23.75,25.25,-1.5,-5.0,0.9340014997036354
12030,8151,505301_mpc,506101_mpc,31.5,14.25,17.25,27.0,0.7419994010404621
7561,16953,506302_bpc,506201_mpc,40.0,55.0,-15.0,2.0,0.5401577074792816
24358,38042,512201_mpc,511902_bpc,46.25,40.75,5.5,14.0,0.7960204800022301
29858,20925,508904_cec,509501_mpc,11.5,10.75,0.75,11.557129,0.9641762915108896
22074,34350,505102_bpc,503301_mpc,58.75,89.25,-30.5,-8.557129,0.9137102494810261
9156,8733,511304_cec,511303_mec,13.75,18.75,-5.0,-35.0,0.9220626280979918
2007,10808,512402_bpc,512201_mpc,61.0,82.5,-21.5,-28.0,0.9086907420658615
17015,25934,512202_bpc,510102_bpc,20.25,20.0,0.25,-26.0,0.9507116338132738
3708,5073,508201_mpc,503905_hec,16.75,12.5,4.25,11.0,0.8495309103167912
27561,14191,503904_cec,506404_cec,25.0,11.25,13.75,-25.0,0.6918633703616288
12490,15745,502702_bpc,502505_hec,30.25,26.5,3.75,2.0,0.8412699656455037
12113,15421,514502_bpc,514301_mpc,32.5,30.0,2.5,-12.0,0.9110245832551284
38217,27261,513503_mec,513404_cec,7.75,-2.5,10.25,32.0,0.936478264898849
29807,21279,506302_bpc,506202_bpc,48.0,45.75,2.25,5.0,0.9448566953780785
24470,22326,509401_mpc,515002_bpc,30.0,27.75,2.25,12.0,0.7703484988458311
5936,3601,507501_mpc,507401_mpc,23.75,8.75,15.0,-1.0,0.9394556529114865
25233,13914,507302_bpc,506502_bpc,47.5,45.0,2.5,4.0,0.8551658630255102
2587,3125,507801_mpc,502504_cec,30.0,27.5,2.5,6.0,0.6792410681955686
30426,29580,513704_cec,514001_mpc,14.25,22.5,-8.25,-22.0,0.9333547941228219
18642,15848,512701_mpc,512501_mpc,42.5,42.75,-0.25,-10.0,0.937168410845041
22155,35360,507001_mpc,507301_mpc,81.75,67.5,14.25,6.0,0.9815751478406113
2179,3773,503801_mpc,503802_bpc,38.0,35.75,2.25,-2.0,0.6253903166482634
21372,14859,506903_mec,506802_bpc,22.5,13.0,9.5,-3.0,0.9324174533373655
20760,13341,501601_mpc,502101_mpc,40.0,37.5,2.5,23.0,0.8718046931764863
21681,7671,501502_bpc,502102_bpc,38.5,38.75,-0.25,0.0,0.8154688487600301
31866,23800,511401_mpc,511202_bpc,41.25,43.75,-2.5,-5.0,0.7394544942585038
14479,21761,509502_bpc,508401_mpc,30.0,27.0,3.0,-9.0,0.8165669877710623
11769,8986,504402_bpc,504702_bpc,31.75,38.75,-7.0,-6.0,0.8608309745480648
18303,17962,514901_mpc,514701_mpc,46.75,42.5,4.25,20.0,0.8993402970934666
28529,30553,511402_bpc,511401_mpc,51.25,65.0,-13.75,-44.0,0.9063792916852426
11182,30164,504402_bpc,504702_bpc,40.0,39.0,1.0,14.0,0.8909036224814162
23242,17022,508402_bpc,508502_bpc,51.0,61.25,-10.25,-21.0,0.9282221944066275
18787,27075,511201_mpc,511401_mpc,51.75,57.25,-5.5,-8.0,0.9570386704476426
12374,10615,514702_bpc,514701_mpc,30.0,31.5,-1.5,-32.0,0.8175717074617355
32597,29041,512702_bpc,511802_bpc,60.0,73.75,-13.75,-31.0,0.9066458560258319
30154,5577,508201_mpc,508101_mpc,45.0,50.0,-5.0,-18.0,0.8870439500545937
33422,13641,511202_bpc,513602_bpc,26.5,16.25,10.25,-5.0,0.7505619136216997
7572,30266,506904_cec,506502_bpc,50.25,82.0,-31.75,-4.0,0.73765790631213
15767,16636,511802_bpc,513104_cec,25.0,21.25,3.75,-23.0,0.8674825441559586
18375,17759,501602_bpc,501601_mpc,27.75,28.75,-1.0,28.0,0.9031196985546955
23242,3883,508402_bpc,509402_bpc,51.0,50.0,1.0,-22.0,0.8976236290667136
29587,21957,506903_mec,507301_mpc,21.75,23.0,-1.25,16.0,0.9412745432254537
12432,8122,504904_cec,504504_cec,25.0,27.5,-2.5,3.0,0.9510581935491735
14551,2528,503202_bpc,503101_mpc,40.0,50.75,-10.75,7.0,0.6554138958419872
20069,27623,514202_bpc,514001_mpc,13.0,9.0,4.0,0.0,0.8946075287898267
14740,9596,512802_bpc,513104_cec,33.0,22.5,10.5,-9.0,0.7471341014629829
20677,20830,502801_mpc,506404_cec,12.5,10.75,1.75,8.0,0.9666165898191749
8214,8566,505401_mpc,505801_mpc,30.75,22.0,8.75,-9.0,0.8778389668857923
16512,28720,511901_mpc,512402_bpc,23.5,27.75,-4.25,-32.0,0.8260658791142109
8540,12389,512501_mpc,512701_mpc,43.25,50.0,-6.75,-8.0,0.911835295383992
5766,2047,507602_bpc,508102_bpc,26.0,29.0,-3.0,-7.0,0.954088060227073
8952,8861,507701_mpc,507801_mpc,24.75,17.0,7.75,3.0,0.917700718924015
6513,12998,508301_mpc,508701_mpc,32.5,38.5,-6.0,-4.0,0.833304068020146
19175,29349,514502_bpc,514501_mpc,45.5,66.25,-20.75,-1.0,0.7548806417139611
10511,15023,507602_bpc,507502_bpc,57.0,52.75,4.25,14.0,0.9315511850669161
36903,31952,502005_hec,502004_cec,38.75,35.0,3.75,0.0,0.6748757695813876
15520,12155,508903_mec,509001_mpc,68.75,78.75,-10.0,5.0,0.9162632826696452
12511,23703,505401_mpc,505204_cec,20.75,24.0,-3.25,37.0,0.9089114225636448
3951,37999,507002_bpc,506702_bpc,46.25,45.0,1.25,-7.0,0.8911758814725073
10039,14845,514301_mpc,514302_bpc,11.5,17.0,-5.5,-36.0,0.921071671436112
29167,18668,508101_mpc,508001_mpc,37.0,38.75,-1.75,12.0,0.7773310481684454
6137,4036,509104_cec,508502_bpc,51.25,72.5,-21.25,1.0,0.8504008631353527
20029,8409,506202_bpc,501502_bpc,45.0,44.0,1.0,-3.0,0.6770614322803485
25461,25074,513103_mec,510102_bpc,100.0,71.5,28.5,11.0,0.9554933959331181
7863,451,514602_bpc,514601_mpc,10.75,9.0,1.75,16.0,0.9578183464017587
2069,5733,509201_mpc,508801_mpc,52.5,54.0,-1.5,11.0,0.8790098566593945
21729,16549,507302_bpc,506404_cec,47.25,47.75,-0.5,14.0,0.8554455399054118
24651,8674,514902_bpc,514802_bpc,7.75,17.5,-9.75,5.0,0.9567746565977702
23280,10172,503904_cec,503801_mpc,31.5,31.5,0.0,3.0,0.7685125941407753
16934,487,514802_bpc,514901_mpc,43.75,52.5,-8.75,9.0,0.7811372056917347
1287,4968,507904_cec,507601_mpc,19.0,11.5,7.5,10.0,0.9100166334889099
30673,35873,508301_mpc,508801_mpc,84.75,85.75,-1.0,6.0,0.9894717518781765
24249,18278,508904_cec,508501_mpc,68.0,99.75,-31.75,10.0,0.9535472579104903
10055,15715,503301_mpc,504201_mpc,37.5,31.5,6.0,0.0,0.7483022641070982
1899,5001,509104_cec,509105_hec,18.75,18.0,0.75,-10.0,0.9348139625799196
29348,4855,502802_bpc,502701_mpc,35.0,31.25,3.75,5.0,0.8801751946164221
4237,8349,506002_bpc,505402_bpc,48.75,43.75,5.0,-7.0,0.9193975014774507
6228,5857,508702_bpc,504401_mpc,76.25,92.5,-16.25,-3.0,0.9274310747019373
1394,19558,508802_bpc,509105_hec,11.25,2.0,9.25,-19.0,0.8941553252319671
3385,8323,513103_mec,512802_bpc,19.5,1.25,18.25,30.0,0.8215093898705568
13012,17207,503201_mpc,503904_cec,22.0,13.0,9.0,11.0,0.9087360750530765
18940,32649,508101_mpc,508201_mpc,25.75,31.5,-5.75,31.0,0.9161923493069454
2595,14664,508102_bpc,508202_bpc,21.5,23.75,-2.25,-31.0,0.9177965475120083
31726,8174,514502_bpc,514302_bpc,18.75,21.0,-2.25,-15.0,0.993359935097162
18830,11105,509002_bpc,508302_bpc,26.0,16.5,9.5,6.0,0.8477428997949572
20189,3688,512501_mpc,512602_bpc,26.25,26.25,0.0,-14.0,0.8255204439185743
13045,11410,514902_bpc,514801_mpc,12.75,17.5,-4.75,27.0,0.9060610591251353
8604,18351,502201_mpc,501801_mpc,47.0,47.5,-0.5,10.0,0.970465323568325
3688,5145,512602_bpc,512502_bpc,26.25,17.5,8.75,-5.0,0.7416772553882176
4212,14452,503801_mpc,504201_mpc,19.75,27.0,-7.25,44.0,0.8959979957514932
11565,5635,507702_bpc,508001_mpc,12.75,22.5,-9.75,22.442871,0.9317921407213305
25141,21735,507702_bpc,506903_mec,14.5,10.25,4.25,9.0,0.9004211962147882
11593,5942,514901_mpc,514601_mpc,53.0,57.25,-4.25,0.0,0.9613999088203437
28799,25572,503002_bpc,503001_mpc,73.5,98.75,-25.25,-3.0,0.9764874807909079
36664,18187,512201_mpc,513104_cec,23.25,15.0,8.25,26.557129,0.783437408569806
25359,10213,515001_mpc,508802_bpc,29.5,22.5,7.0,-11.0,0.8141574473221596
3130,9081,506102_bpc,506302_bpc,54.5,58.0,-3.5,0.0,0.8739026345501116
7205,6318,508401_mpc,509105_hec,17.5,12.5,5.0,8.0,0.8637771320024356
19185,3324,508201_mpc,508101_mpc,37.5,37.5,0.0,9.0,0.7981087311995643
22824,17713,511902_bpc,512202_bpc,37.0,40.0,-3.0,25.0,0.8537066581687747
24369,9009,510102_bpc,512201_mpc,68.0,66.25,1.75,2.0,0.9228122439284872
32800,11339,513601_mpc,511702_bpc,37.0,26.5,10.5,35.0,0.6438585854421492
1656,18338,512801_mpc,513201_mpc,62.5,70.75,-8.25,-34.0,0.9130674582459627
13989,2895,503602_bpc,503904_cec,25.0,18.25,6.75,17.0,0.8412159808733007
37709,11388,512601_mpc,512702_bpc,71.25,61.25,10.0,19.0,0.9646774230809739
4688,14965,508702_bpc,509402_bpc,35.0,33.75,1.25,2.0,0.772302434524391
18801,31295,509401_mpc,509001_mpc,16.25,22.5,-6.25,4.0,0.9376622014497922
17242,34053,505102_bpc,503201_mpc,36.75,40.0,-3.25,-13.0,0.5769445111717829
12762,34656,509104_cec,508402_bpc,37.75,31.0,6.75,18.0,0.6914092527064962
31143,1160,513104_cec,511401_mpc,60.5,105.0,-44.5,-17.0,0.8666148050731203
32974,19558,515001_mpc,509105_hec,7.75,2.0,5.75,-27.0,0.9123221118167689
15920,15180,509105_hec,504001_mpc,16.0,4.5,11.5,39.0,0.9152667199215007
951,12815,511202_bpc,511402_bpc,54.25,50.0,4.25,17.0,0.9427389570177755
8518,37248,502005_hec,501601_mpc,34.75,39.75,-5.0,-19.0,0.8075773272829724
3488,11852,502101_mpc,501502_bpc,19.25,16.0,3.25,-11.0,0.9176736755222599
13429,8206,511202_bpc,511201_mpc,55.75,70.0,-14.25,-5.0,0.933650882852169
5072,4974,505302_bpc,513103_mec,35.0,39.5,-4.5,5.0,0.8331246341370904
3365,14722,502702_bpc,502802_bpc,53.25,47.75,5.5,10.0,0.8710060149785067
3835,19748,506904_cec,507302_bpc,22.5,15.5,7.0,11.0,0.9312820973062805
25413,14018,507904_cec,506404_cec,11.5,5.0,6.5,-14.557129,0.9144062311276789
5219,38504,505402_bpc,505802_bpc,50.0,52.5,-2.5,23.0,0.8883158823279951
29898,17610,511902_bpc,512402_bpc,31.25,22.0,9.25,4.0,0.8499035203370525
10223,6481,508002_bpc,508202_bpc,36.25,33.75,2.5,1.0,0.9761217367978856
10457,21954,512701_mpc,512702_bpc,64.5,67.25,-2.75,-11.0,0.9328451267821801
33075,37088,506801_mpc,507301_mpc,28.75,22.5,6.25,-15.0,0.9611306574923169
17183,27174,505402_bpc,505502_bpc,61.5,72.5,-11.0,0.0,0.9149264108172965
12691,24956,505401_mpc,506001_mpc,23.75,20.0,3.75,-6.0,0.93993757966588
32879,17982,502701_mpc,503001_mpc,67.5,58.75,8.75,4.0,0.964440772412893
2808,34033,507302_bpc,506602_bpc,32.75,30.0,2.75,7.0,0.8706097420104156
12165,4074,507904_cec,507701_mpc,11.25,15.0,-3.75,-15.0,0.9524166817043542
39303,29674,504202_bpc,504001_mpc,22.5,25.0,-2.5,18.442871,0.8692963332435899
13149,23794,504402_bpc,504701_mpc,27.0,25.75,1.25,-8.0,0.768366235729466
24530,3056,502505_hec,502701_mpc,26.25,15.0,11.25,-17.0,0.8307316612108631
16644,16016,502504_cec,503001_mpc,51.25,53.25,-2.0,2.0,0.8771889989530516
16730,14660,503002_bpc,502802_bpc,44.0,44.5,-0.5,-10.0,0.9274743135925055
5063,3386,505101_mpc,505302_bpc,20.0,25.0,-5.0,11.0,0.9399940714180894
8507,27857,506904_cec,507201_mpc,18.75,10.75,8.0,37.0,0.9053221927418397
24584,18004,504201_mpc,503601_mpc,54.0,52.25,1.75,-25.442871,0.8906643290430036
17220,7877,504702_bpc,504701_mpc,34.0,30.5,3.5,2.0,0.8316686937305656
13156,6627,504904_cec,509001_mpc,11.75,22.5,-10.75,-9.0,0.9224910782538295
6137,438,509104_cec,508401_mpc,51.25,61.25,-10.0,4.0,0.8758260093387101
33065,2678,507201_mpc,506602_bpc,23.25,26.0,-2.75,3.0,0.9302781512818451
10698,3488,501903_mec,502101_mpc,16.25,19.25,-3.0,0.0,0.8958872866352505
35489,19597,514701_mpc,514901_mpc,32.75,31.25,1.5,8.0,0.8679203687393634
10021,3271,514301_mpc,514401_mpc,46.25,45.0,1.25,0.0,0.8342326705404596
7886,12836,506301_mpc,506201_mpc,22.5,13.25,9.25,17.0,0.9549466090452274
17343,37167,513404_cec,513403_mec,39.25,36.25,3.0,-21.0,0.7896369920517193
32538,10516,505801_mpc,505601_mpc,58.75,65.0,-6.25,3.0,0.985560046225566
5299,8788,505901_mpc,507602_bpc,26.75,21.25,5.5,8.0,0.9191369546433606
18394,13894,505702_bpc,505102_bpc,46.0,45.25,0.75,6.0,0.8413064867976969
1643,9404,506101_mpc,506301_mpc,82.5,82.75,-0.25,-9.0,0.9905655332973339
12818,5258,506601_mpc,506501_mpc,57.5,58.0,-0.5,12.0,0.9645136087047913
3320,279,509302_bpc,509402_bpc,41.5,39.25,2.25,2.0,0.809264915013083
11404,30374,502702_bpc,503002_bpc,33.25,32.5,0.75,6.0,0.8852547454089525
25193,5144,507501_mpc,507701_mpc,20.25,24.0,-3.75,-3.0,0.9718282881231822
4690,505,515001_mpc,509001_mpc,57.0,78.0,-21.0,-5.0,0.935497838962578
31370,32794,511401_mpc,511202_bpc,50.25,66.25,-16.0,5.0,0.8817483465277403
9155,10148,502504_cec,503002_bpc,27.5,19.5,8.0,26.0,0.6992214500414162
25205,3889,514601_mpc,514901_mpc,32.5,31.25,1.25,10.0,0.8151348062533317
27955,18597,503801_mpc,503301_mpc,47.25,63.5,-16.25,8.0,0.7636941575218832
4735,2419,504201_mpc,503801_mpc,15.5,23.0,-7.5,-33.0,0.8828062071990344
10241,20012,508701_mpc,507002_bpc,14.75,18.0,-3.25,-11.0,0.8917176833565345
11723,20788,503904_cec,506404_cec,27.5,15.0,12.5,27.0,0.8560909764568412
3406,2661,502802_bpc,507904_cec,13.75,4.75,9.0,12.0,0.9092640023717112
11608,17611,511202_bpc,511401_mpc,45.5,46.25,-0.75,0.0,0.836076484971648
32423,5533,507502_bpc,507402_bpc,51.25,52.5,-1.25,-6.0,0.9712551474579016
35370,2571,507202_bpc,507001_mpc,60.0,81.25,-21.25,3.0,0.8766981557479911
22514,14386,507301_mpc,506904_cec,29.0,18.25,10.75,17.0,0.8695245627793784
17040,19349,509001_mpc,508501_mpc,33.75,28.75,5.0,3.0,0.791676163096843
10443,6982,501502_bpc,502202_bpc,45.5,46.0,-0.5,8.0,0.8026504365294194
14088,3930,507401_mpc,507501_mpc,45.25,53.75,-8.5,-15.0,0.8480614608068906
16170,31214,514001_mpc,513601_mpc,17.0,23.75,-6.75,0.0,0.9245819127573993
7556,1528,511604_cec,513104_cec,25.0,15.0,10.0,55.0,0.8874076390725388
5182,17782,507201_mpc,506601_mpc,22.5,31.5,-9.0,-15.0,0.8740882766986414
15344,5329,502004_cec,507904_cec,17.0,6.25,10.75,30.0,0.9265245064370126
2839,26781,509201_mpc,509401_mpc,66.75,67.0,-0.25,-1.0,0.965563543391173
2086,22244,505101_mpc,505802_bpc,23.25,21.75,1.5,10.0,0.9469194163849217
22860,12317,509105_hec,508904_cec,6.5,16.25,-9.75,45.0,0.9117725817606838
32419,32508,505203_mec,506002_bpc,28.0,14.25,13.75,21.0,0.8427006397180764
14650,10942,514202_bpc,514002_bpc,47.5,41.25,6.25,36.0,0.9023373259763992
5188,16399,508302_bpc,509104_cec,34.25,30.5,3.75,-21.0,0.8403238525848999
20950,34425,503602_bpc,503905_hec,27.5,22.5,5.0,-12.0,0.8016760060657379
33361,15860,503202_bpc,503802_bpc,40.0,44.75,-4.75,16.0,0.7411755857050781
36770,24092,506202_bpc,506302_bpc,38.75,49.25,-10.5,6.0,0.7787958200075223
10622,31340,505204_cec,505902_bpc,40.0,39.5,0.5,-5.0,0.7803025718264914
32578,22391,512801_mpc,514801_mpc,64.5,98.25,-33.75,-20.0,0.8950410455553401
15702,3903,514802_bpc,514801_mpc,27.5,16.5,11.0,26.0,0.8272940422325361
16215,36022,505502_bpc,505802_bpc,41.25,46.25,-5.0,13.0,0.848022403091418
13232,39176,512602_bpc,512601_mpc,12.5,23.0,-10.5,-33.0,0.8859977814746963
11159,22872,505402_bpc,513602_bpc,5.0,0.0,5.0,29.0,0.885349420306521
4532,8873,508002_bpc,507502_bpc,36.75,39.5,-2.75,8.0,0.9445924958714214
28477,30462,514001_mpc,513503_mec,8.0,18.75,-10.75,-49.0,0.9546989533322849
11513,24648,512402_bpc,510102_bpc,8.75,18.0,-9.25,8.0,0.9563375937450056
38427,13792,507602_bpc,507501_mpc,63.75,81.25,-17.5,-4.0,0.9044366783711085
16958,7875,512801_mpc,513103_mec,32.5,15.0,17.5,-6.0,0.7117973246928528
21707,10392,504701_mpc,504401_mpc,70.5,64.5,6.0,-14.0,0.9818303372571776
28072,16775,513504_cec,511801_mpc,23.75,22.75,1.0,-6.0,0.9325858038415547
5481,3646,505102_bpc,505203_mec,17.0,9.75,7.25,26.0,0.9251971590679601
23033,32844,514002_bpc,514202_bpc,42.75,47.5,-4.75,-16.0,0.8591048300736119
1708,38847,506302_bpc,513903_mec,15.5,16.25,-0.75,3.0,0.903369273321456
7110,990,504503_mec,504401_mpc,63.75,78.75,-15.0,0.0,0.9650940761626516
20038,8243,509104_cec,515002_bpc,23.25,28.25,-5.0,-2.0,0.8867426677274803
19630,8031,506101_mpc,502801_mpc,51.25,55.75,-4.5,0.0,0.8267479202297283
9893,3859,514902_bpc,514601_mpc,43.5,56.25,-12.75,7.0,0.7982839055993646
28941,26029,508501_mpc,509201_mpc,38.75,36.25,2.5,14.0,0.7418836891043826
18571,1024,503101_mpc,504701_mpc,74.75,99.25,-24.5,-4.0,0.9683223693443481
3498,5806,505402_bpc,506002_bpc,27.5,21.25,6.25,-12.0,0.9087431385370578
6329,23765,511604_cec,511603_mec,15.0,10.0,5.0,22.0,0.9121679047709742
10583,24245,506101_mpc,505301_mpc,31.25,17.5,13.75,6.0,0.8062497264281431
18015,1930,512202_bpc,505802_bpc,58.75,93.75,-35.0,-7.0,0.8472170559029989
8564,5414,514402_bpc,513503_mec,62.5,83.5,-21.0,-18.442871,0.8807172648147158
38088,19566,502201_mpc,502202_bpc,57.75,54.0,3.75,23.0,0.9654760623029994
38572,4417,508802_bpc,509402_bpc,58.75,71.75,-13.0,-4.0,0.9367805944996942
8272,18154,512802_bpc,512401_mpc,58.5,62.75,-4.25,18.0,0.9141017061086324
6090,10852,506001_mpc,506002_bpc,11.5,12.25,-0.75,12.0,0.9313612643851911
20309,32592,514001_mpc,514002_bpc,28.75,14.0,14.75,3.0,0.7671320219580527
25359,4162,515001_mpc,515002_bpc,29.5,35.5,-6.0,-28.0,0.8052599586172053
24272,12134,504904_cec,504701_mpc,23.25,26.0,-2.75,-25.442871,0.7746479915344584
5115,14528,508001_mpc,507801_mpc,51.25,50.0,1.25,-1.0,0.9095708489434257
15331,4050,502801_mpc,503001_mpc,36.25,42.5,-6.25,12.0,0.8093141868415239
39186,7640,512104_cec,511202_bpc,55.0,57.0,-2.0,2.0,0.8819679217214819
7438,2318,505501_mpc,505802_bpc,10.0,6.25,3.75,25.0,0.9526131019531212
38616,5272,507302_bpc,507202_bpc,35.25,27.5,7.75,-25.0,0.8159249884462612
20129,13045,514802_bpc,514902_bpc,13.75,12.75,1.0,0.0,0.9844457591043617
14093,35120,505701_mpc,505101_mpc,32.75,35.0,-2.25,-35.0,0.7380767716772884
5532,7027,503905_hec,503302_bpc,22.75,30.0,-7.25,3.0,0.8680520282895097
16666,12794,505401_mpc,505501_mpc,45.0,42.75,2.25,-19.0,0.8380002543369404
31935,8111,505502_bpc,505401_mpc,26.75,23.0,3.75,-8.0,0.8546264031826977
20366,28477,513704_cec,514001_mpc,14.5,8.0,6.5,43.0,0.8753316568014029
13279,16180,506301_mpc,507801_mpc,10.0,0.75,9.25,-9.0,0.8665860571596068
16786,2269,507402_bpc,508002_bpc,41.0,43.0,-2.0,-3.0,0.8913592255820958
8170,18037,503102_bpc,504001_mpc,42.75,43.75,-1.0,11.0,0.6929395274661574
4596,505,509301_mpc,509001_mpc,86.25,78.0,8.25,6.0,0.9665776510130272
4876,4199,508102_bpc,507702_bpc,17.5,21.25,-3.75,-7.0,0.933509675265836
19316,29162,512901_mpc,512801_mpc,35.25,43.5,-8.25,33.0,0.7832751250404917
3898,38871,501802_bpc,502102_bpc,40.0,36.5,3.5,16.0,0.9145073558991075
1704,30957,501904_cec,502202_bpc,38.75,48.5,-9.75,-14.442871,0.6240489569168813
4558,28963,505601_mpc,506001_mpc,46.75,60.0,-13.25,28.0,0.8821218738904157
32654,11039,508401_mpc,509301_mpc,30.75,27.75,3.0,-24.0,0.812988968513187
6702,15883,506702_bpc,507302_bpc,16.25,9.0,7.25,25.557129,0.9885691341936358
2064,6451,508903_mec,508802_bpc,56.5,48.75,7.75,-6.0,0.9248458970390122
21225,2537,514701_mpc,514901_mpc,35.5,39.0,-3.5,22.0,0.8268550799039609
1180,16607,501601_mpc,507702_bpc,36.25,37.5,-1.25,16.0,0.7169748024723301
14571,4056,504001_mpc,503201_mpc,67.5,66.25,1.25,-8.0,0.9563751407320379
18668,1990,508001_mpc,508101_mpc,38.75,37.5,1.25,-16.0,0.8701858241696088
45,21052,512104_cec,510101_mpc,31.25,24.5,6.75,27.0,0.874361147929228
6947,36447,512201_mpc,510101_mpc,54.25,56.5,-2.25,22.0,0.9100684318391001
10040,24905,514801_mpc,514701_mpc,75.0,82.5,-7.5,1.0,0.995330008445335
19021,16378,509402_bpc,509202_bpc,48.25,48.75,-0.5,-20.0,0.9147361856098042
20091,8761,509401_mpc,509104_cec,25.0,21.25,3.75,-21.0,0.8491441267864233
30796,32773,503302_bpc,504002_bpc,36.25,38.0,-1.75,16.0,0.7425820777243987
37888,36472,513404_cec,512104_cec,44.25,51.5,-7.25,-16.0,0.7413506818898133
6603,7640,511802_bpc,511202_bpc,41.5,57.0,-15.5,-29.0,0.5587404776292562
11576,8845,514401_mpc,514302_bpc,2.0,10.5,-8.5,-49.0,0.962071523581314
28521,25585,505302_bpc,505702_bpc,43.0,43.75,-0.75,-9.0,0.9096280970485154
6280,3151,506101_mpc,506404_cec,50.0,58.75,-8.75,-4.0,0.8498847366855866
6095,11035,507702_bpc,508102_bpc,26.25,22.75,3.5,3.0,0.8769574796770183
17784,8104,508702_bpc,509105_hec,0.25,11.25,-11.0,35.0,0.959155778550063
3557,15114,507602_bpc,507702_bpc,22.5,24.0,-1.5,-13.0,0.9368280151114851
1541,27526,504702_bpc,504503_mec,30.0,23.75,6.25,43.0,0.8324501770257715
2520,25572,511901_mpc,503001_mpc,91.25,98.75,-7.5,-1.0,0.9561146452329976
20969,10519,503602_bpc,503302_bpc,28.75,27.0,1.75,16.0,0.8483342310600337
18399,21459,509202_bpc,509501_mpc,35.5,31.25,4.25,0.0,0.7655942269184608
34723,23765,514402_bpc,511603_mec,25.0,10.0,15.0,60.0,0.8195203092489067
21821,37683,506702_bpc,506502_bpc,31.25,25.25,6.0,40.0,0.8598692690363913
12191,25193,508001_mpc,507501_mpc,8.5,20.25,-11.75,-19.0,0.9646470633435601
2680,6485,514202_bpc,513904_cec,14.5,11.5,3.0,19.0,0.8951340357039025
19032,16822,504503_mec,504401_mpc,30.0,33.75,-3.75,-18.0,0.8843420718742696
24092,21576,506302_bpc,506202_bpc,49.25,52.5,-3.25,-4.0,0.926413612736681
30452,16399,508702_bpc,509104_cec,30.5,30.5,0.0,-10.0,0.8403995703317096
29052,2753,505802_bpc,505602_bpc,44.75,53.0,-8.25,-15.0,0.8738753331470482
11404,21231,502702_bpc,502802_bpc,33.25,30.0,3.25,8.0,0.8552469522555008
16775,1462,511801_mpc,511701_mpc,22.75,27.5,-4.75,-10.0,0.8895438878453003
24830,36204,512104_cec,511702_bpc,17.5,17.5,0.0,23.0,0.9280143909403672
26851,21851,502202_bpc,501602_bpc,59.75,52.25,7.5,5.0,0.9516270348227363
2178,36586,506602_bpc,506404_cec,13.75,16.5,-2.75,-2.0,0.9421970861995373
20181,19358,506904_cec,506903_mec,26.25,25.75,0.5,42.0,0.8888558662214522
3707,26480,503001_mpc,502702_bpc,32.5,30.25,2.25,-6.0,0.6572965406754163
12204,23280,503905_hec,503904_cec,32.5,31.5,1.0,-2.0,0.6734885780227878
31297,3493,507702_bpc,507502_bpc,16.5,8.75,7.75,-5.0,0.9592785047794786
2468,14319,510101_mpc,512201_mpc,54.5,61.25,-6.75,15.0,0.9320604279959045
1228,32587,504503_mec,504401_mpc,48.25,50.0,-1.75,32.0,0.8594547800727951
13540,13457,501502_bpc,502202_bpc,52.5,52.25,0.25,3.0,0.94037003676294
5640,19430,503102_bpc,504002_bpc,28.75,35.0,-6.25,-6.0,0.7923810744403252
30502,68,506202_bpc,506102_bpc,40.0,53.25,-13.25,8.0,0.7578470430424057
23230,12521,507201_mpc,501903_mec,27.5,37.0,-9.5,-4.0,0.6633827997826138
21292,25985,512901_mpc,512801_mpc,48.75,42.5,6.25,10.0,0.9202551973741745
2178,29372,506602_bpc,506701_mpc,13.75,11.75,2.0,3.0,0.9315858975075808
4659,2528,503301_mpc,503101_mpc,44.0,50.75,-6.75,11.0,0.7581596501314323
8167,4050,502701_mpc,503001_mpc,48.0,42.5,5.5,8.0,0.817745835153699
21496,2580,506702_bpc,507202_bpc,25.0,26.75,-1.75,-12.0,0.9165562311605024
7580,12416,501502_bpc,501602_bpc,41.25,42.5,-1.25,-15.0,0.9206118743315944
5891,11124,509301_mpc,515001_mpc,43.75,41.25,2.5,1.0,0.8002648838753534
9759,3183,508002_bpc,507402_bpc,41.5,48.0,-6.5,-24.0,0.9200803034591454
35713,8225,501904_cec,501903_mec,26.25,23.0,3.25,-8.0,0.8135130368995885
24157,8302,507502_bpc,507402_bpc,43.75,45.0,-1.25,-3.0,0.9698078179774688
21212,31645,512501_mpc,512601_mpc,58.5,78.75,-20.25,6.0,0.942682642862304
5468,35370,506602_bpc,507202_bpc,43.0,60.0,-17.0,-1.0,0.7890196389073972
9833,20670,513503_mec,512104_cec,6.25,7.75,-1.5,21.0,0.9164047921591313
24541,16506,512104_cec,511604_cec,26.25,27.5,-1.25,-36.0,0.939606306122024
10769,34791,509501_mpc,508802_bpc,55.0,54.25,0.75,-7.0,0.8959385002563044
111,23760,511202_bpc,511604_cec,4.25,12.5,-8.25,-12.0,0.9600397337060952
20991,3374,509104_cec,508903_mec,23.25,17.5,5.75,12.0,0.8863096583202867
14550,18775,511304_cec,511603_mec,20.0,23.75,-3.75,-3.0,0.9223977662928845
23498,12606,513404_cec,513904_cec,27.25,11.25,16.0,-11.0,0.85954141159498
28726,21729,506502_bpc,507302_bpc,48.75,47.25,1.5,-15.0,0.9210971203146522
4710,1512,507602_bpc,507702_bpc,24.25,25.0,-0.75,36.0,0.9694460914759181
4998,14051,508702_bpc,508501_mpc,37.0,40.0,-3.0,30.0,0.8343588390877851
9583,4571,507502_bpc,508002_bpc,40.0,40.0,0.0,-2.0,0.9363380711779149
9700,9256,502802_bpc,502504_cec,33.75,28.75,5.0,40.0,0.8378193142126957
3642,3784,507802_bpc,507502_bpc,21.75,23.75,-2.0,0.0,0.9561464848304939
17326,6833,512401_mpc,513704_cec,25.0,20.25,4.75,26.0,0.8928575078779544
24572,27848,512501_mpc,514601_mpc,80.0,91.75,-11.75,4.0,0.9434253792261962
23137,20150,501801_mpc,501802_bpc,25.0,22.75,2.25,4.0,0.7932260239281055
1762,32222,506501_mpc,506701_mpc,70.5,58.5,12.0,-2.0,0.9322427031625053
3549,22323,505301_mpc,505801_mpc,65.0,75.0,-10.0,6.0,0.9881076844244125
29837,3668,505301_mpc,505701_mpc,48.5,68.75,-20.25,15.0,0.7221369863282794
6459,29898,512202_bpc,511902_bpc,29.25,31.25,-2.0,14.0,0.9381828814090073
28733,19901,512104_cec,510101_mpc,25.25,12.75,12.5,-34.0,0.8860440139452131
2334,8371,508903_mec,508702_bpc,13.75,13.5,0.25,6.0,0.9074817998689422
30091,38585,511401_mpc,511201_mpc,46.0,66.0,-20.0,-18.0,0.8288242664076595
31988,16886,502504_cec,501904_cec,37.25,26.25,11.0,1.0,0.5205923923747189
21874,16398,512802_bpc,512801_mpc,55.0,61.25,-6.25,-26.0,0.9061690658604146
21438,21074,513503_mec,511604_cec,14.0,9.25,4.75,12.0,0.9292206772845217
19000,23232,513602_bpc,514202_bpc,8.75,8.75,0.0,10.0,0.9751350737615678
28425,9833,513903_mec,513503_mec,12.5,6.25,6.25,18.0,0.8964194832416486
3617,3624,502801_mpc,502802_bpc,49.75,84.0,-34.25,-11.0,0.8249169754661145
31297,3661,507702_bpc,508102_bpc,16.5,12.5,4.0,33.0,0.9893253847680402
3012,8250,508102_bpc,507602_bpc,32.5,32.5,0.0,8.0,0.9180009048841924
16227,6249,506801_mpc,505501_mpc,17.5,0.0,17.5,-21.0,0.9348964957399988
4732,285,505802_bpc,505602_bpc,33.75,34.0,-0.25,14.0,0.862326679174873
20368,4911,514602_bpc,514702_bpc,41.25,46.25,-5.0,52.0,0.8932002498613941
9578,38232,506001_mpc,505501_mpc,31.25,26.5,4.75,-22.0,0.7959672382143395
34284,2565,506002_bpc,505402_bpc,46.25,52.0,-5.75,-7.0,0.9094583870244657
13359,8706,508401_mpc,508501_mpc,47.5,54.25,-6.75,-8.0,0.8372401534781533
14868,14859,506903_mec,506802_bpc,12.0,13.0,-1.0,2.0,0.8877412576715681
15245,19962,514501_mpc,514301_mpc,39.75,34.25,5.5,-11.0,0.8327144306581573
8784,3411,505401_mpc,505902_bpc,37.5,38.75,-1.25,-7.0,0.68632275867823
4983,5313,507904_cec,507601_mpc,10.25,17.0,-6.75,-5.0,0.9604473254295478
35442,25461,512901_mpc,513103_mec,73.5,100.0,-26.5,13.0,0.9367159871997337
20669,5123,508401_mpc,509501_mpc,44.25,55.25,-11.0,-23.0,0.779785280667093
2208,4371,507702_bpc,507802_bpc,25.0,27.75,-2.75,-2.0,0.9205235487397676
22862,33274,508701_mpc,509201_mpc,71.25,65.5,5.75,-2.0,0.9606649601485441
10601,4363,504202_bpc,504002_bpc,31.0,35.0,-4.0,9.0,0.8083684468007849
14017,18894,509104_cec,508904_cec,15.25,25.0,-9.75,-3.0,0.8894711513015819
8396,15,501802_bpc,502102_bpc,57.5,50.5,7.0,-3.0,0.9565169368972817
23822,11135,503801_mpc,503802_bpc,60.0,68.75,-8.75,33.0,0.8982315345089507
3617,27954,502801_mpc,502802_bpc,49.75,71.75,-22.0,-6.0,0.8736276449565296
19770,10575,504903_mec,504701_mpc,22.75,18.75,4.0,0.0,0.9238377161016718
17059,16651,506903_mec,502505_hec,22.5,11.5,11.0,34.0,0.8438866629971092
16140,15450,514802_bpc,514902_bpc,52.5,66.25,-13.75,-4.0,0.8847155291921976
20807,31822,506101_mpc,509401_mpc,72.75,73.75,-1.0,3.0,0.9637279695357294
6284,285,505902_bpc,505602_bpc,39.25,34.0,5.25,-12.0,0.8437983855665924
5095,23892,508702_bpc,508502_bpc,31.25,30.0,1.25,0.0,0.9666436029385292
16136,14952,504002_bpc,503202_bpc,27.5,21.0,6.5,4.0,0.8591608208073436
16141,11137,502005_hec,505102_bpc,21.25,6.25,15.0,12.0,0.8129507993515708
16425,7808,504001_mpc,503101_mpc,25.0,21.25,3.75,2.0,0.8375999621825132
17040,19368,509001_mpc,508401_mpc,33.75,28.75,5.0,1.0,0.8555569627264595
5002,4616,508302_bpc,509105_hec,12.75,2.0,10.75,7.442871,0.9643163740863038
24214,3839,508302_bpc,508502_bpc,36.0,29.0,7.0,-29.0,0.8331875024883073
3142,9133,512802_bpc,512902_bpc,45.0,52.25,-7.25,-32.0,0.9074960883322222
20012,7649,507002_bpc,508903_mec,18.0,8.75,9.25,-4.0,0.8797595052433316
15005,6705,502504_cec,502802_bpc,51.25,45.25,6.0,0.0,0.8115181866502047
13402,20573,506702_bpc,507301_mpc,33.0,28.75,4.25,-17.0,0.8515128811879972
21894,9308,511701_mpc,511801_mpc,29.5,20.25,9.25,16.442871,0.7845966740238626
19846,25517,507202_bpc,506702_bpc,25.0,18.75,6.25,2.0,0.912302775055617
4138,16320,508002_bpc,507002_bpc,29.0,13.75,15.25,-14.0,0.7031095302671133
23901,25572,504504_cec,503001_mpc,53.75,98.75,-45.0,-3.0,0.7847792252635734
21261,18275,514601_mpc,514801_mpc,63.75,87.75,-24.0,7.0,0.9688230509697769
37790,9143,502202_bpc,501802_bpc,38.75,41.25,-2.5,5.0,0.8446315455019763
19464,4710,507502_bpc,507602_bpc,23.75,24.25,-0.5,-11.0,0.9752873761000537
5135,35183,512902_bpc,512901_mpc,45.25,45.5,-0.25,-27.0,0.8558330257888118
25934,33061,510102_bpc,512402_bpc,20.0,30.5,-10.5,28.0,0.8736593447626918
36037,16386,504904_cec,506404_cec,25.0,21.0,4.0,25.0,0.7940917611056406
21847,26273,505301_mpc,505702_bpc,32.5,18.0,14.5,4.442871,0.5727774653445216
7886,16346,506301_mpc,506302_bpc,22.5,33.25,-10.75,-5.0,0.7595127803624322
6550,12134,504504_cec,504701_mpc,30.0,26.0,4.0,-47.0,0.6290828190307938
5234,22332,512702_bpc,512701_mpc,38.75,51.25,-12.5,-23.0,0.57528144914553
3762,12121,504702_bpc,506101_mpc,72.5,108.75,-36.25,4.0,0.9266734258730858
38779,7017,503602_bpc,503801_mpc,44.5,40.0,4.5,-7.0,0.7660300505092333
39190,25624,507201_mpc,506501_mpc,28.75,26.0,2.75,37.0,0.7580644411478619
5650,11819,507602_bpc,508102_bpc,19.5,21.75,-2.25,23.0,0.9657550780530545
4255,3815,508904_cec,508802_bpc,18.75,3.0,15.75,-11.0,0.8421696794326556
34656,5139,508402_bpc,509302_bpc,31.0,29.5,1.5,-17.0,0.843615738317853
1394,4842,508802_bpc,509105_hec,11.25,13.75,-2.5,-2.0,0.8991263178676124
15413,38046,506302_bpc,506201_mpc,71.75,71.25,0.5,-3.0,0.948624633720341
8664,15158,501602_bpc,502202_bpc,57.75,69.5,-11.75,-13.0,0.9460386313688409
4744,11175,514901_mpc,514902_bpc,31.25,30.75,0.5,8.0,0.9176891397104788
12567,31383,508501_mpc,509402_bpc,33.5,30.25,3.25,-9.0,0.8843071239181882
566,32498,505602_bpc,505801_mpc,35.0,33.5,1.5,12.0,0.6704900000642311
23589,14726,506702_bpc,506601_mpc,21.25,16.25,5.0,-1.0,0.9239700125015713
19350,6034,514001_mpc,514201_mpc,61.25,67.0,-5.75,3.0,0.9909386838350963
3114,4099,507702_bpc,507802_bpc,21.25,15.0,6.25,-1.0,0.9724125026258392
10875,32343,511202_bpc,511303_mec,27.5,30.25,-2.75,-4.0,0.8983398498313419
3992,16676,501802_bpc,501602_bpc,48.0,51.0,-3.0,8.0,0.9005338991059105
4882,505,508401_mpc,509001_mpc,62.25,78.0,-15.75,-4.0,0.9471595965889128
4262,3389,507401_mpc,507701_mpc,47.5,48.25,-0.75,20.0,0.9474097697934009
8757,11978,509002_bpc,508402_bpc,36.5,45.25,-8.75,-2.0,0.7484247670227913
28940,6228,507402_bpc,508702_bpc,63.75,76.25,-12.5,5.0,0.9625987093897459
5703,14126,507501_mpc,507904_cec,5.0,3.25,1.75,-5.0,0.9433105150898146
18473,8167,502801_mpc,502701_mpc,54.0,48.0,6.0,-6.0,0.900636253147891
6743,11673,501502_bpc,502101_mpc,28.5,29.0,-0.5,13.0,0.7026465679798448
2900,4952,512501_mpc,512602_bpc,33.75,28.75,5.0,-39.0,0.8522788147042386
34630,18461,504201_mpc,503602_bpc,53.75,55.75,-2.0,3.0,0.8661362678272337
12299,37587,513201_mpc,514702_bpc,38.0,35.0,3.0,14.0,0.7906952930021931
19893,12435,506601_mpc,506202_bpc,40.5,45.0,-4.5,5.0,0.7324242528356311
19401,3892,508001_mpc,507401_mpc,34.5,40.0,-5.5,-5.0,0.8261365632977151
10718,30162,514901_mpc,514702_bpc,31.75,31.25,0.5,3.0,0.8397932228084861
3784,25193,507502_bpc,507501_mpc,23.75,20.25,3.5,1.0,0.9567510973405783
6361,21264,507002_bpc,506702_bpc,33.0,32.5,0.5,5.0,0.7472927648921047
5780,18294,514901_mpc,514802_bpc,26.75,28.75,-2.0,-5.0,0.8143897384044251
33415,18905,514202_bpc,513601_mpc,10.25,21.0,-10.75,-25.0,0.9388342366644109
7725,1024,503602_bpc,504701_mpc,75.25,99.25,-24.0,2.0,0.9281957286113988
35611,3185,507802_bpc,507502_bpc,66.25,77.5,-11.25,-4.0,0.9166790817616813
12632,4474,511701_mpc,513201_mpc,34.5,36.5,-2.0,12.0,0.7121955618274175
34483,13228,501601_mpc,505301_mpc,101.25,94.0,7.25,11.0,0.9610158899491358
31482,21041,504702_bpc,504903_mec,21.5,25.0,-3.5,4.0,0.9167852605888287
19074,6644,502201_mpc,501801_mpc,28.25,27.5,0.75,2.0,0.9773093048742693
23940,13898,503002_bpc,502702_bpc,27.75,13.75,14.0,-1.0,0.8137242344253155
9791,29767,512402_bpc,512202_bpc,23.25,17.5,5.75,23.0,0.8906423476946016
3289,38757,503302_bpc,503802_bpc,36.0,35.0,1.0,-33.0,0.7563595453766174
6627,2058,509001_mpc,508501_mpc,22.5,21.5,1.0,-9.0,0.9685906995874579
29743,14929,503102_bpc,503601_mpc,57.5,82.5,-25.0,-7.0,0.8655082692766882
19086,13390,512501_mpc,511604_cec,12.25,8.25,4.0,-22.0,0.8520099185403649
716,38086,513904_cec,513704_cec,10.0,18.0,-8.0,-20.0,0.9554449579523486
20234,14035,513704_cec,513602_bpc,33.75,33.75,0.0,15.0,0.8980034248332829
7105,3535,501502_bpc,501802_bpc,48.25,44.25,4.0,-13.0,0.8606695416503799
8325,3855,509401_mpc,508302_bpc,16.25,7.75,8.5,-10.0,0.9069887838379828
9942,12980,509002_bpc,515002_bpc,55.0,71.25,-16.25,7.0,0.8921567788976047
11442,3859,514701_mpc,514601_mpc,65.25,56.25,9.0,-1.0,0.9702911053340206
22627,30984,509501_mpc,509001_mpc,25.25,21.25,4.0,0.0,0.8545571500127821
17679,23930,514302_bpc,514402_bpc,21.0,18.75,2.25,10.0,0.9823014933565751
19451,1313,502801_mpc,501601_mpc,89.25,96.25,-7.0,4.0,0.9541233098008455
35002,3576,512402_bpc,513602_bpc,9.0,8.75,0.25,-10.0,0.8941410260173255
15245,27904,514501_mpc,514401_mpc,39.75,31.5,8.25,-12.557129,0.7419731193995951
31765,33375,508301_mpc,508801_mpc,22.5,16.25,6.25,-52.0,0.8634612716031129
4749,4799,508702_bpc,508701_mpc,36.75,36.25,0.5,-10.0,0.8083979800605144
15524,25198,513103_mec,512901_mpc,17.5,25.75,-8.25,-8.0,0.8728402460160071
316,4827,514901_mpc,514601_mpc,38.75,32.25,6.5,2.0,0.8592742405840835
6397,31690,503202_bpc,503302_bpc,26.25,25.0,1.25,21.0,0.8127736919779099
19768,293,509401_mpc,508402_bpc,32.5,31.25,1.25,11.0,0.7733463223764753
3651,20371,507402_bpc,507502_bpc,54.0,76.25,-22.25,-2.0,0.9349421934466843
12951,3151,502202_bpc,506404_cec,46.25,58.75,-12.5,-37.0,0.7142254026888067
4159,29213,515001_mpc,509501_mpc,32.0,30.0,2.0,-7.0,0.661515808644165
4966,8624,508801_mpc,504201_mpc,57.5,50.0,7.5,-4.0,0.9595299548746508
1052,32451,511401_mpc,511402_bpc,21.25,21.5,-0.25,13.0,0.9471693683719704
7054,12805,514801_mpc,514701_mpc,55.0,48.75,6.25,-12.0,0.9597483739475803
2315,8900,511701_mpc,513601_mpc,38.75,46.25,-7.5,10.0,0.7731014813783239
5560,1252,507601_mpc,508001_mpc,17.75,6.0,11.75,-20.0,0.8945282818423542
36372,2410,512501_mpc,512502_bpc,38.75,32.25,6.5,6.0,0.8093473661558246
5560,16180,507601_mpc,507801_mpc,17.75,0.75,17.0,1.0,0.8978218396020033
6957,3093,505501_mpc,505701_mpc,77.25,80.0,-2.75,7.0,0.9824113274807159
11252,12286,504402_bpc,504702_bpc,45.0,53.25,-8.25,3.0,0.8937399030315225
29797,5806,505402_bpc,506002_bpc,27.5,21.25,6.25,-18.0,0.9190263203376925
16325,8970,509001_mpc,509401_mpc,32.5,35.5,-3.0,-11.0,0.8321378083092278
5113,15404,506802_bpc,506101_mpc,12.5,8.75,3.75,-15.0,0.9613022503498349
9308,25051,511801_mpc,511702_bpc,20.25,0.0,20.25,22.557129,0.8137573094508778
10784,38757,504001_mpc,503802_bpc,28.75,35.0,-6.25,-8.0,0.7984498177335594
20012,6731,507002_bpc,506904_cec,18.0,22.75,-4.75,-6.0,0.9104174902839879
12165,11313,507904_cec,508202_bpc,11.25,16.25,-5.0,-17.0,0.9671457983973973
4727,19093,509301_mpc,515001_mpc,37.75,31.0,6.75,-3.0,0.7755466107674623
29019,8445,507402_bpc,507502_bpc,46.25,44.75,1.5,1.0,0.9492787588558963
1613,7843,504903_mec,504401_mpc,57.75,53.5,4.25,11.0,0.9239601751347004
14709,14593,509105_hec,508302_bpc,17.75,22.0,-4.25,-5.442871,0.9015906290656593
10270,23509,513904_cec,513704_cec,23.75,3.75,20.0,23.0,0.8190425757161068
5719,13666,509001_mpc,509401_mpc,35.0,36.25,-1.25,-2.0,0.8054209344118022
13641,17783,513602_bpc,511603_mec,16.25,23.75,-7.5,-3.0,0.937879571487215
1643,20447,506101_mpc,506202_bpc,82.5,71.25,11.25,-3.0,0.9696433221353591
5470,14989,508101_mpc,507501_mpc,28.5,21.0,7.5,9.0,0.8624639118440102
18375,20284,501602_bpc,502005_hec,27.75,27.5,0.25,10.0,0.934148753300396
38598,4735,503302_bpc,504201_mpc,6.25,15.5,-9.25,-21.0,0.9171236394186135
1690,11112,506404_cec,503001_mpc,4.0,15.5,-11.5,38.0,0.9478414405372232
16117,2941,513104_cec,513103_mec,26.25,24.0,2.25,12.0,0.8460326475522197
36693,566,506002_bpc,505602_bpc,28.25,35.0,-6.75,-13.0,0.7605188228246534
5076,13546,505801_mpc,505802_bpc,32.75,33.75,-1.0,-12.0,0.7901388532572334
29085,17193,511901_mpc,510102_bpc,32.75,36.0,-3.25,-22.0,0.8687488353651018
5100,1132,503301_mpc,504201_mpc,24.0,6.25,17.75,10.442871,0.837635299566562
5822,24729,505302_bpc,505902_bpc,35.5,40.0,-4.5,4.0,0.6023001513112786
19418,19736,505302_bpc,505702_bpc,49.0,46.25,2.75,9.0,0.9035450140733007
24834,21695,512701_mpc,512602_bpc,64.0,77.25,-13.25,-4.0,0.9754029910493429
14388,9703,512201_mpc,512104_cec,26.75,25.25,1.5,-7.0,0.8770358092592022
15025,25977,502202_bpc,505102_bpc,3.75,7.5,-3.75,-3.0,0.935695887002098
6244,27478,502202_bpc,501502_bpc,31.25,22.0,9.25,-15.0,0.8687292375438367
30343,2641,509301_mpc,508701_mpc,6.25,16.5,-10.25,-42.0,0.9378567858974285
18675,35787,511401_mpc,511202_bpc,57.0,58.75,-1.75,2.0,0.9138709780134981
2050,5991,507702_bpc,508002_bpc,27.75,22.75,5.0,-7.0,0.9549276420550472
14842,26272,504402_bpc,504401_mpc,50.0,55.75,-5.75,-5.0,0.8446999660662028
1024,18571,504701_mpc,503101_mpc,99.25,74.75,24.5,4.0,0.9683223693443481
25164,36517,513601_mpc,514002_bpc,40.5,43.75,-3.25,13.0,0.7207485068779208
4196,14528,507401_mpc,507801_mpc,48.75,50.0,-1.25,4.0,0.890696782680838
15195,6094,509201_mpc,509001_mpc,34.0,35.0,-1.0,-11.0,0.875889951484594
35238,19432,504002_bpc,503602_bpc,41.25,40.25,1.0,3.0,0.8122354608274046
8338,8839,514601_mpc,514901_mpc,86.25,73.75,12.5,-8.0,0.9722096484133655
3276,2159,503802_bpc,503302_bpc,42.5,44.5,-2.0,-4.0,0.7484009398752914
8174,4605,514302_bpc,514402_bpc,21.0,6.25,14.75,15.0,0.9435397365211061
10352,7770,502102_bpc,501802_bpc,41.5,39.5,2.0,-2.0,0.9247365886617097
8788,6249,507602_bpc,505501_mpc,21.25,0.0,21.25,-9.0,0.9207455706560563
3308,19432,503202_bpc,503602_bpc,43.5,40.25,3.25,10.0,0.810266162964072
8070,5158,505203_mec,505601_mpc,23.75,23.75,0.0,-34.0,0.8664727625571231
27301,28425,514202_bpc,513903_mec,13.75,12.5,1.25,-5.0,0.8954497411809483
5115,3512,508001_mpc,508201_mpc,51.25,46.25,5.0,10.0,0.8813113717713394
15280,12122,502504_cec,503001_mpc,22.5,24.75,-2.25,41.0,0.8499607364055533
6088,2578,508202_bpc,507402_bpc,22.75,23.75,-1.0,-13.0,0.9526419591319929
3430,12912,507802_bpc,508002_bpc,27.25,24.75,2.5,-6.0,0.9581352033860231
4635,2724,514302_bpc,514402_bpc,26.25,31.25,-5.0,-19.0,0.9313138032005418
28053,12657,509001_mpc,508501_mpc,22.5,10.25,12.25,14.0,0.9087467363057962
34791,34861,508802_bpc,515001_mpc,54.25,73.75,-19.5,-5.0,0.8910848897474267
31614,38965,511304_cec,513704_cec,25.0,17.5,7.5,26.0,0.8432461353439279
30957,16394,502202_bpc,501802_bpc,48.5,44.75,3.75,2.0,0.9290613763537631
14649,7779,506404_cec,506904_cec,21.25,25.25,-4.0,-6.0,0.8731871285318678
12204,39394,503905_hec,503202_bpc,32.5,27.5,5.0,8.0,0.7714655703275374
4124,17242,502504_cec,505102_bpc,37.5,36.75,0.75,16.0,0.5255123389938418
20239,16165,513704_cec,513403_mec,40.0,37.5,2.5,-6.0,0.7005303842642224
27225,9466,508202_bpc,508001_mpc,12.5,17.5,-5.0,8.557129,0.9613144996857732
13348,8398,505701_mpc,505101_mpc,46.25,43.25,3.0,-3.0,0.8249905786118374
12829,2594,507701_mpc,507904_cec,23.75,19.25,4.5,-15.0,0.9377835259193958
31987,1506,509202_bpc,509502_bpc,44.75,50.5,-5.75,6.0,0.8979817614467818
21360,4184,505701_mpc,505601_mpc,61.5,80.0,-18.5,-5.0,0.9282663656982724
6094,14711,509001_mpc,508301_mpc,35.0,36.25,-1.25,14.0,0.829559288810095
11699,30530,504002_bpc,503301_mpc,64.5,62.5,2.0,-16.0,0.9413865023270075
3419,9466,507904_cec,508001_mpc,11.0,17.5,-6.5,-33.0,0.9192339775471663
16277,8772,507002_bpc,506502_bpc,41.25,45.75,-4.5,-11.0,0.8483818578824976
5737,23184,502802_bpc,502801_mpc,32.5,21.0,11.5,8.0,0.7953721015524602
12730,32435,514802_bpc,514702_bpc,37.75,40.25,-2.5,8.0,0.9429226083612295
5414,25990,513503_mec,512801_mpc,83.5,97.5,-14.0,2.0,0.9531027608576744
26843,3625,509302_bpc,509202_bpc,53.75,63.5,-9.75,8.0,0.8862300059198291
15311,4633,514502_bpc,514501_mpc,38.0,39.0,-1.0,27.0,0.8563372849264094
9308,39301,511801_mpc,514601_mpc,20.25,11.5,8.75,-3.442871,0.8173166367561943
4285,8557,509301_mpc,509401_mpc,25.0,27.0,-2.0,8.0,0.8860854475152621
28334,30902,512401_mpc,512201_mpc,50.25,52.75,-2.5,7.442871,0.8948542469170603
13196,13045,514702_bpc,514902_bpc,19.0,12.75,6.25,-12.0,0.9066205456049953
7504,8733,511604_cec,511303_mec,18.75,18.75,0.0,-16.0,0.9353986430668635
11476,6380,505802_bpc,505401_mpc,7.5,8.75,-1.25,13.0,0.9273366097336665
7386,3928,503101_mpc,503802_bpc,63.0,71.25,-8.25,-3.0,0.945180504312634
39332,5495,506701_mpc,506601_mpc,30.0,36.75,-6.75,-29.0,0.8297273965909497
2030,14682,505801_mpc,505701_mpc,81.25,68.75,12.5,4.0,0.9680026594829824
32508,92,506002_bpc,505402_bpc,14.25,7.5,6.75,-33.0,0.9307105786201044
8809,16964,504503_mec,504903_mec,20.0,20.0,0.0,-46.0,0.9055589680358836
1927,197,502505_hec,507201_mpc,11.25,16.75,-5.5,-2.0,0.920444584073088
31985,22186,504201_mpc,503101_mpc,32.5,27.5,5.0,22.0,0.7701759308305922
5874,12657,509001_mpc,508501_mpc,18.75,10.25,8.5,28.0,0.9413449826006215
39395,12959,502005_hec,501602_bpc,27.0,14.25,12.75,-39.0,0.8819527634924433
12744,13648,509202_bpc,508502_bpc,33.0,28.75,4.25,-10.0,0.9564144878273132
21592,31181,511402_bpc,513602_bpc,20.0,10.0,10.0,-21.0,0.9351597720066743
29628,33205,513601_mpc,511701_mpc,36.25,35.25,1.0,27.0,0.9872616465878145
7539,22391,503202_bpc,514801_mpc,90.0,98.25,-8.25,15.0,0.9512262647872726
7758,16662,506802_bpc,506404_cec,28.75,12.75,16.0,21.0,0.7073949842400212
28750,8653,505501_mpc,505301_mpc,37.25,37.0,0.25,19.0,0.6353673245992377
17891,7914,506001_mpc,506002_bpc,32.5,23.5,9.0,-17.0,0.7211943625132244
19368,11325,508401_mpc,515001_mpc,28.75,27.75,1.0,0.0,0.8055262979709618
16739,487,514801_mpc,514901_mpc,50.0,52.5,-2.5,-6.0,0.9281822750329463
6372,17358,501904_cec,507501_mpc,38.75,48.75,-10.0,11.0,0.6386607902507851
19085,16631,512801_mpc,512902_bpc,42.75,57.5,-14.75,-4.0,0.7896937369952155
2366,1916,508802_bpc,515002_bpc,41.5,36.25,5.25,15.442871,0.8148424748254148
29650,33211,508904_cec,509002_bpc,25.75,22.75,3.0,9.442871,0.9270089934667513
11035,5991,508102_bpc,508002_bpc,22.75,22.75,0.0,-13.0,0.9833803086028804
35515,22627,509302_bpc,509501_mpc,22.5,25.25,-2.75,9.0,0.8704129197983219
37598,9224,505901_mpc,505301_mpc,36.25,40.0,-3.75,5.0,0.8660826972172122
161,32209,514602_bpc,514601_mpc,29.0,21.75,7.25,9.0,0.8950953869501618
1045,4090,512702_bpc,512602_bpc,25.25,31.25,-6.0,-32.0,0.9259613271883737
12819,4989,506602_bpc,506601_mpc,24.5,13.25,11.25,33.0,0.8913510558427971
11693,18787,511401_mpc,511201_mpc,48.75,51.75,-3.0,2.0,0.9474423715507049
12064,14528,507501_mpc,507801_mpc,58.75,50.0,8.75,-1.0,0.9078606813119828
21957,18892,507301_mpc,506903_mec,23.0,21.5,1.5,-35.0,0.8785812862411597
14100,1500,503102_bpc,503601_mpc,53.75,53.75,0.0,-17.0,0.9109572028186222
8908,6627,508701_mpc,509001_mpc,31.5,22.5,9.0,-25.0,0.8687754084906046
28702,12365,506801_mpc,506701_mpc,38.75,26.75,12.0,0.0,0.6321801533325186
14965,4749,509402_bpc,508702_bpc,33.75,36.75,-3.0,12.0,0.8902198862369064
9341,6323,507701_mpc,506501_mpc,40.0,46.5,-6.5,-1.0,0.7754622054298068
21727,12608,505901_mpc,505701_mpc,65.75,90.75,-25.0,17.0,0.9635334811461406
32521,4149,504402_bpc,504702_bpc,54.25,46.25,8.0,2.0,0.8901666556100182
36157,15141,505301_mpc,505203_mec,70.5,68.75,1.75,-6.0,0.9841626598872424
17006,5704,513903_mec,511701_mpc,65.0,71.25,-6.25,8.0,0.8926265022607208
10913,4710,507502_bpc,507602_bpc,21.25,24.25,-3.0,-5.0,0.9724386218095715
28490,23719,513601_mpc,511801_mpc,50.0,75.0,-25.0,-7.0,0.891585952302619
11741,10960,507501_mpc,508201_mpc,31.25,34.25,-3.0,15.0,0.9121996577325752
7571,5212,501904_cec,504504_cec,37.5,34.5,3.0,-1.0,0.5523529227912561
17030,30277,512202_bpc,510101_mpc,40.25,35.0,5.25,2.0,0.7344542106904409
6280,14570,506101_mpc,502101_mpc,50.0,68.75,-18.75,-3.0,0.7337274838618212
14383,33138,509302_bpc,508802_bpc,59.25,86.25,-27.0,-2.0,0.928084568386804
4209,28498,506702_bpc,507302_bpc,38.75,34.0,4.75,30.0,0.7799937489215946
33339,9003,512501_mpc,512601_mpc,42.5,45.0,-2.5,-18.0,0.9819016692949603
2524,3853,508101_mpc,503904_cec,27.5,14.25,13.25,8.0,0.7834522097769557
26567,14059,507501_mpc,501601_mpc,88.75,105.25,-16.5,4.0,0.9572133051682173
6331,20269,506502_bpc,507002_bpc,25.75,22.5,3.25,19.0,0.9506932947783026
3443,2842,507501_mpc,507702_bpc,30.0,24.25,5.75,7.0,0.826353022428883
22387,18335,502701_mpc,502801_mpc,33.75,29.75,4.0,3.0,0.89831623596394
7618,28669,505602_bpc,505102_bpc,35.0,33.75,1.25,11.0,0.8872093533859156
16825,20379,514002_bpc,511902_bpc,13.5,-2.5,16.0,33.55713,0.9306169607733741
12428,19736,505802_bpc,505702_bpc,47.25,46.25,1.0,36.0,0.9363295091503172
32038,19832,506202_bpc,506302_bpc,51.25,47.5,3.75,4.0,0.8332529082110823
18397,16955,508502_bpc,509202_bpc,42.0,40.5,1.5,33.0,0.9677561103314152
39164,5497,507502_bpc,508002_bpc,38.75,38.75,0.0,-17.0,0.8811338496338221
5459,11476,506002_bpc,505802_bpc,15.25,7.5,7.75,-13.0,0.9317301216455248
3269,35702,509401_mpc,509402_bpc,44.5,49.5,-5.0,-21.0,0.78856673502852
6949,39109,514602_bpc,512104_cec,29.25,25.0,4.25,18.0,0.7959665423765095
12645,18742,505502_bpc,505102_bpc,35.25,33.25,2.0,37.0,0.8424911874409936
6290,4509,503001_mpc,502801_mpc,39.0,38.75,0.25,-15.0,0.796514499231678
18426,2680,514002_bpc,514202_bpc,15.0,14.5,0.5,-40.0,0.9065050891684859
2315,32800,511701_mpc,513601_mpc,38.75,37.0,1.75,1.0,0.9078837301511056
21798,13540,501602_bpc,501502_bpc,52.5,52.5,0.0,-4.0,0.9360966005266435
30085,31521,514802_bpc,514702_bpc,26.25,34.0,-7.75,-17.0,0.840182941099823
17282,17385,506802_bpc,506404_cec,24.75,21.25,3.5,11.0,0.9143350351773247
12324,14018,508904_cec,506404_cec,18.75,5.0,13.75,13.442871,0.8894446001088592
4213,34693,508202_bpc,508002_bpc,32.5,35.0,-2.5,0.0,0.971023118127127
37927,4875,507401_mpc,507801_mpc,23.75,20.0,3.75,-23.0,0.9372328945995793
1451,28510,511701_mpc,511801_mpc,73.25,53.25,20.0,6.0,0.9457865215109671
3478,20379,502505_hec,511902_bpc,4.5,-2.5,7.0,42.0,0.8856417475431855
20607,35442,512902_bpc,512901_mpc,58.75,73.5,-14.75,-14.0,0.8777348827767663
14018,1743,506404_cec,502505_hec,5.0,14.0,-9.0,-1.4428711,0.9144321148184051
7841,38757,503602_bpc,503802_bpc,37.0,35.0,2.0,-31.0,0.7998063205572532
10436,10511,508202_bpc,507602_bpc,47.0,57.0,-10.0,-15.0,0.8806608740559355
5210,11674,509201_mpc,509501_mpc,53.5,53.75,-0.25,-8.0,0.9106641013177993
2306,17185,507801_mpc,507601_mpc,25.0,18.75,6.25,-1.0,0.9133441276139908
7751,25051,511303_mec,511702_bpc,10.0,0.0,10.0,12.0,0.9218851875222975
16276,4572,509502_bpc,508802_bpc,45.5,53.75,-8.25,-8.0,0.8676757020269708
14457,33466,501802_bpc,501502_bpc,29.25,27.75,1.5,24.0,0.8956256808176432
21572,30810,514201_mpc,514001_mpc,53.75,47.75,6.0,25.0,0.9213206119237628
4755,10349,507501_mpc,508201_mpc,85.0,68.5,16.5,7.0,0.9809136937830291
34483,25572,501601_mpc,503001_mpc,101.25,98.75,2.5,-2.0,0.9653623716737797
38294,16626,506701_mpc,507201_mpc,55.0,51.25,3.75,-8.0,0.9172724695011991
92,8800,505402_bpc,505802_bpc,7.5,15.5,-8.0,-16.0,0.9084939490115586
10621,1024,504201_mpc,504701_mpc,42.5,99.25,-56.75,-12.0,0.4415335564572551
28053,18153,509001_mpc,509502_bpc,22.5,11.25,11.25,3.0,0.8689539258837002
26493,2030,505301_mpc,505801_mpc,63.75,81.25,-17.5,1.0,0.9702080886423844
2240,11513,511902_bpc,512402_bpc,13.75,8.75,5.0,-31.0,0.9612297779778388
244,28080,509402_bpc,509302_bpc,40.5,40.0,0.5,11.0,0.7520092706045255
32974,27011,515001_mpc,508904_cec,7.75,15.25,-7.5,-25.0,0.9126722051973857
7944,25632,501502_bpc,502004_cec,27.75,32.25,-4.5,10.0,0.8890514389839917
22182,8583,508302_bpc,508401_mpc,22.5,12.5,10.0,-5.0,0.9075512304875606
18144,30341,505902_bpc,505502_bpc,39.75,45.0,-5.25,-19.0,0.8050211523216004
8148,12651,507402_bpc,507904_cec,12.5,10.25,2.25,9.0,0.9585537359709561
6655,5298,505602_bpc,505203_mec,30.25,25.75,4.5,-44.0,0.8223513739489429
15883,16709,507302_bpc,506404_cec,9.0,14.0,-5.0,-38.0,0.9801894334294581
24514,32205,505203_mec,505802_bpc,56.75,63.75,-7.0,-9.0,0.9224394072589193
6836,22722,505101_mpc,505901_mpc,31.5,29.0,2.5,14.0,0.943111507625085
17049,2521,503101_mpc,503801_mpc,21.25,26.25,-5.0,-32.0,0.8565268456532642
570,29650,508401_mpc,508904_cec,32.5,25.75,6.75,7.0,0.8472139598443159
32139,9931,511202_bpc,511702_bpc,77.75,80.75,-3.0,-17.0,0.9349369450103729
9954,15122,505501_mpc,505101_mpc,35.25,38.75,-3.5,8.0,0.8087207939048531
3367,10808,511901_mpc,512201_mpc,76.25,82.5,-6.25,-5.0,0.9798862435371953
29147,1519,508101_mpc,507802_bpc,27.5,27.0,0.5,11.0,0.901646280015583
34794,1160,505602_bpc,511401_mpc,79.5,105.0,-25.5,3.0,0.9407976370694271
14906,6702,506903_mec,506702_bpc,22.5,16.25,6.25,-18.557129,0.9408945735796392
28876,6665,507302_bpc,506802_bpc,19.0,21.0,-2.0,-40.0,0.9306005037065618
13822,4263,508501_mpc,508903_mec,30.0,26.5,3.5,-19.0,0.8636292171829779
13581,33075,506903_mec,506801_mpc,30.25,28.75,1.5,36.0,0.8497487193877072
25469,29370,512502_bpc,512701_mpc,46.25,57.75,-11.5,-9.0,0.881472954675691
37315,1742,511402_bpc,511303_mec,1.25,13.75,-12.5,-4.0,0.9683141372931865
22068,28272,508301_mpc,508501_mpc,52.5,63.0,-10.5,0.0,0.9543708065950391
24395,6445,509002_bpc,515002_bpc,34.5,31.25,3.25,-9.0,0.8508115430415376
3220,5737,502702_bpc,502802_bpc,32.75,32.5,0.25,0.0,0.9844593510949924
12078,692,502005_hec,501601_mpc,26.25,20.5,5.75,-27.0,0.6936147999407085
15213,2477,505601_mpc,507701_mpc,85.75,66.25,19.5,1.0,0.971688232179213
12724,39002,513904_cec,514002_bpc,8.0,-2.25,10.25,72.0,0.9599120333785532
11186,19539,507402_bpc,507802_bpc,23.75,20.0,3.75,9.0,0.9737485675583578
29454,4710,507701_mpc,507602_bpc,26.25,24.25,2.0,-1.0,0.8733289854109221
19393,14565,505901_mpc,505802_bpc,36.25,34.0,2.25,0.0,0.76107377101397
32012,6432,511402_bpc,511202_bpc,71.25,55.25,16.0,5.0,0.9380740699927429
7014,39363,514801_mpc,514702_bpc,73.5,80.0,-6.5,-6.0,0.9631197182851928
7870,36186,506202_bpc,506302_bpc,67.25,57.5,9.75,-10.0,0.9671096263089745
29186,18278,509201_mpc,508501_mpc,66.25,99.75,-33.5,3.0,0.9558456979633675
17821,28268,506802_bpc,506404_cec,14.25,1.0,13.25,-22.0,0.9487220917112238
2761,15473,505101_mpc,505302_bpc,22.75,25.75,-3.0,0.0,0.9246310242325863
11514,26078,509105_hec,503905_hec,26.75,22.75,4.0,0.0,0.6520416642271794
31717,1030,512502_bpc,512601_mpc,52.0,65.0,-13.0,-36.0,0.8434647232310732
3767,1519,507702_bpc,507802_bpc,25.0,27.0,-2.0,-13.0,0.973004238603717
8070,25539,505203_mec,505701_mpc,23.75,9.75,14.0,1.0,0.8524214326856464
15130,3072,506502_bpc,507002_bpc,49.5,47.5,2.0,9.0,0.8028611564624966
21313,19022,514602_bpc,512701_mpc,53.75,60.25,-6.5,-4.0,0.946260677319667
6543,20667,502802_bpc,502504_cec,43.75,58.75,-15.0,-3.0,0.7930007490878849
1530,31507,511603_mec,511202_bpc,23.75,8.75,15.0,50.0,0.9070384145845071
10436,13171,508202_bpc,507402_bpc,47.0,61.25,-14.25,-9.0,0.8305538501970909
22499,10877,504002_bpc,504202_bpc,35.75,31.0,4.75,18.0,0.9204211818009653
6228,1559,508702_bpc,505601_mpc,76.25,103.0,-26.75,4.0,0.9335587670180858
35433,14779,512201_mpc,512402_bpc,17.5,27.25,-9.75,11.0,0.8776087428385015
8174,3921,514302_bpc,514301_mpc,21.0,13.75,7.25,-10.0,0.8977827564797289
24044,1989,508301_mpc,508501_mpc,16.75,20.0,-3.25,25.0,0.9554783190968096
3227,14743,507602_bpc,508201_mpc,22.0,18.75,3.25,10.0,0.8861708406978401
2295,14383,508302_bpc,509302_bpc,44.5,59.25,-14.75,-17.0,0.798548417145735
6037,29050,505203_mec,505702_bpc,84.5,83.75,0.75,17.0,0.9886010237946227
13742,4616,509202_bpc,509105_hec,22.5,2.0,20.5,2.442871,0.7951262156369351
29743,24897,503102_bpc,503201_mpc,57.5,70.0,-12.5,-7.0,0.8807465214911063
16140,7014,514802_bpc,514801_mpc,52.5,73.5,-21.0,1.0,0.8590406115557944
30519,4078,507201_mpc,507001_mpc,34.0,32.75,1.25,-1.0,0.9371510648117513
2590,23909,514601_mpc,514701_mpc,52.0,53.75,-1.75,2.0,0.9161985076813964
20391,7085,505801_mpc,505301_mpc,43.0,38.75,4.25,6.0,0.8241132271810028
16708,34483,503601_mpc,501601_mpc,85.0,101.25,-16.25,3.0,0.9523050060310857
7435,12888,513903_mec,512802_bpc,41.75,57.75,-16.0,33.0,0.711877925577771
3719,3134,509301_mpc,506301_mpc,39.5,30.75,8.75,-6.0,0.7494396907699908
19991,22107,505702_bpc,515001_mpc,43.25,57.0,-13.75,-7.0,0.6264265712460302
15404,11027,506101_mpc,506801_mpc,8.75,-1.25,10.0,-2.0,0.8772179208986609
8806,2083,514302_bpc,514501_mpc,18.25,7.75,10.5,18.0,0.914850403168551
21405,10806,503302_bpc,503202_bpc,47.25,48.5,-1.25,-8.0,0.8380912630062782
10547,264,504504_cec,505204_cec,35.0,23.75,11.25,22.0,0.5544376331197592
12970,14080,513202_bpc,513201_mpc,16.0,24.75,-8.75,-2.0,0.9116728056461211
4532,2642,508002_bpc,507502_bpc,36.75,35.5,1.25,-13.0,0.9681395746888161
14853,17810,506601_mpc,506404_cec,27.5,20.0,7.5,16.0,0.8799661371590444
5983,30999,512601_mpc,512501_mpc,21.25,27.5,-6.25,10.0,0.8381412606139017
22792,25164,514001_mpc,513601_mpc,41.0,40.5,0.5,-18.0,0.9372256634643621
6280,13542,506101_mpc,502701_mpc,50.0,56.5,-6.5,7.0,0.8278897415058044
30129,6947,510101_mpc,512201_mpc,52.0,54.25,-2.25,-12.0,0.8861045952941605
24925,19043,511201_mpc,511202_bpc,49.25,58.5,-9.25,-7.0,0.837940243620014
13778,16241,509502_bpc,509402_bpc,40.75,33.75,7.0,6.0,0.7590391738271474
30720,12121,514602_bpc,506101_mpc,77.5,108.75,-31.25,4.0,0.9378119827643918
18620,8556,503002_bpc,502802_bpc,53.75,45.5,8.25,2.0,0.8968933761686784
2270,10267,504504_cec,504904_cec,16.25,18.25,-2.0,-5.0,0.8264984829323149
12733,21247,506302_bpc,506102_bpc,47.75,50.75,-3.0,2.0,0.9519675610645909
14613,15047,508501_mpc,509201_mpc,28.75,22.5,6.25,-35.0,0.903673200489316
1366,33477,503202_bpc,503302_bpc,50.25,60.25,-10.0,-4.0,0.7862590070509639
29433,18787,511402_bpc,511201_mpc,54.0,51.75,2.25,6.0,0.9088354494902972
25604,7870,507001_mpc,506202_bpc,72.5,67.25,5.25,8.0,0.9639954154472412
7591,24092,506202_bpc,506302_bpc,44.0,49.25,-5.25,7.0,0.7835755132175436
4510,7651,505802_bpc,505302_bpc,45.25,50.75,-5.5,18.0,0.8158143491443258
5796,14605,512202_bpc,512201_mpc,75.75,74.5,1.25,-2.0,0.9420848114544492
23414,5196,508802_bpc,508401_mpc,28.25,28.0,0.25,-8.0,0.8565294826301935
21689,42,512502_bpc,512602_bpc,32.75,25.0,7.75,-44.0,0.7386688250307036
38610,37369,506601_mpc,507001_mpc,42.5,51.5,-9.0,23.442871,0.8060790321902322
11530,10371,501502_bpc,502202_bpc,44.75,43.75,1.0,-7.0,0.886821935961493
2423,33259,502005_hec,502004_cec,10.5,23.75,-13.25,1.0,0.8738692006439147
25241,23146,507001_mpc,507301_mpc,33.25,32.5,0.75,28.0,0.7808300275561435
18351,8427,501801_mpc,501601_mpc,47.5,57.5,-10.0,-1.0,0.932521825044059
7443,11295,501801_mpc,502101_mpc,46.25,50.0,-3.75,-2.0,0.7753405552166068
29454,2208,507701_mpc,507702_bpc,26.25,25.0,1.25,6.0,0.8825476557970795
30791,13397,510102_bpc,511902_bpc,35.0,27.75,7.25,-17.0,0.6607187568513894
2468,35187,510101_mpc,512201_mpc,54.5,53.25,1.25,0.0,0.9344027146545482
37927,25527,507401_mpc,507601_mpc,23.75,11.25,12.5,22.0,0.926691667661135
2295,3883,508302_bpc,509402_bpc,44.5,50.0,-5.5,-17.0,0.864241652843435
8577,25655,507001_mpc,502701_mpc,22.5,28.5,-6.0,-4.0,0.875788698436919
5658,3190,507801_mpc,507702_bpc,20.0,12.25,7.75,-23.0,0.9535745881467421
1029,1193,501903_mec,501601_mpc,18.75,19.75,-1.0,2.0,0.8537316362509904
4107,5321,504202_bpc,503801_mpc,21.25,13.25,8.0,5.0,0.8989620609449362
23514,36186,506202_bpc,506302_bpc,73.25,57.5,15.75,0.0,0.9389838135076031
12451,31933,513904_cec,513903_mec,12.5,5.0,7.5,10.0,0.9520219019012914
5798,3775,505203_mec,506701_mpc,27.25,15.0,12.25,15.0,0.6431227873239969
4165,5826,512702_bpc,512602_bpc,28.75,37.25,-8.5,-12.0,0.7868339234078342
2547,18132,509104_cec,508904_cec,28.75,17.5,11.25,11.0,0.7690464544598679
33361,38757,503202_bpc,503802_bpc,40.0,35.0,5.0,13.0,0.7416788135958188
12742,3042,502701_mpc,502801_mpc,50.0,61.25,-11.25,-3.0,0.8968067688818053
28155,24360,512401_mpc,512202_bpc,42.25,56.25,-14.0,-6.0,0.7626728846162161
24079,24853,509501_mpc,509401_mpc,52.0,63.75,-11.75,9.0,0.8999171668949766
14443,24390,502004_cec,502101_mpc,33.0,27.5,5.5,-3.0,0.747575860293431
6101,39428,511201_mpc,511304_cec,32.5,35.5,-3.0,-14.0,0.6488245212167723
7572,18571,506904_cec,503101_mpc,50.25,74.75,-24.5,1.0,0.7471627863549202
4383,1837,508102_bpc,507502_bpc,41.25,52.0,-10.75,-9.0,0.7414753387567403
31822,4596,509401_mpc,509301_mpc,73.75,86.25,-12.5,-4.0,0.9692160767967877
24370,16394,502005_hec,501802_bpc,41.5,44.75,-3.25,-22.0,0.9052291005451066
10948,15715,503801_mpc,504201_mpc,35.75,31.5,4.25,-2.0,0.8926667036993075
10402,22905,514301_mpc,513904_cec,7.5,16.25,-8.75,7.0,0.9457588011730229
10701,4495,502505_hec,503002_bpc,15.25,26.25,-11.0,-4.557129,0.8658697495053558
6959,16304,502504_cec,501904_cec,33.75,17.5,16.25,0.0,0.6389408070992786
6090,11475,506001_mpc,505102_bpc,11.5,10.0,1.5,-11.0,0.9513583094499133
20746,8991,503202_bpc,503301_mpc,73.75,63.0,10.75,-7.0,0.9288371574986536
2878,4170,514402_bpc,514501_mpc,46.25,41.5,4.75,42.0,0.7745203864810446
12742,16016,502701_mpc,503001_mpc,50.0,53.25,-3.25,-8.0,0.9786456697647457
3889,7899,514901_mpc,514801_mpc,31.25,36.25,-5.0,-16.0,0.8658002458035503
12886,21422,507501_mpc,514502_bpc,44.25,37.5,6.75,26.0,0.6526110435459173
21190,34991,512201_mpc,511902_bpc,32.5,33.75,-1.25,-0.4428711,0.8259621890251988
19349,15047,508501_mpc,509201_mpc,28.75,22.5,6.25,10.0,0.8326173702231603
8001,6307,514602_bpc,514702_bpc,40.0,46.5,-6.5,43.0,0.7732447440517712
5920,26773,511201_mpc,511303_mec,28.75,18.75,10.0,-2.0,0.852292036574361
4539,8367,508401_mpc,509501_mpc,50.5,52.5,-2.0,0.0,0.8810873002399806
32473,23232,514002_bpc,514202_bpc,8.75,8.75,0.0,29.0,0.960874342893795
18303,31844,514901_mpc,514802_bpc,46.75,47.5,-0.75,18.0,0.9134455752429909
34843,17220,504903_mec,504702_bpc,29.25,34.0,-4.75,0.0,0.8547923970237689
2715,24834,512502_bpc,512701_mpc,48.25,64.0,-15.75,-9.0,0.8428013942368012
14320,7988,511402_bpc,511202_bpc,33.75,41.25,-7.5,34.0,0.8084443674380538
12942,25461,513201_mpc,513103_mec,62.5,100.0,-37.5,-1.0,0.8892752425190393
18427,9711,506102_bpc,506202_bpc,52.5,68.5,-16.0,-9.0,0.9001906241182226
16395,4074,508101_mpc,507701_mpc,20.0,15.0,5.0,2.0,0.9290531680365343
19416,20118,506903_mec,507301_mpc,22.75,10.0,12.75,0.0,0.7829846822343661
38572,23960,508802_bpc,509502_bpc,58.75,52.75,6.0,17.0,0.9607006226295715
12998,3413,508701_mpc,508702_bpc,38.5,41.25,-2.75,-4.0,0.8325162302235544
30452,1921,508702_bpc,508302_bpc,30.5,25.0,5.5,32.0,0.914695242697555
113,2064,509502_bpc,508903_mec,43.75,56.5,-12.75,7.0,0.7690296446521535
1800,25715,506602_bpc,507202_bpc,26.25,28.0,-1.75,13.0,0.9392810527861306
3840,24897,503102_bpc,503201_mpc,61.25,70.0,-8.75,-1.0,0.8775945587447285
12010,3749,504401_mpc,504701_mpc,62.5,79.0,-16.5,6.0,0.9301650749143436
9089,6894,503002_bpc,502802_bpc,41.75,48.0,-6.25,1.0,0.8347827991602103
572,10770,509301_mpc,508501_mpc,47.5,58.5,-11.0,-4.0,0.8700266658408425
28490,30132,513601_mpc,511701_mpc,50.0,40.75,9.25,8.0,0.8639937307909447
7803,25413,501904_cec,507904_cec,22.5,11.5,11.0,18.0,0.8188491621227414
5431,11451,507802_bpc,506903_mec,32.5,22.75,9.75,7.0,0.740511831690855
536,27629,514502_bpc,514501_mpc,8.75,7.0,1.75,13.0,0.9279053397585462
10059,16224,506501_mpc,507001_mpc,34.75,27.75,7.0,-2.0,0.839820983820184
6361,12819,507002_bpc,506602_bpc,33.0,24.5,8.5,-9.0,0.7599719476621165
10110,10241,505204_cec,508701_mpc,8.75,14.75,-6.0,3.0,0.9060168499532627
20780,37306,504402_bpc,504701_mpc,50.75,67.25,-16.5,1.0,0.8233114099112523
17437,18709,501802_bpc,502005_hec,15.0,5.0,10.0,24.0,0.889471878090678
29547,6949,513404_cec,514602_bpc,26.75,29.25,-2.5,-14.0,0.8572313791610211
31189,10416,505502_bpc,505902_bpc,41.25,39.0,2.25,-12.0,0.8324709801127254
19846,36665,507202_bpc,506602_bpc,25.0,26.5,-1.5,-14.0,0.9003798246435343
30375,12815,511201_mpc,511402_bpc,40.0,50.0,-10.0,-5.0,0.689798729277827
12912,20536,508002_bpc,507402_bpc,24.75,17.5,7.25,30.0,0.9523081668045211
7897,21313,512702_bpc,514602_bpc,58.75,53.75,5.0,11.0,0.9388104203219267
17899,26493,505203_mec,505301_mpc,69.0,63.75,5.25,-9.0,0.9758529729597748
2270,522,504504_cec,504904_cec,16.25,26.25,-10.0,-10.0,0.8342986171542089
5509,18137,503802_bpc,503201_mpc,24.0,15.25,8.75,13.0,0.8715377655754982
9183,33428,507702_bpc,507802_bpc,23.75,22.5,1.25,9.0,0.9450374980542124
10777,25193,508202_bpc,507501_mpc,21.25,20.25,1.0,13.0,0.9414744689818811
23889,18165,502504_cec,502202_bpc,38.0,31.25,6.75,-11.0,0.642265944993455
38487,14062,509105_hec,508502_bpc,20.0,21.25,-1.25,-26.0,0.9348998789751313
4940,10229,514802_bpc,514602_bpc,22.5,26.25,-3.75,-29.0,0.9525182029021185
17368,34723,514202_bpc,514402_bpc,32.0,25.0,7.0,8.0,0.6352500172974004
12511,3588,505401_mpc,506002_bpc,20.75,19.25,1.5,12.0,0.9083333876181297
14348,4376,502504_cec,509401_mpc,40.0,37.25,2.75,17.0,0.6254165806259127
25386,3229,515002_bpc,508802_bpc,36.0,40.25,-4.25,6.0,0.8565372565463398
17931,30794,505702_bpc,505302_bpc,41.5,42.5,-1.0,-5.0,0.9283546593883412
20708,487,514701_mpc,514901_mpc,64.5,52.5,12.0,16.0,0.9354592677068391
21267,33415,513704_cec,514202_bpc,16.0,10.25,5.75,32.0,0.9434588010344508
14,20386,501502_bpc,502102_bpc,42.5,51.75,-9.25,34.0,0.8677439653094144
16049,16248,513602_bpc,513903_mec,26.25,20.25,6.0,3.0,0.8482707899932711
6211,23682,505204_cec,506202_bpc,65.75,61.0,4.75,-5.0,0.9626498889331093
14200,29894,505301_mpc,505501_mpc,44.75,45.0,-0.25,1.0,0.8330499875872783
31143,25074,513104_cec,510102_bpc,60.5,71.5,-11.0,10.0,0.9383922428536247
25661,7318,508302_bpc,508402_bpc,65.5,62.5,3.0,4.0,0.9246216906469068
21399,32922,506702_bpc,507701_mpc,23.75,21.25,2.5,19.0,0.9013713542578642
691,14051,509201_mpc,508501_mpc,43.0,40.0,3.0,27.0,0.9048300587653217
1746,4866,511902_bpc,512401_mpc,16.5,17.75,-1.25,4.0,0.8577011082130361
23585,8558,505101_mpc,507201_mpc,10.0,1.75,8.25,8.0,0.8617761035946773
10530,15157,512902_bpc,512802_bpc,36.25,33.75,2.5,5.0,0.8686353512972387
24893,1438,508002_bpc,507602_bpc,73.25,65.0,8.25,-2.0,0.9773954494600341
27097,24939,506201_mpc,504201_mpc,32.75,25.0,7.75,22.0,0.8083072540729401
14159,28715,505204_cec,505802_bpc,26.25,21.25,5.0,-1.0,0.8625958905938624
18894,13822,508904_cec,508501_mpc,25.0,30.0,-5.0,9.0,0.8839020156154742
35433,2240,512201_mpc,511902_bpc,17.5,13.75,3.75,26.0,0.8860529157694095
9109,19681,508802_bpc,508402_bpc,40.25,50.25,-10.0,4.0,0.8312197217850491
9626,105,503001_mpc,502801_mpc,50.0,68.75,-18.75,11.0,0.81288005240108
13540,19541,501502_bpc,502202_bpc,52.5,54.5,-2.0,6.0,0.9098348898696814
10282,37167,513202_bpc,513403_mec,26.5,36.25,-9.75,7.0,0.6775523348095057
14191,19988,506404_cec,503905_hec,11.25,7.75,3.5,14.0,0.9137725378905325
88,19504,512701_mpc,512601_mpc,58.75,57.25,1.5,-33.0,0.9372516985877685
3182,8518,501904_cec,502005_hec,35.25,34.75,0.5,-15.0,0.7441906771472231
15520,1160,508903_mec,511401_mpc,68.75,105.0,-36.25,-15.0,0.9107664641712175
4593,5313,507402_bpc,507601_mpc,20.5,17.0,3.5,-11.0,0.9552755990225756
4880,5155,506601_mpc,506801_mpc,29.0,28.75,0.25,14.0,0.7810766157661049
11252,4219,504402_bpc,504702_bpc,45.0,52.75,-7.75,1.0,0.9125911662436015
20150,26679,501802_bpc,501904_cec,22.75,16.25,6.5,26.0,0.9067482711226569
2972,1899,509402_bpc,509104_cec,26.25,18.75,7.5,5.0,0.857602145619797
36036,22817,506602_bpc,506404_cec,2.5,11.5,-9.0,9.0,0.9333244216405022
2214,13632,503302_bpc,503102_bpc,40.0,46.25,-6.25,-16.0,0.7046528063741985
38359,14102,509201_mpc,508701_mpc,27.0,31.25,-4.25,-19.442871,0.9311126847357393
12762,25883,509104_cec,509002_bpc,37.75,41.25,-3.5,6.0,0.8300646449929674
20281,6293,506001_mpc,509002_bpc,21.75,9.5,12.25,-5.0,0.78333773002099
5219,17792,505402_bpc,505302_bpc,50.0,47.5,2.5,24.0,0.8938686838854805
23575,19383,505401_mpc,505101_mpc,37.5,30.25,7.25,-1.0,0.7354254053878305
14048,2902,507602_bpc,508002_bpc,33.75,36.25,-2.5,-17.0,0.9594850486794949
19185,20423,508201_mpc,508001_mpc,37.5,35.0,2.5,1.0,0.8809084702030767
10007,21804,504503_mec,504401_mpc,30.0,31.25,-1.25,14.0,0.8630774756434493
18388,8435,512701_mpc,512702_bpc,65.25,51.5,13.75,-2.0,0.9134527340997969
5357,4786,503202_bpc,503302_bpc,51.5,56.25,-4.75,5.0,0.9317882735400234
23362,17832,514002_bpc,513602_bpc,28.75,23.75,5.0,10.0,0.8733685095731797
21182,11921,506301_mpc,506201_mpc,46.5,49.25,-2.75,-31.0,0.8828974797857897
17040,30022,509001_mpc,508801_mpc,33.75,33.75,0.0,-10.0,0.7615897793317841
10021,38505,514301_mpc,514401_mpc,46.25,86.75,-40.5,-23.0,0.7431926697411676
19773,22420,512601_mpc,512702_bpc,28.75,23.75,5.0,22.0,0.906897154790418
8344,2047,508002_bpc,508102_bpc,32.5,29.0,3.5,-23.0,0.8627777051397876
30796,22499,503302_bpc,504002_bpc,36.25,35.75,0.5,2.0,0.7306072848717767
18173,6083,514501_mpc,514301_mpc,36.75,26.75,10.0,-9.0,0.7456189874490803
5565,18707,512401_mpc,511902_bpc,4.25,-2.75,7.0,-22.0,0.938974479750882
23458,2270,504903_mec,504504_cec,20.0,16.25,3.75,-14.0,0.8560098896824595
1171,6311,507601_mpc,507401_mpc,17.5,21.25,-3.75,1.0,0.9830130154672455
7715,7897,512701_mpc,512702_bpc,48.5,58.75,-10.25,-17.0,0.885151887428342
5431,26474,507802_bpc,501903_mec,32.5,26.5,6.0,11.0,0.6590290585811435
15271,12148,504904_cec,504503_mec,26.5,30.0,-3.5,-4.0,0.8518423727315442
3086,5658,507501_mpc,507801_mpc,27.5,20.0,7.5,6.0,0.9024165368006948
7930,37947,508201_mpc,508001_mpc,32.5,36.0,-3.5,-5.0,0.927940528115093
19368,19661,508401_mpc,509002_bpc,28.75,26.25,2.5,30.0,0.8224367690938145
20394,5857,506904_cec,504401_mpc,91.25,92.5,-1.25,-21.0,0.948327471757909
5985,29555,514701_mpc,514801_mpc,48.25,65.25,-17.0,-18.0,0.8856307237427601
12511,10403,505401_mpc,506001_mpc,20.75,16.75,4.0,2.0,0.9263325132650061
12916,20966,502802_bpc,502702_bpc,32.5,38.5,-6.0,2.0,0.798682582814524
4195,8214,506002_bpc,505401_mpc,35.0,30.75,4.25,-27.0,0.8516014146106082
7443,10057,501801_mpc,501502_bpc,46.25,45.25,1.0,7.0,0.812670062732624
7770,19423,501802_bpc,501602_bpc,39.5,41.5,-2.0,2.0,0.8953959784550825
3784,3635,507502_bpc,508002_bpc,23.75,28.0,-4.25,15.0,0.9550313582435485
12038,13822,505101_mpc,508501_mpc,30.0,30.0,0.0,23.0,0.7300779421567147
319,19225,508101_mpc,507904_cec,56.25,53.75,2.5,29.0,0.9060555581308629
10024,30266,507001_mpc,506502_bpc,56.25,82.0,-25.75,-3.0,0.8590580148029612
2559,3190,508102_bpc,507702_bpc,6.75,12.25,-5.5,-1.0,0.9623234765628882
23779,33665,513504_cec,513704_cec,6.25,5.5,0.75,0.0,0.929781502014513
27753,5432,508701_mpc,509201_mpc,65.5,91.25,-25.75,-5.0,0.9537815934256051
8666,3142,512901_mpc,512802_bpc,47.0,45.0,2.0,35.0,0.7980884258549324
29603,19022,512502_bpc,512701_mpc,52.5,60.25,-7.75,-10.0,0.9081204275050465
17801,16066,507401_mpc,507501_mpc,43.75,41.5,2.25,8.0,0.9517750540459187
20471,6720,505802_bpc,505102_bpc,51.0,44.25,6.75,31.0,0.9164164475983807
28239,18294,514702_bpc,514802_bpc,33.75,28.75,5.0,-3.0,0.9357514582522303
17079,28530,505301_mpc,505701_mpc,86.25,92.5,-6.25,6.0,0.9983417947335226
7076,6671,504201_mpc,502504_cec,48.75,73.25,-24.5,7.0,0.7414745598313196
24712,7209,514001_mpc,514201_mpc,34.25,30.0,4.25,2.0,0.8168905461530569
33339,65,512501_mpc,512602_bpc,42.5,46.5,-4.0,-14.0,0.9138109322609028
21563,12725,507301_mpc,506601_mpc,28.25,27.5,0.75,4.0,0.9182122987317081
4524,32743,505902_bpc,505302_bpc,38.0,36.0,2.0,3.0,0.4896446898729959
23151,6276,503602_bpc,503801_mpc,29.75,22.5,7.25,-26.0,0.7898516386363987
4622,24195,501801_mpc,506904_cec,48.0,50.25,-2.25,9.0,0.857210302403187
1209,21133,503601_mpc,503201_mpc,23.25,15.5,7.75,-8.0,0.8218168141514802
147,25551,507501_mpc,508101_mpc,70.0,61.25,8.75,12.0,0.9569873281325982
1683,6982,501602_bpc,502202_bpc,40.0,46.0,-6.0,-16.0,0.7179201025755945
14425,16985,506502_bpc,501602_bpc,73.5,87.25,-13.75,-6.0,0.9231744924236613
28605,29186,508302_bpc,509201_mpc,63.0,66.25,-3.25,-19.0,0.9714443918496797
19316,16936,512901_mpc,512801_mpc,35.25,23.25,12.0,12.0,0.7586143416963502
10908,14832,507502_bpc,507402_bpc,52.0,62.75,-10.75,-9.0,0.8629318993552664
24501,38262,504402_bpc,504702_bpc,51.25,60.0,-8.75,6.0,0.9669974860269281
19431,11094,504504_cec,509104_cec,30.0,21.25,8.75,8.0,0.7799463942317822
4633,9949,514501_mpc,514301_mpc,39.0,47.5,-8.5,-46.0,0.8073131704481736
17783,10785,511603_mec,511303_mec,23.75,18.75,5.0,-5.0,0.9803685077116294
2551,38715,514202_bpc,514002_bpc,9.0,12.5,-3.5,1.0,0.9796972278505722
14425,30090,506502_bpc,507002_bpc,73.5,65.0,8.5,6.0,0.9625766945918146
19706,3624,502801_mpc,502802_bpc,83.75,84.0,-0.25,0.0,0.9712682455477808
5258,9919,506501_mpc,507301_mpc,58.0,60.0,-2.0,-1.0,0.9502104288599091
29858,32816,508904_cec,504202_bpc,11.5,11.5,0.0,-18.442871,0.9294341833388536
34786,33148,508904_cec,505203_mec,23.75,4.0,19.75,15.0,0.8465947965282604
16628,12818,506501_mpc,506601_mpc,42.0,57.5,-15.5,4.0,0.7177247893627992
11806,11062,508001_mpc,507501_mpc,18.75,22.5,-3.75,-36.0,0.9836383908983031
18245,11094,503904_cec,509104_cec,28.75,21.25,7.5,-2.0,0.6969170208020208
15311,27801,514502_bpc,514401_mpc,38.0,45.0,-7.0,-20.0,0.7221125733475633
7751,30917,511303_mec,511603_mec,10.0,7.5,2.5,-21.0,0.9731106789965409
4666,20634,506002_bpc,512901_mpc,13.25,15.0,-1.75,-40.0,0.945093635386922
13710,17821,506702_bpc,506802_bpc,25.25,14.25,11.0,14.0,0.9110646160375406
29955,31521,514602_bpc,514702_bpc,27.5,34.0,-6.5,37.0,0.7928660623238304
34542,27336,512701_mpc,512601_mpc,63.25,53.75,9.5,4.0,0.9198188573759821
2403,23184,502702_bpc,502801_mpc,12.5,21.0,-8.5,1.0,0.9035264655753561
11476,11753,505802_bpc,506002_bpc,7.5,17.25,-9.75,2.442871,0.9513699925606884
18137,15161,503201_mpc,503904_cec,15.25,16.25,-1.0,7.0,0.8769937835212069
32466,3009,504402_bpc,504702_bpc,63.75,50.25,13.5,2.0,0.9071586655027806
3973,9150,501903_mec,501904_cec,11.25,6.25,5.0,-5.0,0.9023377480983724
9898,1052,511202_bpc,511401_mpc,27.5,21.25,6.25,18.0,0.824514790097406
6252,1559,508002_bpc,505601_mpc,93.75,103.0,-9.25,6.0,0.957455893015564
3624,5000,502802_bpc,507501_mpc,84.0,100.25,-16.25,0.0,0.9456746453840555
29846,20760,501904_cec,501601_mpc,35.25,40.0,-4.75,-12.0,0.7823886984324198
19616,6027,507904_cec,507601_mpc,10.25,4.5,5.75,-20.0,0.965346764180846
10223,3750,508002_bpc,508102_bpc,36.25,30.0,6.25,1.0,0.8932870699579335
18375,5705,501602_bpc,501502_bpc,27.75,19.0,8.75,1.0,0.8923509416641492
20707,27267,502201_mpc,501903_mec,35.5,33.75,1.75,19.0,0.8486936331978021
16684,20993,507601_mpc,507501_mpc,23.75,23.5,0.25,31.0,0.9512924024344237
20292,16398,505701_mpc,512801_mpc,59.5,61.25,-1.75,-27.0,0.9870011844182026
16016,22662,503001_mpc,502801_mpc,53.25,51.25,2.0,3.0,0.9486792252535131
10186,3898,502102_bpc,501802_bpc,42.25,40.0,2.25,0.0,0.8269843784801597
16991,12733,506102_bpc,506302_bpc,55.5,47.75,7.75,1.0,0.9344947181927417
4527,11867,508301_mpc,508501_mpc,45.25,55.0,-9.75,9.0,0.8586287514777378
24360,28334,512202_bpc,512401_mpc,56.25,50.25,6.0,4.0,0.8995903825431498
12726,1958,503602_bpc,503904_cec,4.5,11.5,-7.0,15.0,0.9448676752431775
4525,31437,503101_mpc,503201_mpc,45.25,53.75,-8.5,-4.0,0.8543566006202361
11229,18326,513201_mpc,513601_mpc,28.5,4.0,24.5,24.0,0.7873372531353031
20677,31395,502801_mpc,501904_cec,12.5,19.0,-6.5,11.442871,0.8870094912243615
16764,14649,502504_cec,506404_cec,27.75,21.25,6.5,0.0,0.7668118096488186
8734,28938,506802_bpc,507301_mpc,22.5,22.75,-0.25,-15.0,0.9097411086787214
21339,3749,504401_mpc,504701_mpc,77.25,79.0,-1.75,10.0,0.9827573066842628
10556,38217,511604_cec,513503_mec,3.75,7.75,-4.0,-31.0,0.9524712607768847
29837,20986,505301_mpc,505902_bpc,48.5,71.25,-22.75,-2.0,0.7234620947944771
27358,37888,511304_cec,513404_cec,37.25,44.25,-7.0,4.0,0.598334835228108
31056,28451,501801_mpc,502005_hec,23.5,18.75,4.75,-3.0,0.9404544238845978
6602,14989,507904_cec,507501_mpc,11.25,21.0,-9.75,5.0,0.8965102495817563
18440,5357,503602_bpc,503202_bpc,41.25,51.5,-10.25,4.0,0.7141496506243787
14065,20192,502201_mpc,501801_mpc,42.5,46.25,-3.75,-12.0,0.8828748270930448
3158,24640,508903_mec,506101_mpc,78.75,65.25,13.5,1.0,0.9551148357553346
18590,2895,504001_mpc,503904_cec,20.0,18.25,1.75,1.0,0.8575160971573093
8678,2753,505402_bpc,505602_bpc,56.25,53.0,3.25,4.0,0.9208107782519761
1132,6897,504201_mpc,503905_hec,6.25,1.0,5.25,-26.442871,0.890012283038683
11142,36693,505601_mpc,506002_bpc,31.5,28.25,3.25,21.0,0.8681538093745924
2318,3447,505802_bpc,505402_bpc,6.25,6.25,0.0,-31.0,0.9804334122813703
4383,5831,508102_bpc,507502_bpc,41.25,40.75,0.5,4.0,0.8150804139110003
18644,24079,508401_mpc,509501_mpc,45.5,52.0,-6.5,-4.0,0.9100779166436848
15660,30378,513103_mec,512802_bpc,26.75,29.5,-2.75,-4.0,0.9364016867763229
30729,16224,507201_mpc,507001_mpc,28.0,27.75,0.25,-12.0,0.8065590990845529
30441,38490,504701_mpc,504904_cec,31.25,22.5,8.75,-11.0,0.7463211794792297
37508,22524,510102_bpc,513903_mec,11.75,1.25,10.5,5.0,0.9352848023805475
7605,14906,507301_mpc,506903_mec,28.5,22.5,6.0,27.0,0.9067861610656525
406,8122,504503_mec,504504_cec,24.0,27.5,-3.5,-42.0,0.8646583649845953
36417,18058,503002_bpc,502701_mpc,53.75,82.75,-29.0,-32.0,0.831066381820986
9664,31936,508201_mpc,507601_mpc,67.75,75.0,-7.25,6.0,0.9772237914659028
4838,14880,507601_mpc,508201_mpc,50.25,52.5,-2.25,-2.0,0.9164236708918543
21900,20969,504001_mpc,503602_bpc,35.5,28.75,6.75,-24.0,0.6178678832180533
21987,21695,512701_mpc,512602_bpc,72.25,77.25,-5.0,-12.0,0.9894557760790645
39198,14159,505402_bpc,505204_cec,32.5,26.25,6.25,-4.442871,0.855582360614281
4748,839,505902_bpc,505302_bpc,38.75,35.0,3.75,47.0,0.8879924286196174
5005,10841,505301_mpc,505901_mpc,37.5,46.25,-8.75,-6.0,0.6974801122111374
28053,14709,509001_mpc,509105_hec,22.5,17.75,4.75,8.442871,0.8889997397718757
6587,9949,514501_mpc,514301_mpc,47.5,47.5,0.0,-11.0,0.9587912124651562
20144,19809,514301_mpc,513602_bpc,7.5,-5.0,12.5,21.0,0.8931414860408659
11464,12951,508904_cec,502202_bpc,45.0,46.25,-1.25,32.0,0.6467691242360059
8841,38598,504202_bpc,503302_bpc,11.5,6.25,5.25,37.0,0.9233636604564363
6307,28871,514702_bpc,511402_bpc,46.5,51.5,-5.0,-45.0,0.6613678414512435
3150,6801,502802_bpc,503002_bpc,46.0,56.25,-10.25,5.0,0.8877433507771464
5766,3178,507602_bpc,507802_bpc,26.0,27.5,-1.5,-11.0,0.9946918934588451
31945,16936,512901_mpc,512801_mpc,27.5,23.25,4.25,9.0,0.8723240412953253
27535,22391,514901_mpc,514801_mpc,57.5,98.25,-40.75,-6.0,0.8694082712021679
7728,24091,512401_mpc,510101_mpc,36.25,31.25,5.0,-3.0,0.8549098121483636
12165,4099,507904_cec,507802_bpc,11.25,15.0,-3.75,-26.0,0.9452579644438199
21606,4562,507202_bpc,506602_bpc,35.75,42.0,-6.25,-4.0,0.7614473960555839
5432,2303,509201_mpc,508301_mpc,91.25,77.75,13.5,15.0,0.9779321834308585
1565,2026,505302_bpc,505602_bpc,24.5,14.25,10.25,14.0,0.8832721850622104
26309,13348,505801_mpc,505701_mpc,43.75,46.25,-2.5,6.0,0.8379715260792013
11008,26237,509105_hec,508904_cec,24.0,14.5,9.5,7.0,0.761080480336561
4703,23999,505801_mpc,505501_mpc,40.5,38.0,2.5,9.0,0.8184323838812136
20818,8323,513103_mec,512802_bpc,11.25,1.25,10.0,33.0,0.9103729140821796
3276,16724,503802_bpc,503602_bpc,42.5,44.5,-2.0,9.0,0.8628204315253287
35530,10411,505401_mpc,505203_mec,31.25,30.25,1.0,8.0,0.8917350103156695
10291,12813,513503_mec,511801_mpc,50.75,63.75,-13.0,-21.0,0.919314316065973
3379,3190,508101_mpc,507702_bpc,18.75,12.25,6.5,-10.0,0.9632348046499314
33915,6199,514302_bpc,514502_bpc,18.75,19.0,-0.25,23.0,0.9324598058203389
38342,1830,514302_bpc,513404_cec,46.5,52.75,-6.25,-12.0,0.7952997575371537
18966,14176,513602_bpc,513601_mpc,35.0,25.0,10.0,1.0,0.6700885333657305
14257,2331,506802_bpc,507002_bpc,44.25,50.0,-5.75,9.0,0.7796241458501547
31606,14295,512401_mpc,511902_bpc,43.75,50.25,-6.5,24.0,0.8835498318627818
23230,3708,507201_mpc,508201_mpc,27.5,16.75,10.75,-6.0,0.7299666849684783
15280,14932,502504_cec,503001_mpc,22.5,20.25,2.25,3.0,0.893489727877645
11625,4568,508102_bpc,507802_bpc,28.75,26.5,2.25,-3.557129,0.9754913768225604
14650,20615,514202_bpc,514001_mpc,47.5,76.25,-28.75,-15.0,0.7557601781245855
34347,6249,503101_mpc,505501_mpc,8.75,0.0,8.75,-45.0,0.8739539179381566
7340,30713,504401_mpc,504903_mec,20.0,23.25,-3.25,-9.0,0.9211284718354391
2403,9172,502702_bpc,503002_bpc,12.5,7.5,5.0,37.0,0.8651876566095642
3142,16631,512802_bpc,512902_bpc,45.0,57.5,-12.5,-24.0,0.7944489486352801
11135,6950,503802_bpc,503202_bpc,68.75,75.5,-6.75,-27.0,0.9292173212941344
25561,14135,506502_bpc,506904_cec,26.25,16.25,10.0,-3.0,0.9066170033315571
6635,23622,503802_bpc,503202_bpc,64.0,69.5,-5.5,1.0,0.9330595897213277
29157,14485,508904_cec,509105_hec,21.25,26.25,-5.0,6.0,0.8452295721045238
1092,6293,502005_hec,509002_bpc,25.0,9.5,15.5,-6.0,0.6923454095148613
27144,12781,503101_mpc,503301_mpc,28.75,33.25,-4.5,-15.0,0.7820285040580435
843,5851,509301_mpc,508401_mpc,22.5,10.0,12.5,-21.0,0.9306108419366407
20185,5155,504202_bpc,506801_mpc,32.75,28.75,4.0,-19.0,0.7680010503646839
38015,26234,511902_bpc,512202_bpc,51.25,70.0,-18.75,18.442871,0.9195069031932007
32050,17684,502202_bpc,502505_hec,15.0,12.5,2.5,30.0,0.9064701539747754
37733,37207,513903_mec,514002_bpc,21.25,20.0,1.25,-28.0,0.9299053482523554
13294,9134,514201_mpc,511802_bpc,24.25,25.0,-0.75,-12.0,0.8570732194675873
937,3198,507602_bpc,507702_bpc,31.5,28.25,3.25,0.0,0.9398424323633779
30343,15047,509301_mpc,509201_mpc,6.25,22.5,-16.25,-22.0,0.9026402996241113
2537,27673,514901_mpc,514701_mpc,39.0,32.5,6.5,-8.0,0.8298856930731328
2641,15047,508701_mpc,509201_mpc,16.5,22.5,-6.0,20.0,0.953956487516325
17220,13454,504702_bpc,504701_mpc,34.0,26.25,7.75,-1.0,0.7892083790956581
17684,6507,502505_hec,506904_cec,12.5,10.0,2.5,-55.0,0.8961322590475013
25879,8396,502201_mpc,501802_bpc,63.0,57.5,5.5,0.0,0.9351538452862628
8427,11883,501601_mpc,502101_mpc,57.5,62.5,-5.0,19.0,0.9549124378974039
11835,5486,504503_mec,504701_mpc,49.0,48.25,0.75,2.0,0.9320964813834482
32435,11892,514702_bpc,514902_bpc,40.25,30.0,10.25,5.0,0.7266288583148504
1519,20694,507802_bpc,508002_bpc,27.0,23.75,3.25,6.0,0.960681676632333
3135,28530,505601_mpc,505701_mpc,80.25,92.5,-12.25,6.0,0.9884953387322316
17801,26734,507401_mpc,508201_mpc,43.75,38.75,5.0,15.0,0.8689133635363261
27857,7314,507201_mpc,506404_cec,10.75,16.5,-5.75,-37.0,0.9254467846906841
36306,25461,504702_bpc,513103_mec,76.25,100.0,-23.75,20.0,0.9301759068302438
13940,18166,504402_bpc,504701_mpc,35.25,31.25,4.0,23.0,0.7717276306092935
35442,16398,512901_mpc,512801_mpc,73.5,61.25,12.25,-3.0,0.9827433399568365
7020,27857,503904_cec,507201_mpc,12.5,10.75,1.75,43.0,0.8989744591984441
20402,34977,513704_cec,512201_mpc,59.0,77.25,-18.25,-14.0,0.8493293436877112
32538,27759,505801_mpc,505402_bpc,58.75,75.0,-16.25,-16.0,0.9505174903445284
38270,8849,503905_hec,502005_hec,20.0,10.0,10.0,17.0,0.9049492475596795
31507,17783,511202_bpc,511603_mec,8.75,23.75,-15.0,-33.0,0.9013891209098667
23400,10775,505701_mpc,505401_mpc,46.25,60.0,-13.75,-3.0,0.832881921613358
15033,4231,507601_mpc,508904_cec,33.75,27.5,6.25,-2.0,0.6730611067719787
28303,6025,505602_bpc,505102_bpc,30.5,35.0,-4.5,-26.0,0.834166134388842
23901,5251,504504_cec,506101_mpc,53.75,77.5,-23.75,-2.0,0.7780944406024332
23406,24311,504402_bpc,504701_mpc,62.5,59.25,3.25,-9.0,0.9650435249358049
15955,11328,511201_mpc,511303_mec,31.25,30.0,1.25,-8.0,0.7860536635173344
12155,1141,509001_mpc,509401_mpc,78.75,71.25,7.5,-12.0,0.9817039152697463
35799,19691,502201_mpc,502101_mpc,52.5,48.25,4.25,10.0,0.954151499594565
11819,3122,508102_bpc,507702_bpc,21.75,15.0,6.75,-25.0,0.9657998298489578
14380,2009,506002_bpc,505401_mpc,10.25,15.25,-5.0,1.0,0.9384435004985662
16288,24572,512601_mpc,512501_mpc,81.0,80.0,1.0,-3.0,0.9985505015195771
30622,17326,510101_mpc,512401_mpc,21.25,25.0,-3.75,12.0,0.9626837685810291
2159,10133,503302_bpc,503602_bpc,44.5,49.5,-5.0,13.0,0.7917491518837942
13377,18877,511604_cec,513904_cec,35.0,40.0,-5.0,12.0,0.6911782317922743
23457,597,503802_bpc,503801_mpc,64.75,58.75,6.0,-4.0,0.9002494467995515
37934,35370,506802_bpc,507202_bpc,55.0,60.0,-5.0,-7.0,0.8918402172740806
19322,1183,506701_mpc,507201_mpc,17.5,22.75,-5.25,-13.0,0.8463341644685625
4479,25896,503102_bpc,504002_bpc,26.25,18.75,7.5,-12.0,0.91759372241775
18375,20150,501602_bpc,501802_bpc,27.75,22.75,5.0,-1.0,0.896169693209952
12115,37129,507302_bpc,507201_mpc,51.5,74.0,-22.5,1.0,0.8533748332666206
21638,16404,508502_bpc,509201_mpc,31.5,32.5,-1.0,-24.0,0.821365103128769
857,16729,512702_bpc,512701_mpc,20.0,11.0,9.0,-7.0,0.9241765579546926
30530,11135,503301_mpc,503802_bpc,62.5,68.75,-6.25,21.0,0.9009679010925504
3498,35530,505402_bpc,505401_mpc,27.5,31.25,-3.75,-14.0,0.8996512192650844
26945,937,508201_mpc,507602_bpc,35.0,31.5,3.5,5.0,0.7952747700097047
10516,21727,505601_mpc,505901_mpc,65.0,65.75,-0.75,-25.0,0.9674204703649706
14102,22338,508701_mpc,508301_mpc,31.25,31.5,-0.25,31.0,0.9227837641061329
31992,5414,513201_mpc,513503_mec,63.75,83.5,-19.75,-7.0,0.9010948228541928
15520,1559,508903_mec,505601_mpc,68.75,103.0,-34.25,-14.0,0.9110996441302646
20181,36037,506904_cec,504904_cec,26.25,25.0,1.25,-1.0,0.8264203208106276
22795,1213,508904_cec,508802_bpc,25.0,11.0,14.0,-43.0,0.882590070731513
30902,32497,512201_mpc,510101_mpc,52.75,65.25,-12.5,-9.442871,0.9206659559824516
37427,33375,509105_hec,508801_mpc,18.75,16.25,2.5,-6.0,0.9148565574784453
22131,445,512902_bpc,513104_cec,26.25,12.5,13.75,10.0,0.8692369593930644
5205,3735,505301_mpc,505101_mpc,15.0,10.0,5.0,-43.0,0.9204051901522872
4325,20051,502802_bpc,502702_bpc,26.25,25.0,1.25,-18.0,0.9634689321544455
31626,21054,508701_mpc,509301_mpc,40.0,38.75,1.25,-9.0,0.8003595418607866
4819,37340,506302_bpc,506102_bpc,58.75,55.25,3.5,0.0,0.985394171157031
22791,7164,503602_bpc,503904_cec,26.25,23.0,3.25,2.0,0.7974555134511876
7810,7666,502101_mpc,501502_bpc,30.0,29.25,0.75,-1.0,0.9058834579051354
2434,17684,502801_mpc,502505_hec,25.0,12.5,12.5,40.0,0.7942002606030422
19064,1958,504202_bpc,503904_cec,21.5,11.5,10.0,21.0,0.8587430372762368
31048,30308,514001_mpc,514202_bpc,43.5,44.25,-0.75,-10.0,0.5922640053339615
16937,7408,514802_bpc,512702_bpc,35.75,38.75,-3.0,4.0,0.6533191496195461
6398,22722,505204_cec,505901_mpc,30.5,29.0,1.5,-13.0,0.8274388041091415
10748,38731,509301_mpc,508801_mpc,29.75,32.5,-2.75,26.0,0.9036970972391191
36964,7453,507302_bpc,506802_bpc,55.0,67.25,-12.25,5.0,0.8415659682788037
2623,17428,513103_mec,513104_cec,27.5,13.0,14.5,25.0,0.7538044734846402
24426,8558,506404_cec,507201_mpc,21.25,1.75,19.5,6.0,0.8467393465013752
28014,30323,513601_mpc,511801_mpc,23.75,7.75,16.0,0.0,0.8945058949362767
26970,5000,507401_mpc,507501_mpc,82.5,100.25,-17.75,-8.0,0.9938610783458581
13414,298,508401_mpc,515001_mpc,47.5,44.75,2.75,-17.0,0.8325783382526979
5820,38975,507201_mpc,507001_mpc,28.75,26.25,2.5,18.0,0.792711109837362
12428,30794,505802_bpc,505302_bpc,47.25,42.5,4.75,13.0,0.8733793024528027
2734,2273,507601_mpc,507801_mpc,21.0,9.0,12.0,21.0,0.9454251308195012
4827,28661,514601_mpc,514801_mpc,32.25,31.75,0.5,16.0,0.9920746437577831
24963,31377,511303_mec,511603_mec,13.75,14.0,-0.25,7.0,0.9464647422953525
30095,11476,505902_bpc,505802_bpc,-1.75,7.5,-9.25,16.0,0.9819717290942701
7820,22744,501502_bpc,502005_hec,17.5,8.0,9.5,23.0,0.9538547421909955
20494,973,504401_mpc,504903_mec,75.0,59.0,16.0,2.0,0.9562040844150601
16274,6015,506001_mpc,505901_mpc,31.5,23.75,7.75,-38.0,0.8191204213970236
5095,13648,508702_bpc,508502_bpc,31.25,28.75,2.5,-10.0,0.8805970326192251
32814,25073,504002_bpc,503802_bpc,33.75,35.0,-1.25,-37.0,0.7853638528321094
6433,14730,513104_cec,513504_cec,35.0,28.75,6.25,-20.0,0.7496710146704942
30765,9997,508904_cec,506502_bpc,15.0,19.25,-4.25,-17.0,0.8607653394025944
5200,34311,514701_mpc,514601_mpc,48.5,55.0,-6.5,11.0,0.9541357956509375
24376,32466,504401_mpc,504402_bpc,44.25,63.75,-19.5,-3.0,0.7704898421635982
26762,24091,512201_mpc,510101_mpc,32.5,31.25,1.25,0.0,0.9090953873114589
12412,7054,514701_mpc,514801_mpc,48.25,55.0,-6.75,3.0,0.9625280393516099
22182,5732,508302_bpc,509104_cec,22.5,21.25,1.25,-35.0,0.8235726603562535
19451,23016,502801_mpc,503001_mpc,89.25,64.5,24.75,2.0,0.9707639760856893
23287,7089,508801_mpc,508302_bpc,32.75,34.0,-1.25,6.0,0.8384472341525663
19452,16996,508502_bpc,509502_bpc,31.25,28.0,3.25,-9.0,0.9607763165177895
19162,14515,505702_bpc,505701_mpc,40.0,40.0,0.0,-2.0,0.8292212369432793
4074,4983,507701_mpc,507904_cec,15.0,10.25,4.75,-6.0,0.9577595348126223
12851,7054,514902_bpc,514801_mpc,43.75,55.0,-11.25,10.0,0.8234326398172093
35370,14523,507202_bpc,507002_bpc,60.0,50.75,9.25,11.0,0.8799831016921905
25655,8577,502701_mpc,507001_mpc,28.5,22.5,6.0,4.0,0.875788698436919
26997,39223,504002_bpc,503602_bpc,45.0,52.5,-7.5,-6.0,0.846679399376882
18555,23581,505401_mpc,506002_bpc,75.25,75.0,0.25,3.0,0.9645728511569249
14912,18473,502504_cec,502801_mpc,45.0,54.0,-9.0,8.0,0.8576916565561341
4399,27801,514301_mpc,514401_mpc,46.0,45.0,1.0,-18.0,0.9629207550175658
28528,18914,514401_mpc,514502_bpc,47.5,45.0,2.5,8.0,0.7836853439850886
12521,6096,501903_mec,506201_mpc,37.0,45.0,-8.0,9.0,0.35508077330139387
23719,38505,511801_mpc,514401_mpc,75.0,86.75,-11.75,-14.0,0.9321694451406568
4381,6396,507402_bpc,507802_bpc,23.0,26.75,-3.75,-9.0,0.9755070099035195
21830,32202,513503_mec,512104_cec,20.5,15.0,5.5,21.0,0.9326643878023166
20768,3460,506502_bpc,507201_mpc,26.0,23.75,2.25,-3.0,0.9046225934560791
6113,4819,506202_bpc,506302_bpc,65.5,58.75,6.75,-50.0,0.9870538540742015
7277,22251,504903_mec,504701_mpc,30.0,30.0,0.0,1.0,0.7987971578902784
23232,29966,514202_bpc,511402_bpc,8.75,8.75,0.0,-28.0,0.9167008004860425
2814,4363,503802_bpc,504002_bpc,38.5,35.0,3.5,24.0,0.8367844578690269
16775,14471,511801_mpc,511701_mpc,22.75,27.75,-5.0,6.0,0.8463136267874298
32472,30343,504002_bpc,509301_mpc,4.25,6.25,-2.0,9.0,0.9322902745631994
30914,16803,511801_mpc,511702_bpc,43.75,38.25,5.5,28.0,0.6381610540813615
29547,33296,513404_cec,513904_cec,26.75,17.5,9.25,-20.0,0.8268678770420557
